scenario,source,horizon_weeks,raw_cumulative_response,raw_robust_se,regularized_cumulative_response
low,full_sample_h0_held_constant,0,0.0014761240249103736,0.007772297384639877,0.0014761240249103736
low,full_sample_h0_held_constant,1,0.0014761240249103736,0.007772297384639877,0.0014761240249103736
low,full_sample_h0_held_constant,4,0.0014761240249103736,0.007772297384639877,0.0014761240249103736
low,full_sample_h0_held_constant,13,0.0014761240249103736,0.007772297384639877,0.0014761240249103736
base,endpoint_2025-12-31,0,0.010611593314620792,0.009270403978774945,0.005442504829121352
base,endpoint_2025-12-31,1,-0.0021661750599385214,0.011247249598616891,0.005442504829121352
base,endpoint_2025-12-31,4,0.008612281746559793,0.012372058694992208,0.008612281746559793
base,endpoint_2025-12-31,13,0.03109948107060024,0.02607935850970073,0.03109948107060024
high,full_sample_all_horizons,0,0.0014761240249103736,0.007772297384639877,0.0
high,full_sample_all_horizons,1,-0.014711443040001458,0.011090138773072331,0.0
high,full_sample_all_horizons,4,0.0028265258604400437,0.025023323461173193,0.0016353727285368445
high,full_sample_all_horizons,13,-0.0009090224475962272,0.03657240101057942,0.0016353727285368445
