query_id,window,baseline_mean,window_mean,log_change
cobrand_ducati,post_announcement_pre_world_cup,20.541285942028985,31.272990019607846,0.4042592879632374
cobrand_ducati,world_cup_tournament,20.541285942028985,48.704924999999996,0.8361326526271411
cobrand_ducati,after_the_final,20.541285942028985,26.06146111111111,0.22813924638856978
cobrand_f1,post_announcement_pre_world_cup,11.529711602564102,34.070230470588236,1.029249883773029
cobrand_f1,world_cup_tournament,11.529711602564102,37.5,1.122555489205786
cobrand_f1,after_the_final,11.529711602564102,31.333333333333332,0.9479959377473204
cobrand_fifa,post_announcement_pre_world_cup,0.6210334057971015,4.225960987654321,1.170574851339105
cobrand_fifa,world_cup_tournament,0.6210334057971015,76.83333333333333,3.8715059377583145
cobrand_fifa,after_the_final,0.6210334057971015,9.333333333333334,1.8523110651345092
cobrand_motogp,post_announcement_pre_world_cup,23.688443333333332,41.62929242424242,0.5462063796668
cobrand_motogp,world_cup_tournament,23.688443333333332,58.5,0.8796410596497999
cobrand_motogp,after_the_final,23.688443333333332,32.0,0.29017230856469606
