event_id,event_type,event_timestamp_utc,property_id,source,status,match_number,stage,home_team,away_team,stadium,host_country
fwc26_match_001,match,2026-06-11 19:00:00+00:00,fwc,https://api.fifa.com/api/v3/calendar/matches?idCompetition=17&idSeason=285023&from=2026-06-01T00%3A00%3A00Z&to=2026-07-31T23%3A59%3A59Z&language=en&count=200,official_fifa_api_snapshot,1,First Stage,MEX,RSA,Mexico City Stadium,MEX
fwc26_match_002,match,2026-06-12 02:00:00+00:00,fwc,https://api.fifa.com/api/v3/calendar/matches?idCompetition=17&idSeason=285023&from=2026-06-01T00%3A00%3A00Z&to=2026-07-31T23%3A59%3A59Z&language=en&count=200,official_fifa_api_snapshot,2,First Stage,KOR,CZE,Guadalajara Stadium,MEX
fwc26_match_003,match,2026-06-12 19:00:00+00:00,fwc,https://api.fifa.com/api/v3/calendar/matches?idCompetition=17&idSeason=285023&from=2026-06-01T00%3A00%3A00Z&to=2026-07-31T23%3A59%3A59Z&language=en&count=200,official_fifa_api_snapshot,3,First Stage,CAN,BIH,Toronto Stadium,CAN
fwc26_match_004,match,2026-06-13 01:00:00+00:00,fwc,https://api.fifa.com/api/v3/calendar/matches?idCompetition=17&idSeason=285023&from=2026-06-01T00%3A00%3A00Z&to=2026-07-31T23%3A59%3A59Z&language=en&count=200,official_fifa_api_snapshot,4,First Stage,USA,PAR,Los Angeles Stadium,USA
fwc26_match_008,match,2026-06-13 19:00:00+00:00,fwc,https://api.fifa.com/api/v3/calendar/matches?idCompetition=17&idSeason=285023&from=2026-06-01T00%3A00%3A00Z&to=2026-07-31T23%3A59%3A59Z&language=en&count=200,official_fifa_api_snapshot,8,First Stage,QAT,SUI,San Francisco Bay Area Stadium,USA
fwc26_match_007,match,2026-06-13 22:00:00+00:00,fwc,https://api.fifa.com/api/v3/calendar/matches?idCompetition=17&idSeason=285023&from=2026-06-01T00%3A00%3A00Z&to=2026-07-31T23%3A59%3A59Z&language=en&count=200,official_fifa_api_snapshot,7,First Stage,BRA,MAR,New York/New Jersey Stadium,USA
fwc26_match_005,match,2026-06-14 01:00:00+00:00,fwc,https://api.fifa.com/api/v3/calendar/matches?idCompetition=17&idSeason=285023&from=2026-06-01T00%3A00%3A00Z&to=2026-07-31T23%3A59%3A59Z&language=en&count=200,official_fifa_api_snapshot,5,First Stage,HAI,SCO,Boston Stadium,USA
fwc26_match_006,match,2026-06-14 04:00:00+00:00,fwc,https://api.fifa.com/api/v3/calendar/matches?idCompetition=17&idSeason=285023&from=2026-06-01T00%3A00%3A00Z&to=2026-07-31T23%3A59%3A59Z&language=en&count=200,official_fifa_api_snapshot,6,First Stage,AUS,TUR,BC Place Vancouver,CAN
fwc26_match_010,match,2026-06-14 17:00:00+00:00,fwc,https://api.fifa.com/api/v3/calendar/matches?idCompetition=17&idSeason=285023&from=2026-06-01T00%3A00%3A00Z&to=2026-07-31T23%3A59%3A59Z&language=en&count=200,official_fifa_api_snapshot,10,First Stage,GER,CUW,Houston Stadium,USA
fwc26_match_011,match,2026-06-14 20:00:00+00:00,fwc,https://api.fifa.com/api/v3/calendar/matches?idCompetition=17&idSeason=285023&from=2026-06-01T00%3A00%3A00Z&to=2026-07-31T23%3A59%3A59Z&language=en&count=200,official_fifa_api_snapshot,11,First Stage,NED,JPN,Dallas Stadium,USA
fwc26_match_009,match,2026-06-14 23:00:00+00:00,fwc,https://api.fifa.com/api/v3/calendar/matches?idCompetition=17&idSeason=285023&from=2026-06-01T00%3A00%3A00Z&to=2026-07-31T23%3A59%3A59Z&language=en&count=200,official_fifa_api_snapshot,9,First Stage,CIV,ECU,Philadelphia Stadium,USA
fwc26_match_012,match,2026-06-15 02:00:00+00:00,fwc,https://api.fifa.com/api/v3/calendar/matches?idCompetition=17&idSeason=285023&from=2026-06-01T00%3A00%3A00Z&to=2026-07-31T23%3A59%3A59Z&language=en&count=200,official_fifa_api_snapshot,12,First Stage,SWE,TUN,Monterrey Stadium,MEX
fwc26_match_014,match,2026-06-15 16:00:00+00:00,fwc,https://api.fifa.com/api/v3/calendar/matches?idCompetition=17&idSeason=285023&from=2026-06-01T00%3A00%3A00Z&to=2026-07-31T23%3A59%3A59Z&language=en&count=200,official_fifa_api_snapshot,14,First Stage,ESP,CPV,Atlanta Stadium,USA
fwc26_match_016,match,2026-06-15 19:00:00+00:00,fwc,https://api.fifa.com/api/v3/calendar/matches?idCompetition=17&idSeason=285023&from=2026-06-01T00%3A00%3A00Z&to=2026-07-31T23%3A59%3A59Z&language=en&count=200,official_fifa_api_snapshot,16,First Stage,BEL,EGY,Seattle Stadium,USA
fwc26_match_013,match,2026-06-15 22:00:00+00:00,fwc,https://api.fifa.com/api/v3/calendar/matches?idCompetition=17&idSeason=285023&from=2026-06-01T00%3A00%3A00Z&to=2026-07-31T23%3A59%3A59Z&language=en&count=200,official_fifa_api_snapshot,13,First Stage,KSA,URU,Miami Stadium,USA
fwc26_match_015,match,2026-06-16 01:00:00+00:00,fwc,https://api.fifa.com/api/v3/calendar/matches?idCompetition=17&idSeason=285023&from=2026-06-01T00%3A00%3A00Z&to=2026-07-31T23%3A59%3A59Z&language=en&count=200,official_fifa_api_snapshot,15,First Stage,IRN,NZL,Los Angeles Stadium,USA
fwc26_match_017,match,2026-06-16 19:00:00+00:00,fwc,https://api.fifa.com/api/v3/calendar/matches?idCompetition=17&idSeason=285023&from=2026-06-01T00%3A00%3A00Z&to=2026-07-31T23%3A59%3A59Z&language=en&count=200,official_fifa_api_snapshot,17,First Stage,FRA,SEN,New York/New Jersey Stadium,USA
fwc26_match_018,match,2026-06-16 22:00:00+00:00,fwc,https://api.fifa.com/api/v3/calendar/matches?idCompetition=17&idSeason=285023&from=2026-06-01T00%3A00%3A00Z&to=2026-07-31T23%3A59%3A59Z&language=en&count=200,official_fifa_api_snapshot,18,First Stage,IRQ,NOR,Boston Stadium,USA
fwc26_match_019,match,2026-06-17 01:00:00+00:00,fwc,https://api.fifa.com/api/v3/calendar/matches?idCompetition=17&idSeason=285023&from=2026-06-01T00%3A00%3A00Z&to=2026-07-31T23%3A59%3A59Z&language=en&count=200,official_fifa_api_snapshot,19,First Stage,ARG,ALG,Kansas City Stadium,USA
fwc26_match_020,match,2026-06-17 04:00:00+00:00,fwc,https://api.fifa.com/api/v3/calendar/matches?idCompetition=17&idSeason=285023&from=2026-06-01T00%3A00%3A00Z&to=2026-07-31T23%3A59%3A59Z&language=en&count=200,official_fifa_api_snapshot,20,First Stage,AUT,JOR,San Francisco Bay Area Stadium,USA
fwc26_match_023,match,2026-06-17 17:00:00+00:00,fwc,https://api.fifa.com/api/v3/calendar/matches?idCompetition=17&idSeason=285023&from=2026-06-01T00%3A00%3A00Z&to=2026-07-31T23%3A59%3A59Z&language=en&count=200,official_fifa_api_snapshot,23,First Stage,POR,COD,Houston Stadium,USA
fwc26_match_022,match,2026-06-17 20:00:00+00:00,fwc,https://api.fifa.com/api/v3/calendar/matches?idCompetition=17&idSeason=285023&from=2026-06-01T00%3A00%3A00Z&to=2026-07-31T23%3A59%3A59Z&language=en&count=200,official_fifa_api_snapshot,22,First Stage,ENG,CRO,Dallas Stadium,USA
fwc26_match_021,match,2026-06-17 23:00:00+00:00,fwc,https://api.fifa.com/api/v3/calendar/matches?idCompetition=17&idSeason=285023&from=2026-06-01T00%3A00%3A00Z&to=2026-07-31T23%3A59%3A59Z&language=en&count=200,official_fifa_api_snapshot,21,First Stage,GHA,PAN,Toronto Stadium,CAN
fwc26_match_024,match,2026-06-18 02:00:00+00:00,fwc,https://api.fifa.com/api/v3/calendar/matches?idCompetition=17&idSeason=285023&from=2026-06-01T00%3A00%3A00Z&to=2026-07-31T23%3A59%3A59Z&language=en&count=200,official_fifa_api_snapshot,24,First Stage,UZB,COL,Mexico City Stadium,MEX
fwc26_match_025,match,2026-06-18 16:00:00+00:00,fwc,https://api.fifa.com/api/v3/calendar/matches?idCompetition=17&idSeason=285023&from=2026-06-01T00%3A00%3A00Z&to=2026-07-31T23%3A59%3A59Z&language=en&count=200,official_fifa_api_snapshot,25,First Stage,CZE,RSA,Atlanta Stadium,USA
fwc26_match_026,match,2026-06-18 19:00:00+00:00,fwc,https://api.fifa.com/api/v3/calendar/matches?idCompetition=17&idSeason=285023&from=2026-06-01T00%3A00%3A00Z&to=2026-07-31T23%3A59%3A59Z&language=en&count=200,official_fifa_api_snapshot,26,First Stage,SUI,BIH,Los Angeles Stadium,USA
fwc26_match_027,match,2026-06-18 22:00:00+00:00,fwc,https://api.fifa.com/api/v3/calendar/matches?idCompetition=17&idSeason=285023&from=2026-06-01T00%3A00%3A00Z&to=2026-07-31T23%3A59%3A59Z&language=en&count=200,official_fifa_api_snapshot,27,First Stage,CAN,QAT,BC Place Vancouver,CAN
fwc26_match_028,match,2026-06-19 01:00:00+00:00,fwc,https://api.fifa.com/api/v3/calendar/matches?idCompetition=17&idSeason=285023&from=2026-06-01T00%3A00%3A00Z&to=2026-07-31T23%3A59%3A59Z&language=en&count=200,official_fifa_api_snapshot,28,First Stage,MEX,KOR,Guadalajara Stadium,MEX
fwc26_match_032,match,2026-06-19 19:00:00+00:00,fwc,https://api.fifa.com/api/v3/calendar/matches?idCompetition=17&idSeason=285023&from=2026-06-01T00%3A00%3A00Z&to=2026-07-31T23%3A59%3A59Z&language=en&count=200,official_fifa_api_snapshot,32,First Stage,USA,AUS,Seattle Stadium,USA
fwc26_match_030,match,2026-06-19 22:00:00+00:00,fwc,https://api.fifa.com/api/v3/calendar/matches?idCompetition=17&idSeason=285023&from=2026-06-01T00%3A00%3A00Z&to=2026-07-31T23%3A59%3A59Z&language=en&count=200,official_fifa_api_snapshot,30,First Stage,SCO,MAR,Boston Stadium,USA
fwc26_match_029,match,2026-06-20 00:30:00+00:00,fwc,https://api.fifa.com/api/v3/calendar/matches?idCompetition=17&idSeason=285023&from=2026-06-01T00%3A00%3A00Z&to=2026-07-31T23%3A59%3A59Z&language=en&count=200,official_fifa_api_snapshot,29,First Stage,BRA,HAI,Philadelphia Stadium,USA
fwc26_match_031,match,2026-06-20 03:00:00+00:00,fwc,https://api.fifa.com/api/v3/calendar/matches?idCompetition=17&idSeason=285023&from=2026-06-01T00%3A00%3A00Z&to=2026-07-31T23%3A59%3A59Z&language=en&count=200,official_fifa_api_snapshot,31,First Stage,TUR,PAR,San Francisco Bay Area Stadium,USA
fwc26_match_035,match,2026-06-20 17:00:00+00:00,fwc,https://api.fifa.com/api/v3/calendar/matches?idCompetition=17&idSeason=285023&from=2026-06-01T00%3A00%3A00Z&to=2026-07-31T23%3A59%3A59Z&language=en&count=200,official_fifa_api_snapshot,35,First Stage,NED,SWE,Houston Stadium,USA
fwc26_match_033,match,2026-06-20 20:00:00+00:00,fwc,https://api.fifa.com/api/v3/calendar/matches?idCompetition=17&idSeason=285023&from=2026-06-01T00%3A00%3A00Z&to=2026-07-31T23%3A59%3A59Z&language=en&count=200,official_fifa_api_snapshot,33,First Stage,GER,CIV,Toronto Stadium,CAN
fwc26_match_034,match,2026-06-21 00:00:00+00:00,fwc,https://api.fifa.com/api/v3/calendar/matches?idCompetition=17&idSeason=285023&from=2026-06-01T00%3A00%3A00Z&to=2026-07-31T23%3A59%3A59Z&language=en&count=200,official_fifa_api_snapshot,34,First Stage,ECU,CUW,Kansas City Stadium,USA
fwc26_match_036,match,2026-06-21 04:00:00+00:00,fwc,https://api.fifa.com/api/v3/calendar/matches?idCompetition=17&idSeason=285023&from=2026-06-01T00%3A00%3A00Z&to=2026-07-31T23%3A59%3A59Z&language=en&count=200,official_fifa_api_snapshot,36,First Stage,TUN,JPN,Monterrey Stadium,MEX
fwc26_match_038,match,2026-06-21 16:00:00+00:00,fwc,https://api.fifa.com/api/v3/calendar/matches?idCompetition=17&idSeason=285023&from=2026-06-01T00%3A00%3A00Z&to=2026-07-31T23%3A59%3A59Z&language=en&count=200,official_fifa_api_snapshot,38,First Stage,ESP,KSA,Atlanta Stadium,USA
fwc26_match_039,match,2026-06-21 19:00:00+00:00,fwc,https://api.fifa.com/api/v3/calendar/matches?idCompetition=17&idSeason=285023&from=2026-06-01T00%3A00%3A00Z&to=2026-07-31T23%3A59%3A59Z&language=en&count=200,official_fifa_api_snapshot,39,First Stage,BEL,IRN,Los Angeles Stadium,USA
fwc26_match_037,match,2026-06-21 22:00:00+00:00,fwc,https://api.fifa.com/api/v3/calendar/matches?idCompetition=17&idSeason=285023&from=2026-06-01T00%3A00%3A00Z&to=2026-07-31T23%3A59%3A59Z&language=en&count=200,official_fifa_api_snapshot,37,First Stage,URU,CPV,Miami Stadium,USA
fwc26_match_040,match,2026-06-22 01:00:00+00:00,fwc,https://api.fifa.com/api/v3/calendar/matches?idCompetition=17&idSeason=285023&from=2026-06-01T00%3A00%3A00Z&to=2026-07-31T23%3A59%3A59Z&language=en&count=200,official_fifa_api_snapshot,40,First Stage,NZL,EGY,BC Place Vancouver,CAN
fwc26_match_043,match,2026-06-22 17:00:00+00:00,fwc,https://api.fifa.com/api/v3/calendar/matches?idCompetition=17&idSeason=285023&from=2026-06-01T00%3A00%3A00Z&to=2026-07-31T23%3A59%3A59Z&language=en&count=200,official_fifa_api_snapshot,43,First Stage,ARG,AUT,Dallas Stadium,USA
fwc26_match_042,match,2026-06-22 21:00:00+00:00,fwc,https://api.fifa.com/api/v3/calendar/matches?idCompetition=17&idSeason=285023&from=2026-06-01T00%3A00%3A00Z&to=2026-07-31T23%3A59%3A59Z&language=en&count=200,official_fifa_api_snapshot,42,First Stage,FRA,IRQ,Philadelphia Stadium,USA
fwc26_match_041,match,2026-06-23 00:00:00+00:00,fwc,https://api.fifa.com/api/v3/calendar/matches?idCompetition=17&idSeason=285023&from=2026-06-01T00%3A00%3A00Z&to=2026-07-31T23%3A59%3A59Z&language=en&count=200,official_fifa_api_snapshot,41,First Stage,NOR,SEN,New York/New Jersey Stadium,USA
fwc26_match_044,match,2026-06-23 03:00:00+00:00,fwc,https://api.fifa.com/api/v3/calendar/matches?idCompetition=17&idSeason=285023&from=2026-06-01T00%3A00%3A00Z&to=2026-07-31T23%3A59%3A59Z&language=en&count=200,official_fifa_api_snapshot,44,First Stage,JOR,ALG,San Francisco Bay Area Stadium,USA
fwc26_match_047,match,2026-06-23 17:00:00+00:00,fwc,https://api.fifa.com/api/v3/calendar/matches?idCompetition=17&idSeason=285023&from=2026-06-01T00%3A00%3A00Z&to=2026-07-31T23%3A59%3A59Z&language=en&count=200,official_fifa_api_snapshot,47,First Stage,POR,UZB,Houston Stadium,USA
fwc26_match_045,match,2026-06-23 20:00:00+00:00,fwc,https://api.fifa.com/api/v3/calendar/matches?idCompetition=17&idSeason=285023&from=2026-06-01T00%3A00%3A00Z&to=2026-07-31T23%3A59%3A59Z&language=en&count=200,official_fifa_api_snapshot,45,First Stage,ENG,GHA,Boston Stadium,USA
fwc26_match_046,match,2026-06-23 23:00:00+00:00,fwc,https://api.fifa.com/api/v3/calendar/matches?idCompetition=17&idSeason=285023&from=2026-06-01T00%3A00%3A00Z&to=2026-07-31T23%3A59%3A59Z&language=en&count=200,official_fifa_api_snapshot,46,First Stage,PAN,CRO,Toronto Stadium,CAN
fwc26_match_048,match,2026-06-24 02:00:00+00:00,fwc,https://api.fifa.com/api/v3/calendar/matches?idCompetition=17&idSeason=285023&from=2026-06-01T00%3A00%3A00Z&to=2026-07-31T23%3A59%3A59Z&language=en&count=200,official_fifa_api_snapshot,48,First Stage,COL,COD,Guadalajara Stadium,MEX
fwc26_match_051,match,2026-06-24 19:00:00+00:00,fwc,https://api.fifa.com/api/v3/calendar/matches?idCompetition=17&idSeason=285023&from=2026-06-01T00%3A00%3A00Z&to=2026-07-31T23%3A59%3A59Z&language=en&count=200,official_fifa_api_snapshot,51,First Stage,SUI,CAN,BC Place Vancouver,CAN
fwc26_match_052,match,2026-06-24 19:00:00+00:00,fwc,https://api.fifa.com/api/v3/calendar/matches?idCompetition=17&idSeason=285023&from=2026-06-01T00%3A00%3A00Z&to=2026-07-31T23%3A59%3A59Z&language=en&count=200,official_fifa_api_snapshot,52,First Stage,BIH,QAT,Seattle Stadium,USA
fwc26_match_049,match,2026-06-24 22:00:00+00:00,fwc,https://api.fifa.com/api/v3/calendar/matches?idCompetition=17&idSeason=285023&from=2026-06-01T00%3A00%3A00Z&to=2026-07-31T23%3A59%3A59Z&language=en&count=200,official_fifa_api_snapshot,49,First Stage,SCO,BRA,Miami Stadium,USA
fwc26_match_050,match,2026-06-24 22:00:00+00:00,fwc,https://api.fifa.com/api/v3/calendar/matches?idCompetition=17&idSeason=285023&from=2026-06-01T00%3A00%3A00Z&to=2026-07-31T23%3A59%3A59Z&language=en&count=200,official_fifa_api_snapshot,50,First Stage,MAR,HAI,Atlanta Stadium,USA
fwc26_match_053,match,2026-06-25 01:00:00+00:00,fwc,https://api.fifa.com/api/v3/calendar/matches?idCompetition=17&idSeason=285023&from=2026-06-01T00%3A00%3A00Z&to=2026-07-31T23%3A59%3A59Z&language=en&count=200,official_fifa_api_snapshot,53,First Stage,CZE,MEX,Mexico City Stadium,MEX
fwc26_match_054,match,2026-06-25 01:00:00+00:00,fwc,https://api.fifa.com/api/v3/calendar/matches?idCompetition=17&idSeason=285023&from=2026-06-01T00%3A00%3A00Z&to=2026-07-31T23%3A59%3A59Z&language=en&count=200,official_fifa_api_snapshot,54,First Stage,RSA,KOR,Monterrey Stadium,MEX
fwc26_match_055,match,2026-06-25 20:00:00+00:00,fwc,https://api.fifa.com/api/v3/calendar/matches?idCompetition=17&idSeason=285023&from=2026-06-01T00%3A00%3A00Z&to=2026-07-31T23%3A59%3A59Z&language=en&count=200,official_fifa_api_snapshot,55,First Stage,CUW,CIV,Philadelphia Stadium,USA
fwc26_match_056,match,2026-06-25 20:00:00+00:00,fwc,https://api.fifa.com/api/v3/calendar/matches?idCompetition=17&idSeason=285023&from=2026-06-01T00%3A00%3A00Z&to=2026-07-31T23%3A59%3A59Z&language=en&count=200,official_fifa_api_snapshot,56,First Stage,ECU,GER,New York/New Jersey Stadium,USA
fwc26_match_057,match,2026-06-25 23:00:00+00:00,fwc,https://api.fifa.com/api/v3/calendar/matches?idCompetition=17&idSeason=285023&from=2026-06-01T00%3A00%3A00Z&to=2026-07-31T23%3A59%3A59Z&language=en&count=200,official_fifa_api_snapshot,57,First Stage,JPN,SWE,Dallas Stadium,USA
fwc26_match_058,match,2026-06-25 23:00:00+00:00,fwc,https://api.fifa.com/api/v3/calendar/matches?idCompetition=17&idSeason=285023&from=2026-06-01T00%3A00%3A00Z&to=2026-07-31T23%3A59%3A59Z&language=en&count=200,official_fifa_api_snapshot,58,First Stage,TUN,NED,Kansas City Stadium,USA
fwc26_match_059,match,2026-06-26 02:00:00+00:00,fwc,https://api.fifa.com/api/v3/calendar/matches?idCompetition=17&idSeason=285023&from=2026-06-01T00%3A00%3A00Z&to=2026-07-31T23%3A59%3A59Z&language=en&count=200,official_fifa_api_snapshot,59,First Stage,TUR,USA,Los Angeles Stadium,USA
fwc26_match_060,match,2026-06-26 02:00:00+00:00,fwc,https://api.fifa.com/api/v3/calendar/matches?idCompetition=17&idSeason=285023&from=2026-06-01T00%3A00%3A00Z&to=2026-07-31T23%3A59%3A59Z&language=en&count=200,official_fifa_api_snapshot,60,First Stage,PAR,AUS,San Francisco Bay Area Stadium,USA
fwc26_match_061,match,2026-06-26 19:00:00+00:00,fwc,https://api.fifa.com/api/v3/calendar/matches?idCompetition=17&idSeason=285023&from=2026-06-01T00%3A00%3A00Z&to=2026-07-31T23%3A59%3A59Z&language=en&count=200,official_fifa_api_snapshot,61,First Stage,NOR,FRA,Boston Stadium,USA
fwc26_match_062,match,2026-06-26 19:00:00+00:00,fwc,https://api.fifa.com/api/v3/calendar/matches?idCompetition=17&idSeason=285023&from=2026-06-01T00%3A00%3A00Z&to=2026-07-31T23%3A59%3A59Z&language=en&count=200,official_fifa_api_snapshot,62,First Stage,SEN,IRQ,Toronto Stadium,CAN
fwc26_match_065,match,2026-06-27 00:00:00+00:00,fwc,https://api.fifa.com/api/v3/calendar/matches?idCompetition=17&idSeason=285023&from=2026-06-01T00%3A00%3A00Z&to=2026-07-31T23%3A59%3A59Z&language=en&count=200,official_fifa_api_snapshot,65,First Stage,CPV,KSA,Houston Stadium,USA
fwc26_match_066,match,2026-06-27 00:00:00+00:00,fwc,https://api.fifa.com/api/v3/calendar/matches?idCompetition=17&idSeason=285023&from=2026-06-01T00%3A00%3A00Z&to=2026-07-31T23%3A59%3A59Z&language=en&count=200,official_fifa_api_snapshot,66,First Stage,URU,ESP,Guadalajara Stadium,MEX
fwc26_match_063,match,2026-06-27 03:00:00+00:00,fwc,https://api.fifa.com/api/v3/calendar/matches?idCompetition=17&idSeason=285023&from=2026-06-01T00%3A00%3A00Z&to=2026-07-31T23%3A59%3A59Z&language=en&count=200,official_fifa_api_snapshot,63,First Stage,EGY,IRN,Seattle Stadium,USA
fwc26_match_064,match,2026-06-27 03:00:00+00:00,fwc,https://api.fifa.com/api/v3/calendar/matches?idCompetition=17&idSeason=285023&from=2026-06-01T00%3A00%3A00Z&to=2026-07-31T23%3A59%3A59Z&language=en&count=200,official_fifa_api_snapshot,64,First Stage,NZL,BEL,BC Place Vancouver,CAN
fwc26_match_067,match,2026-06-27 21:00:00+00:00,fwc,https://api.fifa.com/api/v3/calendar/matches?idCompetition=17&idSeason=285023&from=2026-06-01T00%3A00%3A00Z&to=2026-07-31T23%3A59%3A59Z&language=en&count=200,official_fifa_api_snapshot,67,First Stage,PAN,ENG,New York/New Jersey Stadium,USA
fwc26_match_068,match,2026-06-27 21:00:00+00:00,fwc,https://api.fifa.com/api/v3/calendar/matches?idCompetition=17&idSeason=285023&from=2026-06-01T00%3A00%3A00Z&to=2026-07-31T23%3A59%3A59Z&language=en&count=200,official_fifa_api_snapshot,68,First Stage,CRO,GHA,Philadelphia Stadium,USA
fwc26_match_071,match,2026-06-27 23:30:00+00:00,fwc,https://api.fifa.com/api/v3/calendar/matches?idCompetition=17&idSeason=285023&from=2026-06-01T00%3A00%3A00Z&to=2026-07-31T23%3A59%3A59Z&language=en&count=200,official_fifa_api_snapshot,71,First Stage,COL,POR,Miami Stadium,USA
fwc26_match_072,match,2026-06-27 23:30:00+00:00,fwc,https://api.fifa.com/api/v3/calendar/matches?idCompetition=17&idSeason=285023&from=2026-06-01T00%3A00%3A00Z&to=2026-07-31T23%3A59%3A59Z&language=en&count=200,official_fifa_api_snapshot,72,First Stage,COD,UZB,Atlanta Stadium,USA
fwc26_match_069,match,2026-06-28 02:00:00+00:00,fwc,https://api.fifa.com/api/v3/calendar/matches?idCompetition=17&idSeason=285023&from=2026-06-01T00%3A00%3A00Z&to=2026-07-31T23%3A59%3A59Z&language=en&count=200,official_fifa_api_snapshot,69,First Stage,ALG,AUT,Kansas City Stadium,USA
fwc26_match_070,match,2026-06-28 02:00:00+00:00,fwc,https://api.fifa.com/api/v3/calendar/matches?idCompetition=17&idSeason=285023&from=2026-06-01T00%3A00%3A00Z&to=2026-07-31T23%3A59%3A59Z&language=en&count=200,official_fifa_api_snapshot,70,First Stage,JOR,ARG,Dallas Stadium,USA
fwc26_match_073,match,2026-06-28 19:00:00+00:00,fwc,https://api.fifa.com/api/v3/calendar/matches?idCompetition=17&idSeason=285023&from=2026-06-01T00%3A00%3A00Z&to=2026-07-31T23%3A59%3A59Z&language=en&count=200,official_fifa_api_snapshot,73,Round of 32,RSA,CAN,Los Angeles Stadium,USA
fwc26_match_076,match,2026-06-29 17:00:00+00:00,fwc,https://api.fifa.com/api/v3/calendar/matches?idCompetition=17&idSeason=285023&from=2026-06-01T00%3A00%3A00Z&to=2026-07-31T23%3A59%3A59Z&language=en&count=200,official_fifa_api_snapshot,76,Round of 32,BRA,JPN,Houston Stadium,USA
fwc26_match_074,match,2026-06-29 20:30:00+00:00,fwc,https://api.fifa.com/api/v3/calendar/matches?idCompetition=17&idSeason=285023&from=2026-06-01T00%3A00%3A00Z&to=2026-07-31T23%3A59%3A59Z&language=en&count=200,official_fifa_api_snapshot,74,Round of 32,GER,PAR,Boston Stadium,USA
fwc26_match_075,match,2026-06-30 01:00:00+00:00,fwc,https://api.fifa.com/api/v3/calendar/matches?idCompetition=17&idSeason=285023&from=2026-06-01T00%3A00%3A00Z&to=2026-07-31T23%3A59%3A59Z&language=en&count=200,official_fifa_api_snapshot,75,Round of 32,NED,MAR,Monterrey Stadium,MEX
fwc26_match_078,match,2026-06-30 17:00:00+00:00,fwc,https://api.fifa.com/api/v3/calendar/matches?idCompetition=17&idSeason=285023&from=2026-06-01T00%3A00%3A00Z&to=2026-07-31T23%3A59%3A59Z&language=en&count=200,official_fifa_api_snapshot,78,Round of 32,CIV,NOR,Dallas Stadium,USA
fwc26_match_077,match,2026-06-30 21:00:00+00:00,fwc,https://api.fifa.com/api/v3/calendar/matches?idCompetition=17&idSeason=285023&from=2026-06-01T00%3A00%3A00Z&to=2026-07-31T23%3A59%3A59Z&language=en&count=200,official_fifa_api_snapshot,77,Round of 32,FRA,SWE,New York/New Jersey Stadium,USA
fwc26_match_079,match,2026-07-01 02:00:00+00:00,fwc,https://api.fifa.com/api/v3/calendar/matches?idCompetition=17&idSeason=285023&from=2026-06-01T00%3A00%3A00Z&to=2026-07-31T23%3A59%3A59Z&language=en&count=200,official_fifa_api_snapshot,79,Round of 32,MEX,ECU,Mexico City Stadium,MEX
fwc26_match_080,match,2026-07-01 16:00:00+00:00,fwc,https://api.fifa.com/api/v3/calendar/matches?idCompetition=17&idSeason=285023&from=2026-06-01T00%3A00%3A00Z&to=2026-07-31T23%3A59%3A59Z&language=en&count=200,official_fifa_api_snapshot,80,Round of 32,ENG,COD,Atlanta Stadium,USA
fwc26_match_082,match,2026-07-01 20:00:00+00:00,fwc,https://api.fifa.com/api/v3/calendar/matches?idCompetition=17&idSeason=285023&from=2026-06-01T00%3A00%3A00Z&to=2026-07-31T23%3A59%3A59Z&language=en&count=200,official_fifa_api_snapshot,82,Round of 32,BEL,SEN,Seattle Stadium,USA
fwc26_match_081,match,2026-07-02 00:00:00+00:00,fwc,https://api.fifa.com/api/v3/calendar/matches?idCompetition=17&idSeason=285023&from=2026-06-01T00%3A00%3A00Z&to=2026-07-31T23%3A59%3A59Z&language=en&count=200,official_fifa_api_snapshot,81,Round of 32,USA,BIH,San Francisco Bay Area Stadium,USA
fwc26_match_084,match,2026-07-02 19:00:00+00:00,fwc,https://api.fifa.com/api/v3/calendar/matches?idCompetition=17&idSeason=285023&from=2026-06-01T00%3A00%3A00Z&to=2026-07-31T23%3A59%3A59Z&language=en&count=200,official_fifa_api_snapshot,84,Round of 32,ESP,AUT,Los Angeles Stadium,USA
fwc26_match_083,match,2026-07-02 23:00:00+00:00,fwc,https://api.fifa.com/api/v3/calendar/matches?idCompetition=17&idSeason=285023&from=2026-06-01T00%3A00%3A00Z&to=2026-07-31T23%3A59%3A59Z&language=en&count=200,official_fifa_api_snapshot,83,Round of 32,POR,CRO,Toronto Stadium,CAN
fwc26_match_085,match,2026-07-03 03:00:00+00:00,fwc,https://api.fifa.com/api/v3/calendar/matches?idCompetition=17&idSeason=285023&from=2026-06-01T00%3A00%3A00Z&to=2026-07-31T23%3A59%3A59Z&language=en&count=200,official_fifa_api_snapshot,85,Round of 32,SUI,ALG,BC Place Vancouver,CAN
fwc26_match_088,match,2026-07-03 18:00:00+00:00,fwc,https://api.fifa.com/api/v3/calendar/matches?idCompetition=17&idSeason=285023&from=2026-06-01T00%3A00%3A00Z&to=2026-07-31T23%3A59%3A59Z&language=en&count=200,official_fifa_api_snapshot,88,Round of 32,AUS,EGY,Dallas Stadium,USA
fwc26_match_086,match,2026-07-03 22:00:00+00:00,fwc,https://api.fifa.com/api/v3/calendar/matches?idCompetition=17&idSeason=285023&from=2026-06-01T00%3A00%3A00Z&to=2026-07-31T23%3A59%3A59Z&language=en&count=200,official_fifa_api_snapshot,86,Round of 32,ARG,CPV,Miami Stadium,USA
fwc26_match_087,match,2026-07-04 01:30:00+00:00,fwc,https://api.fifa.com/api/v3/calendar/matches?idCompetition=17&idSeason=285023&from=2026-06-01T00%3A00%3A00Z&to=2026-07-31T23%3A59%3A59Z&language=en&count=200,official_fifa_api_snapshot,87,Round of 32,COL,GHA,Kansas City Stadium,USA
fwc26_match_090,match,2026-07-04 17:00:00+00:00,fwc,https://api.fifa.com/api/v3/calendar/matches?idCompetition=17&idSeason=285023&from=2026-06-01T00%3A00%3A00Z&to=2026-07-31T23%3A59%3A59Z&language=en&count=200,official_fifa_api_snapshot,90,Round of 16,CAN,MAR,Houston Stadium,USA
fwc26_match_089,match,2026-07-04 21:00:00+00:00,fwc,https://api.fifa.com/api/v3/calendar/matches?idCompetition=17&idSeason=285023&from=2026-06-01T00%3A00%3A00Z&to=2026-07-31T23%3A59%3A59Z&language=en&count=200,official_fifa_api_snapshot,89,Round of 16,PAR,FRA,Philadelphia Stadium,USA
fwc26_match_091,match,2026-07-05 20:00:00+00:00,fwc,https://api.fifa.com/api/v3/calendar/matches?idCompetition=17&idSeason=285023&from=2026-06-01T00%3A00%3A00Z&to=2026-07-31T23%3A59%3A59Z&language=en&count=200,official_fifa_api_snapshot,91,Round of 16,BRA,NOR,New York/New Jersey Stadium,USA
fwc26_match_092,match,2026-07-06 01:00:00+00:00,fwc,https://api.fifa.com/api/v3/calendar/matches?idCompetition=17&idSeason=285023&from=2026-06-01T00%3A00%3A00Z&to=2026-07-31T23%3A59%3A59Z&language=en&count=200,official_fifa_api_snapshot,92,Round of 16,MEX,ENG,Mexico City Stadium,MEX
fwc26_match_093,match,2026-07-06 19:00:00+00:00,fwc,https://api.fifa.com/api/v3/calendar/matches?idCompetition=17&idSeason=285023&from=2026-06-01T00%3A00%3A00Z&to=2026-07-31T23%3A59%3A59Z&language=en&count=200,official_fifa_api_snapshot,93,Round of 16,POR,ESP,Dallas Stadium,USA
fwc26_match_094,match,2026-07-07 00:00:00+00:00,fwc,https://api.fifa.com/api/v3/calendar/matches?idCompetition=17&idSeason=285023&from=2026-06-01T00%3A00%3A00Z&to=2026-07-31T23%3A59%3A59Z&language=en&count=200,official_fifa_api_snapshot,94,Round of 16,USA,BEL,Seattle Stadium,USA
fwc26_match_095,match,2026-07-07 16:00:00+00:00,fwc,https://api.fifa.com/api/v3/calendar/matches?idCompetition=17&idSeason=285023&from=2026-06-01T00%3A00%3A00Z&to=2026-07-31T23%3A59%3A59Z&language=en&count=200,official_fifa_api_snapshot,95,Round of 16,ARG,EGY,Atlanta Stadium,USA
fwc26_match_096,match,2026-07-07 20:00:00+00:00,fwc,https://api.fifa.com/api/v3/calendar/matches?idCompetition=17&idSeason=285023&from=2026-06-01T00%3A00%3A00Z&to=2026-07-31T23%3A59%3A59Z&language=en&count=200,official_fifa_api_snapshot,96,Round of 16,SUI,COL,BC Place Vancouver,CAN
fwc26_match_097,match,2026-07-09 20:00:00+00:00,fwc,https://api.fifa.com/api/v3/calendar/matches?idCompetition=17&idSeason=285023&from=2026-06-01T00%3A00%3A00Z&to=2026-07-31T23%3A59%3A59Z&language=en&count=200,official_fifa_api_snapshot,97,Quarter-final,FRA,MAR,Boston Stadium,USA
fwc26_match_098,match,2026-07-10 19:00:00+00:00,fwc,https://api.fifa.com/api/v3/calendar/matches?idCompetition=17&idSeason=285023&from=2026-06-01T00%3A00%3A00Z&to=2026-07-31T23%3A59%3A59Z&language=en&count=200,official_fifa_api_snapshot,98,Quarter-final,ESP,BEL,Los Angeles Stadium,USA
fwc26_match_099,match,2026-07-11 21:00:00+00:00,fwc,https://api.fifa.com/api/v3/calendar/matches?idCompetition=17&idSeason=285023&from=2026-06-01T00%3A00%3A00Z&to=2026-07-31T23%3A59%3A59Z&language=en&count=200,official_fifa_api_snapshot,99,Quarter-final,NOR,ENG,Miami Stadium,USA
fwc26_match_100,match,2026-07-12 01:00:00+00:00,fwc,https://api.fifa.com/api/v3/calendar/matches?idCompetition=17&idSeason=285023&from=2026-06-01T00%3A00%3A00Z&to=2026-07-31T23%3A59%3A59Z&language=en&count=200,official_fifa_api_snapshot,100,Quarter-final,ARG,SUI,Kansas City Stadium,USA
fwc26_match_101,match,2026-07-14 19:00:00+00:00,fwc,https://api.fifa.com/api/v3/calendar/matches?idCompetition=17&idSeason=285023&from=2026-06-01T00%3A00%3A00Z&to=2026-07-31T23%3A59%3A59Z&language=en&count=200,official_fifa_api_snapshot,101,Semi-final,FRA,ESP,Dallas Stadium,USA
fwc26_match_102,match,2026-07-15 19:00:00+00:00,fwc,https://api.fifa.com/api/v3/calendar/matches?idCompetition=17&idSeason=285023&from=2026-06-01T00%3A00%3A00Z&to=2026-07-31T23%3A59%3A59Z&language=en&count=200,official_fifa_api_snapshot,102,Semi-final,ENG,ARG,Atlanta Stadium,USA
fwc26_match_103,match,2026-07-18 21:00:00+00:00,fwc,https://api.fifa.com/api/v3/calendar/matches?idCompetition=17&idSeason=285023&from=2026-06-01T00%3A00%3A00Z&to=2026-07-31T23%3A59%3A59Z&language=en&count=200,official_fifa_api_snapshot,103,Bronze final,FRA,,Miami Stadium,USA
fwc26_match_104,match,2026-07-19 19:00:00+00:00,fwc,https://api.fifa.com/api/v3/calendar/matches?idCompetition=17&idSeason=285023&from=2026-06-01T00%3A00%3A00Z&to=2026-07-31T23%3A59%3A59Z&language=en&count=200,official_fifa_api_snapshot,104,Final,ESP,,New York/New Jersey Stadium,USA
