"date","news_volume","mean_tone"
2022-01-01,304,-0.092
2022-01-02,81,-0.0058
2022-01-03,131,0.3118
2022-01-04,286,1.536
2022-01-05,344,1.8061
2022-01-06,279,1.5062
2022-01-07,236,1.349
2022-01-08,81,0.4103
2022-01-09,76,1.0114
2022-01-10,178,1.2999
2022-01-11,210,0.5026
2022-01-12,231,0.7908
2022-01-13,273,0.8211
2022-01-14,237,0.6528
2022-01-15,127,-0.067
2022-01-16,110,0.1699
2022-01-17,172,0.5816
2022-01-18,272,0.6522
2022-01-19,227,0.9022
2022-01-20,203,0.9435
2022-01-21,139,1.3065
2022-01-22,105,0.8786
2022-01-23,99,0.8995
2022-01-24,181,0.8571
2022-01-25,242,0.7282
2022-01-26,265,0.5061
2022-01-27,190,1.1562
2022-01-28,221,0.6102
2022-01-29,131,1.5142
2022-01-30,122,1.1774
2022-01-31,106,0.8442
2022-02-01,92,0.6815
2022-02-02,166,1.856
2022-02-03,124,1.3735
2022-02-04,115,1.3238
2022-02-05,67,1.1638
2022-02-06,101,1.2422
2022-02-07,184,0.7917
2022-02-08,182,1.3023
2022-02-09,192,1.0448
2022-02-10,188,1.1419
2022-02-11,131,0.6425
2022-02-12,96,1.0554
2022-02-13,78,1.2299
2022-02-14,166,0.2133
2022-02-15,173,1.1495
2022-02-16,201,1.4149
2022-02-17,172,1.1495
2022-02-18,225,0.8426
2022-02-19,144,0.1097
2022-02-20,85,0.9364
2022-02-21,206,1.3034
2022-02-22,184,1.3195
2022-02-23,238,1.6295
2022-02-24,229,1.6428
2022-02-25,155,0.7786
2022-02-26,68,0.3998
2022-02-27,83,0.5073
2022-02-28,463,0.8646
2022-03-01,304,1.1349
2022-03-02,218,1.3349
2022-03-03,185,0.5873
2022-03-04,217,0.1865
2022-03-05,111,0.9741
2022-03-06,105,1.4081
2022-03-07,241,1.5258
2022-03-08,232,1.2883
2022-03-09,169,0.5516
2022-03-10,186,0.8999
2022-03-11,174,1.176
2022-03-12,98,0.5803
2022-03-13,79,0.6649
2022-03-14,146,0.9745
2022-03-15,210,0.7407
2022-03-16,149,0.7815
2022-03-17,153,0.9706
2022-03-18,156,0.1667
2022-03-19,78,-0.1289
2022-03-20,75,0.409
2022-03-21,141,1.2533
2022-03-22,153,0.5514
2022-03-23,168,0.4437
2022-03-24,202,0.1779
2022-03-25,176,0.8791
2022-03-26,92,-0.0209
2022-03-27,75,0.1306
2022-03-28,180,1.4585
2022-03-29,152,0.7312
2022-03-30,149,0.8785
2022-03-31,193,1.9825
2022-04-01,195,1.4821
2022-04-02,161,0.5319
2022-04-03,106,0.3753
2022-04-04,134,0.5538
2022-04-05,105,0.7683
2022-04-06,181,1.224
2022-04-07,205,0.9406
2022-04-08,175,0.6431
2022-04-09,101,0.0512
2022-04-10,68,0.9747
2022-04-11,188,0.8041
2022-04-12,198,0.5427
2022-04-13,113,1.0095
2022-04-14,220,-0.1359
2022-04-15,207,-0.5467
2022-04-16,89,-1.0279
2022-04-17,81,-0.3279
2022-04-18,124,0.602
2022-04-19,172,0.3341
2022-04-20,204,0.9329
2022-04-21,149,1.2882
2022-04-22,154,1.3602
2022-04-23,104,0.0777
2022-04-24,130,1.0628
2022-04-25,130,0.7052
2022-04-26,131,1.1812
2022-04-27,140,0.7903
2022-04-28,224,1.5637
2022-04-29,209,1.8328
2022-04-30,76,-0.0801
2022-05-01,71,-0.3942
2022-05-02,109,1.1338
2022-05-03,158,0.1313
2022-05-04,123,0.5969
2022-05-05,205,1.0082
2022-05-06,294,0.1733
2022-05-07,192,-0.2393
2022-05-08,98,-0.6624
2022-05-09,166,0.7606
2022-05-10,221,0.9605
2022-05-11,195,1.2071
2022-05-12,142,0.9601
2022-05-13,144,0.5721
2022-05-14,82,0.2252
2022-05-15,80,0.2028
2022-05-16,176,1.1311
2022-05-17,161,1.3214
2022-05-18,145,1.3694
2022-05-19,134,0.5814
2022-05-20,171,1.6551
2022-05-21,71,1.9527
2022-05-22,76,-0.7389
2022-05-23,184,1.9814
2022-05-24,174,1.6816
2022-05-25,145,0.5698
2022-05-26,229,1.5064
2022-05-27,137,1.5029
2022-05-28,64,0.5479
2022-05-29,77,0.7531
2022-05-30,184,0.9831
2022-05-31,187,1.2676
2022-06-01,149,0.9482
2022-06-02,186,0.7797
2022-06-03,85,0.9367
2022-06-04,48,0.9853
2022-06-05,51,0.213
2022-06-06,173,1.4948
2022-06-07,158,1.632
2022-06-08,138,1.1502
2022-06-09,188,1.4754
2022-06-10,162,1.5007
2022-06-11,80,1.1074
2022-06-12,90,0.1569
2022-06-13,179,0.9503
2022-06-14,207,1.59
2022-06-15,216,0.8577
2022-06-16,178,1.9428
2022-06-17,152,1.2533
2022-06-18,95,1.599
2022-06-19,105,0.1196
2022-06-20,205,0.1659
2022-06-21,210,1.3233
2022-06-22,138,1.1147
2022-06-23,150,1.3337
2022-06-24,200,1.132
2022-06-25,111,2.1474
2022-06-26,87,0.8541
2022-06-27,145,1.6462
2022-06-28,155,0.9341
2022-06-29,183,1.1857
2022-06-30,185,0.9347
2022-07-01,192,2.0673
2022-07-02,80,1.1832
2022-07-03,75,0.6232
2022-07-04,123,1.9956
2022-07-05,120,1.2566
2022-07-06,136,0.8508
2022-07-07,122,0.4624
2022-07-08,149,0.2448
2022-07-09,103,-0.3235
2022-07-10,60,0.0843
2022-07-11,240,-0.9776
2022-07-12,230,0.5106
2022-07-13,199,1.6062
2022-07-14,167,1.0246
2022-07-15,120,0.7804
2022-07-16,52,0.3305
2022-07-17,83,-0.6224
2022-07-18,182,-0.7806
2022-07-19,151,0.7954
2022-07-20,149,0.8068
2022-07-21,142,0.9933
2022-07-22,129,0.6623
2022-07-23,79,-0.4827
2022-07-24,82,-2.4021
2022-07-25,182,0.3643
2022-07-26,174,1.1096
2022-07-27,198,2.1037
2022-07-28,147,2.1769
2022-07-29,200,1.1678
2022-07-30,87,0.8642
2022-07-31,61,0.9626
2022-08-01,131,1.0133
2022-08-02,149,0.7289
2022-08-03,178,1.0523
2022-08-04,144,1.0404
2022-08-05,144,1.7378
2022-08-06,75,0.7704
2022-08-07,78,0.9006
2022-08-08,161,0.6001
2022-08-09,147,1.5832
2022-08-10,231,0.8774
2022-08-11,175,1.4912
2022-08-12,187,1.183
2022-08-13,65,1.3473
2022-08-14,46,0.8243
2022-08-15,152,0.9853
2022-08-16,134,1.5103
2022-08-17,191,1.5637
2022-08-18,194,1.7953
2022-08-19,147,1.8523
2022-08-20,97,0.3631
2022-08-21,43,1.2155
2022-08-22,123,1.1633
2022-08-23,158,1.5084
2022-08-24,170,0.3174
2022-08-25,178,1.4424
2022-08-26,178,2.0544
2022-08-27,79,1.2073
2022-08-28,72,0.8066
2022-08-29,147,0.1663
2022-08-30,157,0.7283
2022-08-31,158,1.1135
2022-09-01,245,1.6095
2022-09-02,169,1.2064
2022-09-03,84,1.0978
2022-09-04,71,0.9399
2022-09-05,137,1.1791
2022-09-06,172,0.9875
2022-09-07,145,1.7073
2022-09-08,114,1.7467
2022-09-09,125,1.6551
2022-09-10,70,0.8923
2022-09-11,58,0.9877
2022-09-12,92,0.2363
2022-09-13,162,1.4722
2022-09-14,124,1.1288
2022-09-15,150,1.1349
2022-09-16,134,0.5493
2022-09-17,203,2.359
2022-09-18,57,0.155
2022-09-19,171,1.8495
2022-09-20,209,1.6467
2022-09-21,142,1.5418
2022-09-22,140,1.011
2022-09-23,111,2.0868
2022-09-24,49,1.3557
2022-09-25,117,-1.7119
2022-09-26,152,1.2146
2022-09-27,129,1.957
2022-09-28,153,1.43
2022-09-29,153,1.0958
2022-09-30,134,1.233
2022-10-01,72,1.3181
2022-10-02,81,0.6562
2022-10-03,116,1.3876
2022-10-04,77,1.0715
2022-10-05,88,1.2546
2022-10-06,89,0.7912
2022-10-07,87,0.6369
2022-10-08,113,1.3467
2022-10-09,113,1.6248
2022-10-10,189,0.223
2022-10-11,247,0.849
2022-10-12,209,0.4635
2022-10-13,174,0.8379
2022-10-14,141,1.2344
2022-10-15,77,1.0724
2022-10-16,50,0.4575
2022-10-17,108,0.8646
2022-10-18,190,1.1883
2022-10-19,191,1.4229
2022-10-20,178,0.9641
2022-10-21,125,1.1576
2022-10-22,69,0.3729
2022-10-23,65,0.7738
2022-10-24,109,1.3691
2022-10-25,129,1.3033
2022-10-26,138,1.0658
2022-10-27,166,1.1163
2022-10-28,162,0.9304
2022-10-29,77,0.4376
2022-10-30,123,2.1097
2022-10-31,162,0.9326
2022-11-01,138,1.1785
2022-11-02,147,1.3157
2022-11-03,206,1.0403
2022-11-04,146,2.1319
2022-11-05,60,1.3181
2022-11-06,94,1.9074
2022-11-07,147,1.7378
2022-11-08,147,1.7709
2022-11-09,170,1.8703
2022-11-10,169,2.0454
2022-11-11,8,1.4483
2022-11-12,61,0.5504
2022-11-13,56,0.7313
2022-11-14,136,1.4918
2022-11-15,134,1.4185
2022-11-16,161,1.7009
2022-11-17,180,1.7535
2022-11-18,213,2.9363
2022-11-19,112,1.4933
2022-11-20,104,1.2621
2022-11-21,137,1.297
2022-11-22,193,2.3424
2022-11-23,210,1.3926
2022-11-24,162,2.0705
2022-11-25,224,2.4784
2022-11-26,136,2.4474
2022-11-27,162,1.9561
2022-11-28,215,2.3856
2022-11-29,164,1.6136
2022-11-30,115,1.5862
2022-12-01,141,1.4578
2022-12-02,146,0.7472
2022-12-03,60,0.2858
2022-12-04,70,1.4032
2022-12-05,150,1.2732
2022-12-06,163,1.471
2022-12-07,141,1.6614
2022-12-08,148,1.2876
2022-12-09,142,1.2261
2022-12-10,64,1.1854
2022-12-11,50,0.5109
2022-12-12,124,-0.1768
2022-12-13,151,0.558
2022-12-14,159,1.7412
2022-12-15,149,1.6702
2022-12-16,202,1.2483
2022-12-17,92,0.3228
2022-12-18,79,0.8089
2022-12-19,135,1.2423
2022-12-20,177,1.3038
2022-12-21,213,1.3854
2022-12-22,151,1.7044
2022-12-23,178,0.7325
2022-12-24,60,1.3834
2022-12-25,103,2.4011
2022-12-26,109,1.7514
2022-12-27,150,1.5604
2022-12-28,208,2.93
2022-12-29,197,0.8125
2022-12-30,138,0.7896
2022-12-31,66,1.2049
2023-01-01,58,1.1156
2023-01-02,99,1.0452
2023-01-03,165,1.192
2023-01-04,175,1.9927
2023-01-05,316,1.6613
2023-01-06,311,1.4439
2023-01-07,137,1.0606
2023-01-08,132,-0.5127
2023-01-09,178,1.0888
2023-01-10,169,1.3101
2023-01-11,205,-0.1131
2023-01-12,324,0.5809
2023-01-13,178,0.7583
2023-01-14,79,1.7084
2023-01-15,75,0.1976
2023-01-16,142,0.9943
2023-01-17,130,2.4498
2023-01-18,148,1.8579
2023-01-19,121,1.1998
2023-01-20,119,1.6062
2023-01-21,77,1.9435
2023-01-22,78,1.2436
2023-01-23,108,0.8393
2023-01-24,93,1.1334
2023-01-25,96,1.7035
2023-01-26,73,1.1146
2023-01-27,104,0.6294
2023-01-28,73,0.5658
2023-01-29,67,0.3509
2023-01-30,131,0.7403
2023-01-31,130,0.9418
2023-02-01,131,1.0756
2023-02-02,127,0.4402
2023-02-03,137,0.7667
2023-02-04,96,-0.9328
2023-02-05,57,0.6154
2023-02-06,209,1.7903
2023-02-07,162,0.7371
2023-02-08,167,1.1583
2023-02-09,177,1.2593
2023-02-10,142,0.4898
2023-02-11,67,0.9534
2023-02-12,74,-0.2238
2023-02-13,135,0.983
2023-02-14,196,1.4411
2023-02-15,158,1.4287
2023-02-16,158,0.7687
2023-02-17,230,0.8599
2023-02-18,115,0.2184
2023-02-19,99,0.0857
2023-02-20,186,1.5114
2023-02-21,170,2.0498
2023-02-22,185,1.128
2023-02-23,198,0.9274
2023-02-24,182,1.4982
2023-02-25,84,1.5661
2023-02-26,68,0.9158
2023-02-27,234,1.8807
2023-02-28,176,1.734
2023-03-01,204,0.2898
2023-03-02,193,1.1279
2023-03-03,205,1.7545
2023-03-04,86,0.8181
2023-03-05,84,1.4376
2023-03-06,178,0.6396
2023-03-07,199,0.9684
2023-03-08,130,1.0487
2023-03-09,104,1.1802
2023-03-10,141,1.6228
2023-03-11,74,0.1474
2023-03-12,61,1.6191
2023-03-13,133,0.8963
2023-03-14,179,0.5204
2023-03-15,111,1.2273
2023-03-16,139,0.68
2023-03-17,177,1.8722
2023-03-18,77,1.3648
2023-03-19,63,0.1455
2023-03-20,177,1.3782
2023-03-21,143,1.3695
2023-03-22,29,1.9747
2023-03-24,19,1.8635
2023-03-25,29,1.9554
2023-03-26,19,1.6918
2023-03-27,25,1.7212
2023-03-28,49,1.5591
2023-03-29,43,1.1107
2023-03-30,35,1.1573
2023-03-31,25,2.7802
2023-04-01,9,2.6362
2023-04-02,15,1.8429
2023-04-03,16,2.0894
2023-04-04,18,1.9025
2023-04-05,18,2.0427
2023-04-06,19,2.4672
2023-04-07,18,1.3461
2023-04-08,17,2.3678
2023-04-09,8,1.8323
2023-04-10,87,-0.8222
2023-04-11,55,0.5205
2023-04-12,38,0.5152
2023-04-13,24,1.4667
2023-04-14,27,1.9663
2023-04-15,16,0.1968
2023-04-16,5,1.6961
2023-04-17,22,0.3896
2023-04-18,25,2.1782
2023-04-19,36,0.2129
2023-04-20,65,1.8117
2023-04-21,62,2.0789
2023-04-22,48,0.4342
2023-04-23,37,1.202
2023-04-24,76,0.9685
2023-04-25,64,0.494
2023-04-26,122,0.9761
2023-04-27,79,1.4092
2023-04-28,78,0.9079
2023-04-29,64,0.395
2023-04-30,27,0.8121
2023-05-01,26,0.6295
2023-05-02,50,0.3107
2023-05-03,58,2.6362
2023-05-04,55,0.5076
2023-05-05,82,0.2972
2023-05-06,45,1.2055
2023-05-07,36,0.1221
2023-05-08,76,0.2824
2023-05-09,71,1.2851
2023-05-10,91,1.0917
2023-05-11,84,1.5625
2023-05-12,91,1.4162
2023-05-13,58,0.4824
2023-05-14,34,0.9437
2023-05-15,80,1.7903
2023-05-16,78,1.5177
2023-05-17,106,1.0728
2023-05-18,111,2.4828
2023-05-19,97,1.7474
2023-05-20,44,1.9798
2023-05-21,59,0.9902
2023-05-22,105,3.2596
2023-05-23,72,1.9845
2023-05-24,126,1.3668
2023-05-25,96,1.0811
2023-05-26,110,1.3059
2023-05-27,49,0.6126
2023-05-28,24,1.5152
2023-05-29,105,0.2596
2023-05-30,98,1.2171
2023-05-31,120,1.5933
2023-06-01,107,0.9393
2023-06-02,110,1.6265
2023-06-03,37,0.7101
2023-06-04,55,0.3364
2023-06-05,80,0.5648
2023-06-06,83,1.6984
2023-06-07,125,1.5595
2023-06-08,172,1.3029
2023-06-09,75,1.7645
2023-06-10,78,2.2601
2023-06-11,46,0.9626
2023-06-12,79,1.5774
2023-06-13,94,2.101
2023-06-14,78,0.8309
2023-06-15,121,2.1938
2023-06-16,89,1.7384
2023-06-17,63,0.8966
2023-06-18,50,0.7165
2023-06-19,105,1.7062
2023-06-20,105,1.2544
2023-06-21,89,1.4551
2023-06-22,85,2.0764
2023-06-23,45,1.558
2023-06-24,51,-0.3028
2023-06-25,49,1.2715
2023-06-26,77,1.0333
2023-06-27,88,1.7198
2023-06-28,56,0.9813
2023-06-29,55,1.7681
2023-06-30,56,1.1159
2023-07-01,23,1.9084
2023-07-02,29,-0.583
2023-07-03,42,1.4508
2023-07-04,68,0.9865
2023-07-05,68,1.0112
2023-07-06,67,0.9235
2023-07-07,83,1.8098
2023-07-08,33,2.492
2023-07-09,51,2.2223
2023-07-10,66,1.0564
2023-07-11,144,1.7879
2023-07-12,140,1.0355
2023-07-13,76,1.2079
2023-07-14,84,1.0993
2023-07-15,55,0.9884
2023-07-16,44,1.6685
2023-07-17,72,1.2166
2023-07-18,69,0.7548
2023-07-19,74,1.4108
2023-07-20,77,1.2824
2023-07-21,58,0.5281
2023-07-22,44,0.798
2023-07-23,70,0.9959
2023-07-24,164,0.0486
2023-07-25,74,2.0363
2023-07-26,71,1.1481
2023-07-27,76,1.0625
2023-07-28,63,2.5133
2023-07-29,47,2.3678
2023-07-30,27,0.7507
2023-07-31,67,1.2984
2023-08-01,78,1.8919
2023-08-02,51,1.7106
2023-08-03,92,1.5482
2023-08-04,90,0.4896
2023-08-05,48,0.5215
2023-08-06,52,0.7106
2023-08-07,75,0.9134
2023-08-08,84,2.1834
2023-08-09,87,1.048
2023-08-10,79,0.9353
2023-08-11,76,0.9037
2023-08-12,47,1.007
2023-08-13,37,-0.4365
2023-08-14,79,1.3198
2023-08-15,89,1.217
2023-08-16,66,0.7519
2023-08-17,156,1.6116
2023-08-18,108,1.7262
2023-08-19,89,1.4216
2023-08-20,62,0.6213
2023-08-21,133,-0.6467
2023-08-22,91,1.38
2023-08-23,68,1.6368
2023-08-24,108,-1.1035
2023-08-25,116,1.1936
2023-08-26,25,0.7954
2023-08-27,91,-1.7099
2023-08-28,100,-0.0067
2023-08-29,88,1.5875
2023-08-30,96,1.8465
2023-08-31,114,0.8905
2023-09-01,152,1.6098
2023-09-02,67,1.6614
2023-09-03,54,0.5478
2023-09-04,83,1.1214
2023-09-05,55,1.7444
2023-09-06,86,0.2076
2023-09-07,117,1.7424
2023-09-08,94,0.8502
2023-09-09,47,0.306
2023-09-10,28,0.7814
2023-09-11,101,1.5684
2023-09-12,68,1.1676
2023-09-13,92,0.4902
2023-09-14,76,2.0499
2023-09-15,122,1.5458
2023-09-16,99,0.115
2023-09-17,79,-0.0045
2023-09-18,121,1.2303
2023-09-19,51,1.5582
2023-09-20,93,2.8685
2023-09-21,79,4.5323
2023-09-22,145,2.4002
2023-09-23,45,1.0292
2023-09-24,55,0.5495
2023-09-25,76,1.1358
2023-09-26,77,2.2022
2023-09-27,59,1.3451
2023-09-28,94,2.0438
2023-09-29,76,0.2343
2023-09-30,35,0.2899
2023-10-01,25,0.2637
2023-10-02,36,0.6804
2023-10-03,59,1.2504
2023-10-04,56,1.4056
2023-10-05,60,0.9532
2023-10-06,50,1.4617
2023-10-07,38,1.1034
2023-10-08,31,0.4683
2023-10-09,47,0.706
2023-10-10,95,1.7359
2023-10-11,58,1.0862
2023-10-12,52,1.8143
2023-10-13,61,2.1888
2023-10-14,46,1.983
2023-10-15,25,4.1751
2023-10-16,47,2.1581
2023-10-17,76,0.8253
2023-10-18,73,0.6135
2023-10-19,78,0.6028
2023-10-20,48,1.0177
2023-10-21,30,1.7891
2023-10-22,19,1.5771
2023-10-23,65,1.8541
2023-10-24,74,1.5179
2023-10-25,181,1.9951
2023-10-26,107,1.4336
2023-10-27,73,1.0146
2023-10-28,46,0.5852
2023-10-29,34,0.4978
2023-10-30,82,1.7125
2023-10-31,71,1.5898
2023-11-01,77,1.0697
2023-11-02,88,1.8683
2023-11-03,57,1.3393
2023-11-04,61,2.6444
2023-11-05,26,0.3671
2023-11-06,63,0.8749
2023-11-07,73,2.5376
2023-11-08,92,1.5959
2023-11-09,103,2.2627
2023-11-10,109,2.1022
2023-11-11,69,3.0279
2023-11-12,56,0.9091
2023-11-13,61,1.8484
2023-11-14,82,2.0093
2023-11-15,43,1.3786
2023-11-16,67,1.6384
2023-11-17,97,2.5091
2023-11-18,62,1.7373
2023-11-19,52,1.3564
2023-11-20,99,1.74
2023-11-21,95,2.421
2023-11-22,99,1.8185
2023-11-23,84,1.8857
2023-11-24,129,1.8292
2023-11-25,50,1.9145
2023-11-26,54,2.1718
2023-11-27,90,2.0674
2023-11-28,99,1.4262
2023-11-29,63,0.8385
2023-11-30,65,0.7935
2023-12-01,49,0.9722
2023-12-02,38,1.5603
2023-12-03,37,0.3349
2023-12-04,66,1.6083
2023-12-05,75,0.424
2023-12-06,97,2.2515
2023-12-07,97,1.9446
2023-12-08,106,2.2368
2023-12-09,39,1.2165
2023-12-10,40,0.5068
2023-12-11,57,1.187
2023-12-12,111,1.4617
2023-12-13,124,1.6911
2023-12-14,73,1.6141
2023-12-15,110,2.723
2023-12-16,98,0.2594
2023-12-17,61,1.1234
2023-12-18,86,2.2686
2023-12-19,118,1.7739
2023-12-20,84,2.7121
2023-12-21,61,1.5784
2023-12-22,70,1.2581
2023-12-23,62,1.6129
2023-12-24,39,0.7672
2023-12-25,67,1.4054
2023-12-26,72,1.516
2023-12-27,101,1.0113
2023-12-28,75,1.4597
2023-12-29,83,2.8155
2023-12-30,38,0.8343
2023-12-31,46,1.6908
2024-01-01,30,2.1285
2024-01-02,57,1.7145
2024-01-03,73,1.5432
2024-01-04,175,1.9044
2024-01-05,94,1.3103
2024-01-06,45,2.4023
2024-01-07,41,1.8857
2024-01-08,76,2.0019
2024-01-09,242,1.9522
2024-01-10,159,1.5187
2024-01-11,149,1.7427
2024-01-12,117,2.564
2024-01-13,71,2.6347
2024-01-14,60,1.9009
2024-01-15,53,2.5682
2024-01-16,53,2.6542
2024-01-17,82,2.488
2024-01-18,52,1.439
2024-01-19,64,1.5191
2024-01-20,63,2.322
2024-01-21,43,1.0939
2024-01-22,56,1.6699
2024-01-23,41,2.2184
2024-01-24,58,2.1473
2024-01-25,99,2.0114
2024-01-26,120,0.4105
2024-01-27,60,1.7268
2024-01-28,72,3.4364
2024-01-29,56,1.796
2024-01-30,77,1.3041
2024-01-31,66,1.3804
2024-02-01,46,2.0542
2024-02-02,68,1.7126
2024-02-03,45,0.5407
2024-02-04,62,2.1875
2024-02-05,75,1.4902
2024-02-06,97,0.814
2024-02-07,88,0.4886
2024-02-08,61,0.6954
2024-02-09,70,2.0621
2024-02-10,42,1.8224
2024-02-11,29,2.3817
2024-02-12,54,2.0178
2024-02-13,41,1.954
2024-02-14,68,2.0499
2024-02-15,65,1.1854
2024-02-16,61,1.4952
2024-02-17,62,0.9366
2024-02-18,59,2.1195
2024-02-19,96,2.0071
2024-02-20,86,1.0492
2024-02-21,77,1.1676
2024-02-22,124,1.2842
2024-02-23,56,1.537
2024-02-24,53,1.5094
2024-02-25,59,1.4864
2024-02-26,127,1.6454
2024-02-27,120,2.4519
2024-02-28,116,2.313
2024-02-29,127,2.866
2024-03-01,162,1.8272
2024-03-02,72,1.5947
2024-03-03,52,1.426
2024-03-04,122,2.0333
2024-03-05,85,2.0485
2024-03-06,100,1.1116
2024-03-07,128,3.0133
2024-03-08,72,1.8222
2024-03-09,54,1.9753
2024-03-10,49,1.5203
2024-03-11,89,1.8838
2024-03-12,70,2.2207
2024-03-13,82,1.2945
2024-03-14,94,1.3836
2024-03-15,64,0.4622
2024-03-16,47,1.0157
2024-03-17,66,1.8031
2024-03-18,90,2.647
2024-03-19,150,2.9304
2024-03-20,96,1.8348
2024-03-21,82,1.4647
2024-03-22,87,2.0343
2024-03-23,46,0.4565
2024-03-24,48,1.6917
2024-03-25,69,1.4613
2024-03-26,86,1.6933
2024-03-27,99,1.4583
2024-03-28,132,1.7122
2024-03-29,103,1.7843
2024-03-30,54,1.8071
2024-03-31,16,1.1355
2024-04-01,82,2.0349
2024-04-02,72,1.4468
2024-04-03,91,1.4217
2024-04-04,57,1.1715
2024-04-05,32,1.223
2024-04-06,39,0.7334
2024-04-07,67,1.9719
2024-04-08,112,1.6592
2024-04-09,114,1.4913
2024-04-10,97,1.8178
2024-04-11,79,1.805
2024-04-12,107,1.743
2024-04-13,69,1.5494
2024-04-14,39,0.7834
2024-04-15,63,1.2396
2024-04-16,88,1.773
2024-04-17,87,1.3807
2024-04-18,136,2.8279
2024-04-19,91,2.5125
2024-04-20,74,1.5492
2024-04-21,54,1.9412
2024-04-22,119,2.013
2024-04-23,163,1.4267
2024-04-24,113,0.6473
2024-04-25,110,0.2616
2024-04-26,86,1.8567
2024-04-27,66,0.8148
2024-04-28,65,1.3416
2024-04-29,77,1.3685
2024-04-30,80,1.9892
2024-05-01,32,2.4105
2024-05-02,48,1.9201
2024-05-03,32,1.9743
2024-05-04,39,1.1865
2024-05-05,37,0.9933
2024-05-06,57,1.7402
2024-05-07,96,0.8048
2024-05-08,63,1.2852
2024-05-09,121,1.4769
2024-05-10,52,1.8729
2024-05-11,65,1.2652
2024-05-12,46,1.5996
2024-05-13,92,2.0348
2024-05-14,72,1.5405
2024-05-15,82,1.9868
2024-05-16,120,2.0438
2024-05-17,82,2.2517
2024-05-18,68,0.9957
2024-05-19,60,0.8858
2024-05-20,146,1.7366
2024-05-21,183,1.6284
2024-05-22,119,1.2409
2024-05-23,147,1.296
2024-05-24,86,1.9376
2024-05-25,47,0.9231
2024-05-26,65,1.3637
2024-05-27,141,1.4001
2024-05-28,110,2.215
2024-05-29,145,2.9646
2024-05-30,113,1.811
2024-05-31,150,2.1311
2024-06-01,50,1.6728
2024-06-02,66,1.9865
2024-06-03,187,1.7881
2024-06-04,94,2.0026
2024-06-05,114,2.4136
2024-06-06,112,2.7675
2024-06-07,234,2.0367
2024-06-08,98,1.6116
2024-06-09,44,1.4419
2024-06-10,103,2.3473
2024-06-11,96,1.8322
2024-06-12,93,3.1539
2024-06-13,93,2.0225
2024-06-14,92,1.9823
2024-06-15,60,0.5445
2024-06-16,35,2.2199
2024-06-17,82,1.8517
2024-06-18,138,2.2694
2024-06-19,150,1.469
2024-06-20,123,2.3549
2024-06-21,92,2.6788
2024-06-22,79,1.7488
2024-06-23,52,2.5641
2024-06-24,78,1.4654
2024-06-25,103,2.0382
2024-06-26,121,2.7979
2024-06-27,122,2.4283
2024-06-28,105,2.0453
2024-06-29,86,1.1997
2024-06-30,57,1.9252
2024-07-01,79,1.9977
2024-07-02,94,3.4059
2024-07-03,74,2.0633
2024-07-04,100,3.1984
2024-07-05,103,2.1832
2024-07-06,60,1.5735
2024-07-07,41,1.843
2024-07-08,59,2.4652
2024-07-09,64,0.9633
2024-07-10,138,1.7717
2024-07-11,94,2.0556
2024-07-12,93,2.064
2024-07-13,69,1.5135
2024-07-14,51,1.7557
2024-07-15,103,2.0799
2024-07-16,90,1.5267
2024-07-17,95,1.5651
2024-07-18,66,2.4468
2024-07-19,66,1.9373
2024-07-20,67,2.2923
2024-07-21,89,0.69
2024-07-22,35,1.9018
2024-07-23,71,2.2083
2024-07-24,86,4.1567
2024-07-25,69,1.3613
2024-07-26,97,2.1257
2024-07-27,53,2.7655
2024-07-28,66,4.0722
2024-07-29,84,2.2333
2024-07-30,108,2.197
2024-07-31,78,2.3071
2024-08-01,91,1.9255
2024-08-02,89,2.9582
2024-08-03,41,2.0283
2024-08-04,34,1.6988
2024-08-05,60,2.5543
2024-08-06,90,2.3464
2024-08-07,91,2.2047
2024-08-08,90,2.4408
2024-08-09,67,3.1855
2024-08-10,59,1.7947
2024-08-11,31,3.0892
2024-08-12,119,2.6396
2024-08-13,103,3.0763
2024-08-14,111,2.0218
2024-08-15,102,2.3572
2024-08-16,99,1.2396
2024-08-17,59,0.7003
2024-08-18,69,1.6437
2024-08-19,115,1.8765
2024-08-20,50,2.3734
2024-08-21,108,2.2595
2024-08-22,104,1.5491
2024-08-23,76,1.8525
2024-08-24,84,1.4766
2024-08-25,46,1.0327
2024-08-26,118,2.4032
2024-08-27,120,1.8119
2024-08-28,118,2.2558
2024-08-29,115,2.0438
2024-08-30,116,2.0068
2024-08-31,64,1.8261
2024-09-01,41,1.6724
2024-09-02,163,3.2141
2024-09-03,133,2.0523
2024-09-04,118,2.5294
2024-09-05,139,2.0292
2024-09-06,135,3.0555
2024-09-07,60,1.6455
2024-09-08,47,1.7267
2024-09-09,90,2.0548
2024-09-10,114,1.5703
2024-09-11,94,1.0572
2024-09-12,79,1.8774
2024-09-13,114,2.3022
2024-09-14,75,1.5461
2024-09-15,72,1.7639
2024-09-16,82,3.5597
2024-09-17,40,2.1247
2024-09-18,168,1.5585
2024-09-19,105,2.262
2024-09-20,143,2.4532
2024-09-21,55,1.1272
2024-09-22,55,1.3
2024-09-23,120,1.6947
2024-09-24,105,2.3815
2024-09-25,114,2.4148
2024-09-26,97,2.3736
2024-09-27,82,1.7139
2024-09-28,49,3.5742
2024-09-29,120,2.6659
2024-09-30,91,2.3469
2024-10-01,54,1.6732
2024-10-02,68,2.8595
2024-10-03,35,1.0739
2024-10-04,67,1.0038
2024-10-05,26,2.0816
2024-10-06,27,2.4829
2024-10-07,52,1.1669
2024-10-08,90,2.644
2024-10-09,110,1.7653
2024-10-10,110,2.0852
2024-10-11,67,2.2691
2024-10-12,104,2.0159
2024-10-13,66,2.3057
2024-10-14,106,2.2927
2024-10-15,125,2.0313
2024-10-16,186,3.137
2024-10-17,180,2.5491
2024-10-18,107,2.1995
2024-10-19,26,1.7619
2024-10-20,44,0.7324
2024-10-21,73,2.7208
2024-10-22,79,1.7587
2024-10-23,94,1.9335
2024-10-24,98,1.8994
2024-10-25,88,2.5775
2024-10-26,51,1.791
2024-10-27,41,1.286
2024-10-28,112,2.4254
2024-10-29,89,1.732
2024-10-30,92,2.1643
2024-10-31,149,-0.7798
2024-11-01,109,0.6736
2024-11-02,39,1.2605
2024-11-03,61,1.6608
2024-11-04,74,2.6467
2024-11-05,104,1.8077
2024-11-06,74,1.9532
2024-11-07,84,1.5884
2024-11-08,98,1.6439
2024-11-09,30,2.4327
2024-11-10,30,2.1663
2024-11-11,105,1.7952
2024-11-12,135,1.5517
2024-11-13,142,2.1413
2024-11-14,110,1.891
2024-11-15,131,2.4867
2024-11-16,23,1.8052
2024-11-17,41,1.7771
2024-11-18,120,2.5678
2024-11-19,131,3.0357
2024-11-20,140,3.1022
2024-11-21,104,1.8801
2024-11-22,132,2.166
2024-11-23,58,2.2037
2024-11-24,42,1.5855
2024-11-25,103,2.11
2024-11-26,148,2.4437
2024-11-27,118,2.185
2024-11-28,192,2.0649
2024-11-29,142,3.1099
2024-11-30,47,2.135
2024-12-01,134,2.3987
2024-12-02,165,3.1258
2024-12-03,135,1.7861
2024-12-04,102,1.4189
2024-12-05,125,1.6849
2024-12-06,118,1.7234
2024-12-07,46,2.4213
2024-12-08,43,1.466
2024-12-09,63,1.8849
2024-12-10,89,1.9914
2024-12-11,121,4.256
2024-12-12,103,2.3002
2024-12-13,79,2.6717
2024-12-14,56,2.7075
2024-12-15,55,1.0428
2024-12-16,102,1.6596
2024-12-17,80,2.3742
2024-12-18,116,2.4911
2024-12-19,93,1.9445
2024-12-20,93,2.0859
2024-12-21,48,1.8271
2024-12-22,41,3.505
2024-12-23,72,2.5561
2024-12-24,78,1.9944
2024-12-25,62,2.9339
2024-12-26,102,3.5069
2024-12-27,65,2.4281
2024-12-28,42,2.8403
2024-12-29,35,1.7168
2024-12-30,53,2.3817
2024-12-31,124,2.2814
2025-01-01,47,1.9693
2025-01-02,60,1.8884
2025-01-03,74,3.2486
2025-01-04,43,2.4295
2025-01-05,40,2.3037
2025-01-06,148,2.0166
2025-01-07,163,2.3706
2025-01-08,213,2.9157
2025-01-09,149,2.2177
2025-01-10,112,1.9707
2025-01-11,54,1.0685
2025-01-12,45,2.0973
2025-01-13,68,1.9297
2025-01-14,68,1.9435
2025-01-15,93,1.6817
2025-01-16,65,1.4799
2025-01-17,102,1.76
2025-01-18,37,2.172
2025-01-19,38,1.6999
2025-01-20,106,1.8531
2025-01-21,70,2.2879
2025-01-22,88,1.9963
2025-01-23,70,1.4334
2025-01-24,92,2.2455
2025-01-25,45,1.1073
2025-01-26,33,2.347
2025-01-27,41,1.9767
2025-01-28,37,2.2415
2025-01-29,46,2.572
2025-01-30,33,3.6397
2025-01-31,32,1.6168
2025-02-01,23,1.0207
2025-02-02,20,1.4874
2025-02-03,47,1.49
2025-02-04,52,2.0862
2025-02-05,67,1.3851
2025-02-06,102,2.3571
2025-02-07,95,2.7067
2025-02-08,81,1.9912
2025-02-09,71,1.2842
2025-02-10,74,1.8785
2025-02-11,108,1.659
2025-02-12,94,2.1943
2025-02-13,48,0.9843
2025-02-14,75,2.2467
2025-02-15,40,2.2584
2025-02-16,55,2.6796
2025-02-17,93,1.1829
2025-02-18,91,2.3442
2025-02-19,83,2.1577
2025-02-20,123,2.1744
2025-02-21,119,2.2139
2025-02-22,40,1.1007
2025-02-23,48,1.7906
2025-02-24,91,1.6466
2025-02-25,116,1.7469
2025-02-26,120,1.3151
2025-02-27,101,1.9127
2025-02-28,74,1.5368
2025-03-01,47,1.4036
2025-03-02,51,1.0445
2025-03-03,161,2.5922
2025-03-04,99,3.3376
2025-03-05,98,2.1166
2025-03-06,120,2.8758
2025-03-07,88,2.3934
2025-03-08,37,2.893
2025-03-09,34,1.7253
2025-03-10,65,2.2184
2025-03-11,71,1.747
2025-03-12,116,1.1655
2025-03-13,81,0.7793
2025-03-14,107,1.2015
2025-03-15,56,0.6778
2025-03-16,32,0.9964
2025-03-17,55,2.3917
2025-03-18,69,2.368
2025-03-19,149,2.0464
2025-03-20,139,2.0898
2025-03-21,96,1.2026
2025-03-22,68,1.204
2025-03-23,68,1.119
2025-03-24,120,2.0495
2025-03-25,80,1.7273
2025-03-26,90,2.1799
2025-03-27,87,1.861
2025-03-28,74,1.5776
2025-03-29,35,1.7401
2025-03-30,40,1.3941
2025-03-31,119,3.2148
2025-04-01,113,2.6547
2025-04-02,66,1.8626
2025-04-03,108,2.1476
2025-04-04,59,0.61
2025-04-05,57,1.2839
2025-04-06,37,0.3633
2025-04-07,90,0.1435
2025-04-08,83,0.87
2025-04-09,119,1.0257
2025-04-10,113,0.6704
2025-04-11,84,1.1693
2025-04-12,58,0.436
2025-04-13,39,-0.3784
2025-04-14,55,1.4694
2025-04-15,45,0.48
2025-04-16,86,0.9479
2025-04-17,112,1.5799
2025-04-18,108,1.7489
2025-04-19,49,1.099
2025-04-20,47,0.1206
2025-04-21,65,0.9265
2025-04-22,97,1.5963
2025-04-23,77,1.4663
2025-04-24,69,1.6125
2025-04-25,101,0.8627
2025-04-26,45,0.3374
2025-04-27,71,2.0419
2025-04-28,95,2.1095
2025-04-29,62,1.248
2025-04-30,68,2.1286
2025-05-01,53,1.8227
2025-05-02,40,2.4841
2025-05-03,23,1.0416
2025-05-04,42,0.9448
2025-05-05,48,1.5054
2025-05-06,69,1.8357
2025-05-07,171,4.2286
2025-05-08,91,2.7873
2025-05-09,92,2.6303
2025-05-10,70,1.934
2025-05-11,57,0.8752
2025-05-12,61,1.4443
2025-05-13,68,2.2886
2025-05-14,85,1.4579
2025-05-15,89,1.9234
2025-05-16,101,1.8368
2025-05-17,40,1.1045
2025-05-18,34,1.9814
2025-05-19,87,1.2874
2025-05-20,122,1.6323
2025-05-21,81,2.2614
2025-05-22,111,1.7431
2025-05-23,129,1.9453
2025-05-24,43,1.2697
2025-05-25,65,1.3517
2025-05-26,78,1.4655
2025-05-27,89,1.9281
2025-05-28,96,1.1086
2025-05-29,98,2.0039
2025-05-30,129,2.1188
2025-05-31,40,1.3746
2025-06-01,51,1.3011
2025-06-02,55,1.2091
2025-06-03,76,2.3031
2025-06-04,85,1.8243
2025-06-05,89,1.3056
2025-06-06,104,2.3024
2025-06-07,164,2.2199
2025-06-08,83,2.0152
2025-06-09,89,1.6459
2025-06-10,87,1.6529
2025-06-11,80,0.9706
2025-06-12,67,1.1306
2025-06-13,108,2.0546
2025-06-14,24,1.8413
2025-07-02,79,2.8133
2025-07-03,93,2.7878
2025-07-04,72,1.6614
2025-07-05,47,1.0203
2025-07-06,44,0.5835
2025-07-07,99,1.6232
2025-07-08,194,2.2817
2025-07-09,109,1.2543
2025-07-10,104,0.988
2025-07-11,141,1.3765
2025-07-12,74,1.9326
2025-07-13,45,1.1232
2025-07-14,87,2.3728
2025-07-15,83,1.7315
2025-07-16,82,2.9374
2025-07-17,120,1.0356
2025-07-18,93,1.738
2025-07-19,62,0.6831
2025-07-20,43,1.5298
2025-07-21,108,2.0075
2025-07-22,126,1.8824
2025-07-23,86,1.3813
2025-07-24,67,1.2811
2025-07-25,67,1.3214
2025-07-26,51,1.7625
2025-07-27,92,3.1417
2025-07-28,155,3.0919
2025-07-29,133,1.7873
2025-07-30,128,1.8355
2025-07-31,107,1.9983
2025-08-01,74,1.7065
2025-08-02,51,2.1494
2025-08-03,78,2.055
2025-08-04,81,1.2855
2025-08-05,122,1.8503
2025-08-06,83,1.5772
2025-08-07,91,1.3791
2025-08-08,101,2.4473
2025-08-09,80,2.4499
2025-08-10,47,1.417
2025-08-11,63,1.6889
2025-08-12,89,1.6456
2025-08-13,123,1.7361
2025-08-14,121,2.4709
2025-08-15,95,1.7051
2025-08-16,55,0.4357
2025-08-17,54,0.9859
2025-08-18,91,2.1913
2025-08-19,93,2.0884
2025-08-20,74,1.9213
2025-08-21,77,1.7267
2025-08-22,79,2.0504
2025-08-23,46,1.5682
2025-08-24,50,1.7366
2025-08-25,77,1.1755
2025-08-26,75,2.7519
2025-08-27,77,2.912
2025-08-28,79,2.3467
2025-08-29,123,1.8607
2025-08-30,62,2.0933
2025-08-31,42,1.1308
2025-09-01,60,2.0578
2025-09-02,56,2.3926
2025-09-03,50,1.2062
2025-09-04,74,1.6313
2025-09-05,172,2.349
2025-09-06,69,2.071
2025-09-07,51,1.4216
2025-09-08,102,2.2231
2025-09-09,98,1.7773
2025-09-10,82,2.5273
2025-09-11,100,2.2477
2025-09-12,110,1.3132
2025-09-13,55,0.7602
2025-09-14,47,0.8463
2025-09-15,86,1.1209
2025-09-16,85,1.0373
2025-09-17,81,1.2253
2025-09-18,70,2.3908
2025-09-19,122,2.506
2025-09-20,63,0.9756
2025-09-21,58,0.9111
2025-09-22,70,1.3138
2025-09-23,81,1.2651
2025-09-24,83,0.8927
2025-09-25,80,2.1208
2025-09-26,106,1.276
2025-09-27,51,1.2475
2025-09-28,74,1.4708
2025-09-29,58,2.3003
2025-09-30,95,1.5324
2025-10-01,47,1.7623
2025-10-02,28,1.3235
2025-10-03,31,0.7734
2025-10-04,32,1.3665
2025-10-05,52,2.4828
2025-10-06,51,2.2414
2025-10-07,60,1.7864
2025-10-08,48,1.6421
2025-10-09,77,1.9081
2025-10-10,82,1.96
2025-10-11,51,1.1036
2025-10-12,45,1.1881
2025-10-13,68,0.9396
2025-10-14,95,2.0975
2025-10-15,73,1.85
2025-10-16,69,0.9238
2025-10-17,119,0.4947
2025-10-18,48,1.0001
2025-10-19,35,1.0706
2025-10-20,63,1.3722
2025-10-21,78,1.6914
2025-10-22,83,1.6654
2025-10-23,102,1.8794
2025-10-24,67,1.5864
2025-10-25,55,0.386
2025-10-26,47,0.434
2025-10-27,63,0.8623
2025-10-28,54,1.4022
2025-10-29,64,2.2993
2025-10-30,82,2.2063
2025-10-31,74,3.408
2025-11-01,78,2.2515
2025-11-02,59,3.2683
2025-11-03,70,1.7693
2025-11-04,63,1.8182
2025-11-05,59,1.4888
2025-11-06,96,2.1881
2025-11-07,79,2.5205
2025-11-08,59,1.2769
2025-11-09,42,0.4853
2025-11-10,50,2.6344
2025-11-11,104,0.6826
2025-11-12,120,2.2304
2025-11-13,75,2.2026
2025-11-14,98,1.4392
2025-11-15,92,0.467
2025-11-16,88,-0.9234
2025-11-17,123,0.3895
2025-11-18,143,2.1647
2025-11-19,73,1.4724
2025-11-20,123,2.8328
2025-11-21,122,1.8785
2025-11-22,73,1.8171
2025-11-23,53,1.1181
2025-11-24,112,2.1358
2025-11-25,131,2.2847
2025-11-26,91,1.4417
2025-11-27,124,1.4475
2025-11-28,155,2.0575
2025-11-29,70,1.1102
2025-11-30,78,1.3322
2025-12-01,66,1.9944
2025-12-02,153,1.7605
2025-12-03,114,1.9873
2025-12-04,62,1.6799
2025-12-05,112,1.9715
2025-12-06,0,0
2025-12-07,75,0.6737
2025-12-08,121,1.3038
2025-12-09,74,1.4031
2025-12-10,103,2.0326
2025-12-11,104,1.9434
2025-12-12,110,1.7814
2025-12-13,54,-0.2228
2025-12-14,62,0.5496
2025-12-15,70,1.6665
2025-12-16,99,0.5517
2025-12-17,130,1.9826
2025-12-18,119,0.7042
2025-12-19,114,2.0216
2025-12-20,56,1.4116
2025-12-21,63,0.8443
2025-12-22,98,1.5374
2025-12-23,105,2.2659
2025-12-24,106,1.5271
2025-12-25,97,1.8567
2025-12-26,121,2.0121
2025-12-27,62,1.0601
2025-12-28,77,0.8136
2025-12-29,135,1.6497
2025-12-30,106,2.0397
2025-12-31,122,1.5736
2026-01-01,55,0.9556
2026-01-02,72,0.9822
2026-01-03,88,1.0498
2026-01-04,111,2.032
2026-01-05,221,1.7843
2026-01-06,166,1.5213
2026-01-07,519,2.3208
2026-01-08,207,2.5872
2026-01-09,171,2.0722
2026-01-10,92,1.5344
2026-01-11,77,2.2061
2026-01-12,101,1.9529
2026-01-13,121,1.3021
2026-01-14,151,1.9416
2026-01-15,80,1.7683
2026-01-16,75,2.074
2026-01-17,60,2.0311
2026-01-18,102,2.301
2026-01-19,72,2.1795
2026-01-20,128,2.1729
2026-01-21,77,2.8174
2026-01-22,87,0.6758
2026-01-23,77,1.6216
2026-01-24,43,1.1172
2026-01-25,82,2.3683
2026-01-26,101,0.9933
2026-01-27,73,1.4582
2026-01-28,66,1.5292
2026-01-29,63,1.6257
2026-01-30,73,1.5742
2026-01-31,43,1.2664
2026-02-01,33,0.8507
2026-02-02,62,2.2513
2026-02-03,50,2.4979
2026-02-04,64,1.8934
2026-02-05,58,1.4409
2026-02-06,80,0.4322
2026-02-07,39,1.0885
2026-02-08,37,1.1562
2026-02-09,84,1.204
2026-02-10,77,1.9213
2026-02-11,48,2.127
2026-02-12,76,2.3865
2026-02-13,76,1.0157
2026-02-14,66,1.1378
2026-02-15,57,1.6443
2026-02-16,42,2.0798
2026-02-17,47,1.4981
2026-02-18,39,1.1602
2026-02-19,33,0.8813
2026-02-20,26,1.3614
2026-02-21,39,0.6636
2026-02-22,28,0.1337
2026-02-23,21,1.1287
2026-02-24,63,2.0135
2026-02-25,63,2.2271
2026-02-26,76,1.2753
2026-02-27,94,0.5056
2026-02-28,2,3.3516
2026-03-01,47,0.2817
2026-03-02,118,1.9503
2026-03-03,104,1.6036
2026-03-04,117,1.9305
2026-03-05,77,1.7746
2026-03-06,84,1.9438
2026-03-07,45,1.362
2026-03-08,69,0.2793
2026-03-09,150,0.8958
2026-03-10,90,0.9605
2026-03-11,91,1.7166
2026-03-12,80,2.5418
2026-03-13,63,1.5405
2026-03-14,63,2.0272
2026-03-15,65,2.1176
2026-03-16,83,0.9194
2026-03-17,169,1.2527
2026-03-18,131,1.5983
2026-03-19,85,2.1396
2026-03-20,94,1.6541
2026-03-21,36,0.1088
2026-03-22,31,1.276
2026-03-23,53,1.3556
2026-03-24,70,1.296
2026-03-25,99,2.1438
2026-03-26,88,0.8849
2026-03-27,50,1.7155
2026-03-28,54,1.2142
2026-03-29,45,0.2025
2026-03-30,91,1.8332
2026-03-31,87,2.0152
2026-04-01,97,1.9792
2026-04-02,91,1.5933
2026-04-03,86,1.77
2026-04-04,70,1.2389
2026-04-05,27,1.4735
2026-04-06,72,2.75
2026-04-07,83,1.2496
2026-04-08,96,1.8084
2026-04-09,83,1.1354
2026-04-10,101,0.8067
2026-04-11,51,1.3611
2026-04-12,33,1.1453
2026-04-13,57,1.7728
2026-04-14,100,1.2453
2026-04-15,97,0.7187
2026-04-16,112,1.4207
2026-04-17,67,1.721
2026-04-18,45,1.2051
2026-04-19,80,1.1042
2026-04-20,82,1.7468
2026-04-21,91,1.0242
2026-04-22,92,1.451
2026-04-23,118,1.2944
2026-04-24,93,1.0683
2026-04-25,82,1.3069
2026-04-26,51,0.8115
2026-04-27,107,2.1131
2026-04-28,90,1.2454
2026-04-29,84,1.0537
2026-04-30,88,1.5072
2026-05-01,43,2.2497
2026-05-02,46,1.925
2026-05-03,41,1.1473
2026-05-04,63,0.8299
2026-05-05,36,1.5291
2026-05-06,80,1.4883
2026-05-07,86,1.4079
2026-05-08,87,1.188
2026-05-09,77,0.7412
2026-05-10,57,1.5743
2026-05-11,72,1.5862
2026-05-12,119,1.7942
2026-05-13,165,1.3609
2026-05-14,107,1.6255
2026-05-15,129,1.3509
2026-05-16,83,1.2113
2026-05-17,40,1.5591
2026-05-18,55,1.4933
2026-05-19,110,1.7819
2026-05-20,100,2.126
2026-05-21,93,1.9542
2026-05-22,202,2.0174
2026-05-23,68,1.1835
2026-05-24,44,1.3314
2026-05-25,96,1.8034
2026-05-26,134,2.0254
2026-05-27,145,1.3193
2026-05-28,172,1.5301
2026-05-29,147,1.8948
2026-05-30,134,2.1656
2026-05-31,79,1.8488
2026-06-01,289,2.0902
2026-06-02,257,1.2466
2026-06-03,179,1.5659
2026-06-04,161,1.138
2026-06-05,112,0.9452
2026-06-06,43,0.8813
2026-06-07,88,0.5003
2026-06-08,94,1.3269
2026-06-09,75,1.4029
2026-06-10,132,1.2708
2026-06-11,109,1.5959
2026-06-12,126,1.7317
2026-06-13,57,1.6239
2026-06-14,49,1.5471
2026-06-15,96,1.6116
2026-06-16,114,1.6405
2026-06-17,149,1.966
2026-06-18,91,1.686
2026-06-19,80,1.189
2026-06-20,50,0.3443
2026-06-21,49,0.7298
2026-06-22,120,1.4944
2026-06-23,170,1.8871
2026-06-24,104,1.9133
2026-06-25,114,2.0356
2026-06-26,143,1.612
2026-06-27,70,0.1936
2026-06-28,40,0.388
2026-06-29,108,1.0835
2026-06-30,110,0.8473
2026-07-05,52,0.5855
2026-07-06,67,1.179
2026-07-07,114,0.9331
2026-07-08,110,1.5211
2026-07-09,124,1.0214
2026-07-10,113,1.8627
2026-07-11,75,0.3579
2026-07-12,48,1.0023
2026-07-13,99,1.4594
2026-07-14,68,1.6499
