calendar_quarter,fiscal_year,fiscal_quarter,period_start,period_end,revenue_usd_m,adjusted_net_income_usd_m,reported_net_income_usd_m,profit_metric,source_url,extraction_status,brand_index,brand_index_weeks,category_demand_z,hsi_log_return,ndx_hkd_log_return,lenovo_event_count,confirmed_event_count,adjusted_net_margin_pp,delta_brand_index,delta_category_demand_z,delta_adjusted_net_margin_pp,delta_log_adjusted_net_income,delta_log_revenue,fiscal_q2,fiscal_q3,fiscal_q4
2022Q2,FY22/23,Q1,2022-04-01,2022-06-30,16956,556,516,non_HKFRS_net_income,https://investor.lenovo.com/en/financial/results/press_2223_q1.pdf,official_financial_highlights_table,95.70189951791933,13,-0.45448112078332253,-0.00818976887313463,-0.25448983149220833,0.0,0.0,3.2790752535975467,,,,,,0.0,0.0,0.0
2022Q3,FY22/23,Q2,2022-07-01,2022-09-30,17090,591,541,non_HKFRS_net_income,https://investor.lenovo.com/en/financial/results/press_2223_q2.pdf,official_financial_highlights_table,99.66908533667343,13,-0.20509178433968847,-0.23706535170274448,-0.054137602040821964,1.0,1.0,3.4581626682270334,3.9671858187541034,0.24938933644363406,0.17908741462948674,0.06104772315551621,0.007871743637108963,1.0,0.0,0.0
2022Q4,FY22/23,Q3,2022-10-01,2022-12-31,15267,447,437,non_HKFRS_net_income,https://investor.lenovo.com/en/financial/results/press_2223_q3.pdf,official_financial_highlights_table,99.59602633822071,13,-0.35773006207152913,0.1468631299764563,-0.03322558377186813,2.0,1.0,2.9278836706622124,-0.07305899845272279,-0.15263827773184066,-0.530278997564821,-0.2792574227925293,-0.11279986085269478,0.0,1.0,0.0
2023Q1,FY22/23,Q4,2023-01-01,2023-03-31,12635,284,114,non_HKFRS_net_income,https://investor.lenovo.com/en/financial/results/press_2223_q4.pdf,official_Q4_financial_highlights_table,101.10264752355023,13,-0.5475930951775131,0.01256979472097439,0.19990471165526222,2.0,2.0,2.247724574594381,1.5066211853295215,-0.18986303310598396,-0.6801590960678316,-0.45358435645236295,-0.18922289543464643,0.0,0.0,1.0
2023Q2,FY23/24,Q1,2023-04-01,2023-06-30,12900,191,177,non_HKFRS_net_income,https://investor.lenovo.com/en/financial/results/press_2324_q1.pdf,official_financial_highlights_table,96.94128847268074,13,-0.8883586248401386,-0.07595394423690564,0.14225368113117487,0.0,0.0,1.4806201550387597,-4.161359050869493,-0.3407655296626255,-0.7671044195556211,-0.39670081011457636,0.02075657052746749,0.0,0.0,0.0
2023Q3,FY23/24,Q2,2023-07-01,2023-09-30,14410,273,249,non_HKFRS_net_income,https://investor.lenovo.com/en/financial/results/press_2324_q2.pdf,official_financial_highlights_table,101.97491817922531,13,-0.40165151328991966,-0.0807054648198776,-0.033998168878162274,0.0,0.0,1.8945176960444137,5.033629706544573,0.48670711155021895,0.413897541005654,0.35719836713832986,0.11069509864380578,1.0,0.0,0.0
2023Q4,FY23/24,Q3,2023-10-01,2023-12-31,15721,357,337,non_HKFRS_net_income,https://investor.lenovo.com/en/financial/results/press_2324_q3.pdf,official_financial_highlights_table,103.51145745267847,13,-0.4469253887711702,-0.016512390477691603,0.12322718743545667,2.0,1.0,2.2708479104382673,1.5365392734531582,-0.04527387548125056,0.3763302143938536,0.268263986594679,0.08707498819794601,0.0,1.0,0.0
2024Q1,FY23/24,Q4,2024-01-01,2024-03-31,13833,223,248,restated_non_HKFRS_net_income,https://investor.lenovo.com/en/financial/results/press_2425_q4.pdf,official_following_year_comparative_table,101.15455802086504,13,-0.5896608233904577,-0.014829619299417058,0.10064221765670633,2.0,2.0,1.6120870382418853,-2.3568994318134315,-0.14273543461928745,-0.658760872196382,-0.4705640103195199,-0.12794035631669942,0.0,0.0,1.0
2024Q2,FY24/25,Q1,2024-04-01,2024-06-30,15447,320,243,restated_adjusted_non_HKFRS_net_income,https://investor.lenovo.com/en/financial/results/press_2526_q1.pdf,official_following_year_comparative_table,100.04969253806439,13,-0.7918000107215669,0.04543851850567399,0.07109953274029529,1.0,1.0,2.071599663365055,-1.1048654828006477,-0.20213918733110925,0.4595126251231696,0.36114922433365315,0.11035776783943518,0.0,0.0,0.0
2024Q3,FY24/25,Q2,2024-07-01,2024-09-30,17850,409,359,restated_adjusted_non_HKFRS_net_income,https://investor.lenovo.com/en/financial/results/press_2526_q2.pdf,official_following_year_comparative_table,101.6039969427151,14,-0.24479988705514433,0.1734046816437543,0.007566556508766869,1.0,1.0,2.291316526610644,1.5543044046507077,0.5470001236664226,0.21971686324558926,0.24539416024903016,0.14458869849353384,1.0,0.0,0.0
2024Q4,FY24/25,Q3,2024-10-01,2024-12-31,18796,435,693,restated_adjusted_non_HKFRS_net_income,https://investor.lenovo.com/en/financial/results/press_2526_q3.pdf,official_following_year_comparative_table,102.30141604548476,13,-0.22404249398609136,-0.11228605769825434,0.05971615701612905,2.0,1.0,2.31432219621196,0.6974191027696577,0.02075739306905297,0.02300566960131567,0.06163087504588205,0.05164057301492164,0.0,1.0,0.0
2025Q1,FY24/25,Q4,2025-01-01,2025-03-31,16984,278,90,non_HKFRS_net_income,https://investor.lenovo.com/en/financial/results/press_2425_q4.pdf,official_Q4_financial_highlights_table,104.2956192174156,13,-0.32543784064239695,0.16396121009484094,-0.08288457254407562,2.0,2.0,1.6368346679227508,1.9942031719308488,-0.10139534665630559,-0.677487528289209,-0.4477249173980473,-0.10137235683961343,0.0,0.0,1.0
2025Q2,FY25/26,Q1,2025-04-01,2025-06-30,18830,389,505,adjusted_non_HKFRS_net_income,https://investor.lenovo.com/en/financial/results/press_2526_q1.pdf,official_financial_highlights_table,104.11021978620812,13,-0.5728732721016546,0.03661388575011015,0.16304285449945566,0.0,0.0,2.0658523632501327,-0.18539943120748603,-0.24743543145925767,0.4290176953273819,0.335958229927809,0.10317961826810595,0.0,0.0,0.0
2025Q3,FY25/26,Q2,2025-07-01,2025-09-30,20452,512,340,adjusted_non_HKFRS_net_income,https://investor.lenovo.com/en/financial/results/press_2526_q2.pdf,official_financial_highlights_table,114.11931519893257,13,0.9112936538125861,0.10323593699971724,0.08502999813445837,1.0,1.0,2.50342264815177,10.009095412724449,1.4841669259142407,0.4375702849016374,0.2747452814210618,0.0826293345486917,1.0,0.0,0.0
2025Q4,FY25/26,Q3,2025-10-01,2025-12-31,22204,589,546,adjusted_non_HKFRS_net_income,https://investor.lenovo.com/en/financial/results/press_2526_q3.pdf,official_financial_highlights_table,111.24223205823374,13,0.7489499511562543,-0.0626301918588365,0.017899486583509473,1.0,0.0,2.6526751936588,-2.8770831406988293,-0.1623437026563318,0.14925254550702993,0.14010155861207885,0.08219177561016267,0.0,1.0,0.0
2026Q1,FY25/26,Q4,2026-01-01,2026-03-31,21588,559,521,adjusted_non_HKFRS_net_income,https://investor.lenovo.com/en/financial/results/press_2526_q4.pdf,official_Q4_financial_highlights_table,107.82865825164548,13,0.8528606803780693,-0.060665296571698085,-0.05312717226283892,2.0,2.0,2.589401519362609,-3.4135738065882606,0.10391072922181499,-0.06327367429619102,-0.05227671049648741,-0.028134848071520224,0.0,0.0,1.0
2026Q2,FY26/27,Q1,2026-04-01,2026-06-30,26943,1075,-609,adjusted_non_HKFRS_net_income,https://investor.lenovo.com/en/financial/results/press_2627_q1.pdf,official_financial_highlights_table,117.99072086403945,13,2.5365352711756795,-0.10026064625995952,0.23216288866615892,0.0,0.0,3.989904613443195,10.162062612393967,1.6836745907976103,1.400503094080586,0.6539264674066638,0.22158591860052645,0.0,0.0,0.0
