"donor_pool","method","donors","folds","oos_rmspe_index_points","oos_mean_error_index_points","worst_fold_mean_error"
"expanded","simplex_scm",26,4,3.8020025444292207,1.3599839249492958,4.575043459862028
"expanded_plus_sensitivity","simplex_scm",28,4,3.8020025864546656,1.3599838415092582,4.5750435510887835
"expanded_plus_sensitivity","synthetic_did",28,4,3.8394598782145155,1.6142072338040234,4.410196614527716
"expanded","synthetic_did",26,4,3.8444011254691794,1.3058894243863302,3.759320845077114
"expanded_parallel_trend_screened","simplex_scm",10,4,3.8536860147805236,0.4488559978620759,4.212983327121019
"base_plus_sensitivity","generalized_scm_factor",13,4,3.9726872447072403,1.6448374283382217,3.752311543315562
"expanded_parallel_trend_screened","generalized_scm_factor",10,4,4.104508148217132,0.1776114266019173,4.5029746749628075
"base_plus_sensitivity","synthetic_did",13,4,4.1076173380137675,2.5656030089082074,5.046679082280638
"expanded_parallel_trend_screened","augmented_scm",10,4,4.141560200851248,0.6928924270095278,4.954917547114798
"expanded_parallel_trend_screened","synthetic_did",10,4,4.2048480771051535,1.9695159732883305,6.126756327069743
"expanded_plus_sensitivity","augmented_scm",28,4,4.205406052575345,1.4185505886972818,5.480803462257075
"expanded","augmented_scm",26,4,4.212533979324935,1.367608389527725,5.254199949779885
"base","generalized_scm_factor",11,4,4.244731007247636,2.090306374900767,4.3955596316786645
"base_plus_sensitivity","augmented_scm",13,4,4.263482772131021,1.8974341124959628,4.975264643417145
"base_plus_sensitivity","simplex_scm",13,4,4.271699374127287,2.363865872934083,4.98883108938046
"base","simplex_scm",11,4,4.271699377792298,2.363865880395542,4.988831069597797
"base","augmented_scm",11,4,4.2930441251919715,2.2149281273943,4.594053022029159
"expanded_plus_sensitivity","generalized_scm_factor",28,4,4.464193382613954,0.7526991003827868,4.517321165422987
"expanded","generalized_scm_factor",26,4,4.464907553481956,0.27453189606347983,4.656318606074327
"base","synthetic_did",11,4,5.114951470115994,3.4095528347215014,6.267954874892769
