"donor_pool","method","window","placebo_filter","statistic","lift_index_points","pre_rmspe_index_points","treated_statistic","placebos_kept","p_value","selected_design","is_primary"
"base","augmented_scm","all_post","none","rmspe_ratio",7.2153819579675575,3.1975857562288126,3.208713213093764,11,0.9166666666666666,false,false
"base","augmented_scm","all_post","none","mean_gap_over_pre_rmspe",7.2153819579675575,3.1975857562288126,2.256509287956448,11,0.08333333333333333,false,false
"base","augmented_scm","all_post","pre_rmspe_5x","rmspe_ratio",7.2153819579675575,3.1975857562288126,3.208713213093764,11,0.9166666666666666,false,false
"base","augmented_scm","all_post","pre_rmspe_5x","mean_gap_over_pre_rmspe",7.2153819579675575,3.1975857562288126,2.256509287956448,11,0.08333333333333333,false,false
"base","augmented_scm","all_post","pre_rmspe_2x","rmspe_ratio",7.2153819579675575,3.1975857562288126,3.208713213093764,11,0.9166666666666666,false,false
"base","augmented_scm","all_post","pre_rmspe_2x","mean_gap_over_pre_rmspe",7.2153819579675575,3.1975857562288126,2.256509287956448,11,0.08333333333333333,false,false
"base","augmented_scm","excluding_spring_2026_surge","none","rmspe_ratio",5.9813115637984895,3.1975857562288126,2.6041334556989137,11,0.9166666666666666,false,false
"base","augmented_scm","excluding_spring_2026_surge","none","mean_gap_over_pre_rmspe",5.9813115637984895,3.1975857562288126,1.8705711182716689,11,0.08333333333333333,false,false
"base","augmented_scm","excluding_spring_2026_surge","pre_rmspe_5x","rmspe_ratio",5.9813115637984895,3.1975857562288126,2.6041334556989137,11,0.9166666666666666,false,false
"base","augmented_scm","excluding_spring_2026_surge","pre_rmspe_5x","mean_gap_over_pre_rmspe",5.9813115637984895,3.1975857562288126,1.8705711182716689,11,0.08333333333333333,false,false
"base","augmented_scm","excluding_spring_2026_surge","pre_rmspe_2x","rmspe_ratio",5.9813115637984895,3.1975857562288126,2.6041334556989137,11,0.9166666666666666,false,false
"base","augmented_scm","excluding_spring_2026_surge","pre_rmspe_2x","mean_gap_over_pre_rmspe",5.9813115637984895,3.1975857562288126,1.8705711182716689,11,0.08333333333333333,false,false
"base","augmented_scm","before_spring_2026_surge","none","rmspe_ratio",5.3874706983048934,3.1975857562288126,2.4683554787752024,11,0.9166666666666666,false,false
"base","augmented_scm","before_spring_2026_surge","none","mean_gap_over_pre_rmspe",5.3874706983048934,3.1975857562288126,1.6848557346148552,11,0.08333333333333333,false,false
"base","augmented_scm","before_spring_2026_surge","pre_rmspe_5x","rmspe_ratio",5.3874706983048934,3.1975857562288126,2.4683554787752024,11,0.9166666666666666,false,false
"base","augmented_scm","before_spring_2026_surge","pre_rmspe_5x","mean_gap_over_pre_rmspe",5.3874706983048934,3.1975857562288126,1.6848557346148552,11,0.08333333333333333,false,false
"base","augmented_scm","before_spring_2026_surge","pre_rmspe_2x","rmspe_ratio",5.3874706983048934,3.1975857562288126,2.4683554787752024,11,0.9166666666666666,false,false
"base","augmented_scm","before_spring_2026_surge","pre_rmspe_2x","mean_gap_over_pre_rmspe",5.3874706983048934,3.1975857562288126,1.6848557346148552,11,0.08333333333333333,false,false
"base","simplex_scm","all_post","none","rmspe_ratio",7.281817862283677,3.2031162077619606,3.2223281296104025,11,0.08333333333333333,false,false
"base","simplex_scm","all_post","none","mean_gap_over_pre_rmspe",7.281817862283677,3.2031162077619606,2.2733542556582838,11,0.08333333333333333,false,false
"base","simplex_scm","all_post","pre_rmspe_5x","rmspe_ratio",7.281817862283677,3.2031162077619606,3.2223281296104025,11,0.08333333333333333,false,false
"base","simplex_scm","all_post","pre_rmspe_5x","mean_gap_over_pre_rmspe",7.281817862283677,3.2031162077619606,2.2733542556582838,11,0.08333333333333333,false,false
"base","simplex_scm","all_post","pre_rmspe_2x","rmspe_ratio",7.281817862283677,3.2031162077619606,3.2223281296104025,11,0.08333333333333333,false,false
"base","simplex_scm","all_post","pre_rmspe_2x","mean_gap_over_pre_rmspe",7.281817862283677,3.2031162077619606,2.2733542556582838,11,0.08333333333333333,false,false
"base","simplex_scm","excluding_spring_2026_surge","none","rmspe_ratio",6.03576657320817,3.2031162077619606,2.612376724176617,11,0.25,false,false
"base","simplex_scm","excluding_spring_2026_surge","none","mean_gap_over_pre_rmspe",6.03576657320817,3.2031162077619606,1.8843420537106899,11,0.16666666666666666,false,false
"base","simplex_scm","excluding_spring_2026_surge","pre_rmspe_5x","rmspe_ratio",6.03576657320817,3.2031162077619606,2.612376724176617,11,0.25,false,false
"base","simplex_scm","excluding_spring_2026_surge","pre_rmspe_5x","mean_gap_over_pre_rmspe",6.03576657320817,3.2031162077619606,1.8843420537106899,11,0.16666666666666666,false,false
"base","simplex_scm","excluding_spring_2026_surge","pre_rmspe_2x","rmspe_ratio",6.03576657320817,3.2031162077619606,2.612376724176617,11,0.25,false,false
"base","simplex_scm","excluding_spring_2026_surge","pre_rmspe_2x","mean_gap_over_pre_rmspe",6.03576657320817,3.2031162077619606,1.8843420537106899,11,0.16666666666666666,false,false
"base","simplex_scm","before_spring_2026_surge","none","rmspe_ratio",5.436798690026973,3.2031162077619606,2.4752384824565943,11,0.25,false,false
"base","simplex_scm","before_spring_2026_surge","none","mean_gap_over_pre_rmspe",5.436798690026973,3.2031162077619606,1.6973466890936504,11,0.16666666666666666,false,false
"base","simplex_scm","before_spring_2026_surge","pre_rmspe_5x","rmspe_ratio",5.436798690026973,3.2031162077619606,2.4752384824565943,11,0.25,false,false
"base","simplex_scm","before_spring_2026_surge","pre_rmspe_5x","mean_gap_over_pre_rmspe",5.436798690026973,3.2031162077619606,1.6973466890936504,11,0.16666666666666666,false,false
"base","simplex_scm","before_spring_2026_surge","pre_rmspe_2x","rmspe_ratio",5.436798690026973,3.2031162077619606,2.4752384824565943,11,0.25,false,false
"base","simplex_scm","before_spring_2026_surge","pre_rmspe_2x","mean_gap_over_pre_rmspe",5.436798690026973,3.2031162077619606,1.6973466890936504,11,0.16666666666666666,false,false
"base","synthetic_did","all_post","none","rmspe_ratio",4.739349752797957,6.188842330591308,1.403438435201957,11,0.5833333333333334,false,false
"base","synthetic_did","all_post","none","mean_gap_over_pre_rmspe",4.739349752797957,6.188842330591308,0.7657893834799213,11,0.25,false,false
"base","synthetic_did","all_post","pre_rmspe_5x","rmspe_ratio",4.739349752797957,6.188842330591308,1.403438435201957,11,0.5833333333333334,false,false
"base","synthetic_did","all_post","pre_rmspe_5x","mean_gap_over_pre_rmspe",4.739349752797957,6.188842330591308,0.7657893834799213,11,0.25,false,false
"base","synthetic_did","all_post","pre_rmspe_2x","rmspe_ratio",4.739349752797957,6.188842330591308,1.403438435201957,11,0.5833333333333334,false,false
"base","synthetic_did","all_post","pre_rmspe_2x","mean_gap_over_pre_rmspe",4.739349752797957,6.188842330591308,0.7657893834799213,11,0.25,false,false
"base","synthetic_did","excluding_spring_2026_surge","none","rmspe_ratio",3.3953300143757903,6.188842330591308,1.076861568000029,11,0.8333333333333334,false,false
"base","synthetic_did","excluding_spring_2026_surge","none","mean_gap_over_pre_rmspe",3.3953300143757903,6.188842330591308,0.5486211851920593,11,0.3333333333333333,false,false
"base","synthetic_did","excluding_spring_2026_surge","pre_rmspe_5x","rmspe_ratio",3.3953300143757903,6.188842330591308,1.076861568000029,11,0.8333333333333334,false,false
"base","synthetic_did","excluding_spring_2026_surge","pre_rmspe_5x","mean_gap_over_pre_rmspe",3.3953300143757903,6.188842330591308,0.5486211851920593,11,0.3333333333333333,false,false
"base","synthetic_did","excluding_spring_2026_surge","pre_rmspe_2x","rmspe_ratio",3.3953300143757903,6.188842330591308,1.076861568000029,11,0.8333333333333334,false,false
"base","synthetic_did","excluding_spring_2026_surge","pre_rmspe_2x","mean_gap_over_pre_rmspe",3.3953300143757903,6.188842330591308,0.5486211851920593,11,0.3333333333333333,false,false
"base","synthetic_did","before_spring_2026_surge","none","rmspe_ratio",2.4824898981496033,6.188842330591308,0.9697247587173792,11,0.8333333333333334,false,false
"base","synthetic_did","before_spring_2026_surge","none","mean_gap_over_pre_rmspe",2.4824898981496033,6.188842330591308,0.40112346793498216,11,0.4166666666666667,false,false
"base","synthetic_did","before_spring_2026_surge","pre_rmspe_5x","rmspe_ratio",2.4824898981496033,6.188842330591308,0.9697247587173792,11,0.8333333333333334,false,false
"base","synthetic_did","before_spring_2026_surge","pre_rmspe_5x","mean_gap_over_pre_rmspe",2.4824898981496033,6.188842330591308,0.40112346793498216,11,0.4166666666666667,false,false
"base","synthetic_did","before_spring_2026_surge","pre_rmspe_2x","rmspe_ratio",2.4824898981496033,6.188842330591308,0.9697247587173792,11,0.8333333333333334,false,false
"base","synthetic_did","before_spring_2026_surge","pre_rmspe_2x","mean_gap_over_pre_rmspe",2.4824898981496033,6.188842330591308,0.40112346793498216,11,0.4166666666666667,false,false
"base","generalized_scm_factor","all_post","none","rmspe_ratio",8.251234668954428,3.3848176161792223,3.3570975120391817,11,0.08333333333333333,false,false
"base","generalized_scm_factor","all_post","none","mean_gap_over_pre_rmspe",8.251234668954428,3.3848176161792223,2.437719134264141,11,0.08333333333333333,false,false
"base","generalized_scm_factor","all_post","pre_rmspe_5x","rmspe_ratio",8.251234668954428,3.3848176161792223,3.3570975120391817,11,0.08333333333333333,false,false
"base","generalized_scm_factor","all_post","pre_rmspe_5x","mean_gap_over_pre_rmspe",8.251234668954428,3.3848176161792223,2.437719134264141,11,0.08333333333333333,false,false
"base","generalized_scm_factor","all_post","pre_rmspe_2x","rmspe_ratio",8.251234668954428,3.3848176161792223,3.3570975120391817,11,0.08333333333333333,false,false
"base","generalized_scm_factor","all_post","pre_rmspe_2x","mean_gap_over_pre_rmspe",8.251234668954428,3.3848176161792223,2.437719134264141,11,0.08333333333333333,false,false
"base","generalized_scm_factor","excluding_spring_2026_surge","none","rmspe_ratio",6.954718781522622,3.3848176161792223,2.777470779814893,11,0.08333333333333333,false,false
"base","generalized_scm_factor","excluding_spring_2026_surge","none","mean_gap_over_pre_rmspe",6.954718781522622,3.3848176161792223,2.054680508716183,11,0.08333333333333333,false,false
"base","generalized_scm_factor","excluding_spring_2026_surge","pre_rmspe_5x","rmspe_ratio",6.954718781522622,3.3848176161792223,2.777470779814893,11,0.08333333333333333,false,false
"base","generalized_scm_factor","excluding_spring_2026_surge","pre_rmspe_5x","mean_gap_over_pre_rmspe",6.954718781522622,3.3848176161792223,2.054680508716183,11,0.08333333333333333,false,false
"base","generalized_scm_factor","excluding_spring_2026_surge","pre_rmspe_2x","rmspe_ratio",6.954718781522622,3.3848176161792223,2.777470779814893,11,0.08333333333333333,false,false
"base","generalized_scm_factor","excluding_spring_2026_surge","pre_rmspe_2x","mean_gap_over_pre_rmspe",6.954718781522622,3.3848176161792223,2.054680508716183,11,0.08333333333333333,false,false
"base","generalized_scm_factor","before_spring_2026_surge","none","rmspe_ratio",6.307641118915452,3.3848176161792223,2.641949686448924,11,0.08333333333333333,false,false
"base","generalized_scm_factor","before_spring_2026_surge","none","mean_gap_over_pre_rmspe",6.307641118915452,3.3848176161792223,1.8635098945258708,11,0.08333333333333333,false,false
"base","generalized_scm_factor","before_spring_2026_surge","pre_rmspe_5x","rmspe_ratio",6.307641118915452,3.3848176161792223,2.641949686448924,11,0.08333333333333333,false,false
"base","generalized_scm_factor","before_spring_2026_surge","pre_rmspe_5x","mean_gap_over_pre_rmspe",6.307641118915452,3.3848176161792223,1.8635098945258708,11,0.08333333333333333,false,false
"base","generalized_scm_factor","before_spring_2026_surge","pre_rmspe_2x","rmspe_ratio",6.307641118915452,3.3848176161792223,2.641949686448924,11,0.08333333333333333,false,false
"base","generalized_scm_factor","before_spring_2026_surge","pre_rmspe_2x","mean_gap_over_pre_rmspe",6.307641118915452,3.3848176161792223,1.8635098945258708,11,0.08333333333333333,false,false
"base_plus_sensitivity","augmented_scm","all_post","none","rmspe_ratio",6.82220141358698,3.172758189882986,3.123785730637375,13,0.7857142857142857,false,false
"base_plus_sensitivity","augmented_scm","all_post","none","mean_gap_over_pre_rmspe",6.82220141358698,3.172758189882986,2.1502431024655517,13,0.07142857142857142,false,false
"base_plus_sensitivity","augmented_scm","all_post","pre_rmspe_5x","rmspe_ratio",6.82220141358698,3.172758189882986,3.123785730637375,13,0.7857142857142857,false,false
"base_plus_sensitivity","augmented_scm","all_post","pre_rmspe_5x","mean_gap_over_pre_rmspe",6.82220141358698,3.172758189882986,2.1502431024655517,13,0.07142857142857142,false,false
"base_plus_sensitivity","augmented_scm","all_post","pre_rmspe_2x","rmspe_ratio",6.82220141358698,3.172758189882986,3.123785730637375,13,0.7857142857142857,false,false
"base_plus_sensitivity","augmented_scm","all_post","pre_rmspe_2x","mean_gap_over_pre_rmspe",6.82220141358698,3.172758189882986,2.1502431024655517,13,0.07142857142857142,false,false
"base_plus_sensitivity","augmented_scm","excluding_spring_2026_surge","none","rmspe_ratio",5.631865825973322,3.172758189882986,2.536666843330331,13,0.7857142857142857,false,false
"base_plus_sensitivity","augmented_scm","excluding_spring_2026_surge","none","mean_gap_over_pre_rmspe",5.631865825973322,3.172758189882986,1.7750693525689172,13,0.07142857142857142,false,false
"base_plus_sensitivity","augmented_scm","excluding_spring_2026_surge","pre_rmspe_5x","rmspe_ratio",5.631865825973322,3.172758189882986,2.536666843330331,13,0.7857142857142857,false,false
"base_plus_sensitivity","augmented_scm","excluding_spring_2026_surge","pre_rmspe_5x","mean_gap_over_pre_rmspe",5.631865825973322,3.172758189882986,1.7750693525689172,13,0.07142857142857142,false,false
"base_plus_sensitivity","augmented_scm","excluding_spring_2026_surge","pre_rmspe_2x","rmspe_ratio",5.631865825973322,3.172758189882986,2.536666843330331,13,0.7857142857142857,false,false
"base_plus_sensitivity","augmented_scm","excluding_spring_2026_surge","pre_rmspe_2x","mean_gap_over_pre_rmspe",5.631865825973322,3.172758189882986,1.7750693525689172,13,0.07142857142857142,false,false
"base_plus_sensitivity","augmented_scm","before_spring_2026_surge","none","rmspe_ratio",5.0499703919479675,3.172758189882986,2.405468737807083,13,0.7857142857142857,false,false
"base_plus_sensitivity","augmented_scm","before_spring_2026_surge","none","mean_gap_over_pre_rmspe",5.0499703919479675,3.172758189882986,1.5916657021171268,13,0.07142857142857142,false,false
"base_plus_sensitivity","augmented_scm","before_spring_2026_surge","pre_rmspe_5x","rmspe_ratio",5.0499703919479675,3.172758189882986,2.405468737807083,13,0.7857142857142857,false,false
"base_plus_sensitivity","augmented_scm","before_spring_2026_surge","pre_rmspe_5x","mean_gap_over_pre_rmspe",5.0499703919479675,3.172758189882986,1.5916657021171268,13,0.07142857142857142,false,false
"base_plus_sensitivity","augmented_scm","before_spring_2026_surge","pre_rmspe_2x","rmspe_ratio",5.0499703919479675,3.172758189882986,2.405468737807083,13,0.7857142857142857,false,false
"base_plus_sensitivity","augmented_scm","before_spring_2026_surge","pre_rmspe_2x","mean_gap_over_pre_rmspe",5.0499703919479675,3.172758189882986,1.5916657021171268,13,0.07142857142857142,false,false
"base_plus_sensitivity","simplex_scm","all_post","none","rmspe_ratio",7.281817862278796,3.2031162077619624,3.2223281295963058,13,0.07142857142857142,false,false
"base_plus_sensitivity","simplex_scm","all_post","none","mean_gap_over_pre_rmspe",7.281817862278796,3.2031162077619624,2.2733542556567587,13,0.07142857142857142,false,false
"base_plus_sensitivity","simplex_scm","all_post","pre_rmspe_5x","rmspe_ratio",7.281817862278796,3.2031162077619624,3.2223281295963058,13,0.07142857142857142,false,false
"base_plus_sensitivity","simplex_scm","all_post","pre_rmspe_5x","mean_gap_over_pre_rmspe",7.281817862278796,3.2031162077619624,2.2733542556567587,13,0.07142857142857142,false,false
"base_plus_sensitivity","simplex_scm","all_post","pre_rmspe_2x","rmspe_ratio",7.281817862278796,3.2031162077619624,3.2223281295963058,13,0.07142857142857142,false,false
"base_plus_sensitivity","simplex_scm","all_post","pre_rmspe_2x","mean_gap_over_pre_rmspe",7.281817862278796,3.2031162077619624,2.2733542556567587,13,0.07142857142857142,false,false
"base_plus_sensitivity","simplex_scm","excluding_spring_2026_surge","none","rmspe_ratio",6.035766573218068,3.2031162077619624,2.612376724167781,13,0.21428571428571427,false,false
"base_plus_sensitivity","simplex_scm","excluding_spring_2026_surge","none","mean_gap_over_pre_rmspe",6.035766573218068,3.2031162077619624,1.8843420537137792,13,0.14285714285714285,false,false
"base_plus_sensitivity","simplex_scm","excluding_spring_2026_surge","pre_rmspe_5x","rmspe_ratio",6.035766573218068,3.2031162077619624,2.612376724167781,13,0.21428571428571427,false,false
"base_plus_sensitivity","simplex_scm","excluding_spring_2026_surge","pre_rmspe_5x","mean_gap_over_pre_rmspe",6.035766573218068,3.2031162077619624,1.8843420537137792,13,0.14285714285714285,false,false
"base_plus_sensitivity","simplex_scm","excluding_spring_2026_surge","pre_rmspe_2x","rmspe_ratio",6.035766573218068,3.2031162077619624,2.612376724167781,13,0.21428571428571427,false,false
"base_plus_sensitivity","simplex_scm","excluding_spring_2026_surge","pre_rmspe_2x","mean_gap_over_pre_rmspe",6.035766573218068,3.2031162077619624,1.8843420537137792,13,0.14285714285714285,false,false
"base_plus_sensitivity","simplex_scm","before_spring_2026_surge","none","rmspe_ratio",5.436798690071688,3.2031162077619624,2.475238482458599,13,0.14285714285714285,false,false
"base_plus_sensitivity","simplex_scm","before_spring_2026_surge","none","mean_gap_over_pre_rmspe",5.436798690071688,3.2031162077619624,1.6973466891076094,13,0.14285714285714285,false,false
"base_plus_sensitivity","simplex_scm","before_spring_2026_surge","pre_rmspe_5x","rmspe_ratio",5.436798690071688,3.2031162077619624,2.475238482458599,13,0.14285714285714285,false,false
"base_plus_sensitivity","simplex_scm","before_spring_2026_surge","pre_rmspe_5x","mean_gap_over_pre_rmspe",5.436798690071688,3.2031162077619624,1.6973466891076094,13,0.14285714285714285,false,false
"base_plus_sensitivity","simplex_scm","before_spring_2026_surge","pre_rmspe_2x","rmspe_ratio",5.436798690071688,3.2031162077619624,2.475238482458599,13,0.14285714285714285,false,false
"base_plus_sensitivity","simplex_scm","before_spring_2026_surge","pre_rmspe_2x","mean_gap_over_pre_rmspe",5.436798690071688,3.2031162077619624,1.6973466891076094,13,0.14285714285714285,false,false
"base_plus_sensitivity","synthetic_did","all_post","none","rmspe_ratio",5.594922907880645,5.530917232317989,1.6864868669905417,13,0.35714285714285715,false,false
"base_plus_sensitivity","synthetic_did","all_post","none","mean_gap_over_pre_rmspe",5.594922907880645,5.530917232317989,1.0115723437676232,13,0.21428571428571427,false,false
"base_plus_sensitivity","synthetic_did","all_post","pre_rmspe_5x","rmspe_ratio",5.594922907880645,5.530917232317989,1.6864868669905417,13,0.35714285714285715,false,false
"base_plus_sensitivity","synthetic_did","all_post","pre_rmspe_5x","mean_gap_over_pre_rmspe",5.594922907880645,5.530917232317989,1.0115723437676232,13,0.21428571428571427,false,false
"base_plus_sensitivity","synthetic_did","all_post","pre_rmspe_2x","rmspe_ratio",5.594922907880645,5.530917232317989,1.6864868669905417,13,0.35714285714285715,false,false
"base_plus_sensitivity","synthetic_did","all_post","pre_rmspe_2x","mean_gap_over_pre_rmspe",5.594922907880645,5.530917232317989,1.0115723437676232,13,0.21428571428571427,false,false
"base_plus_sensitivity","synthetic_did","excluding_spring_2026_surge","none","rmspe_ratio",4.159720294449415,5.530917232317989,1.2855396729050235,13,0.5714285714285714,false,false
"base_plus_sensitivity","synthetic_did","excluding_spring_2026_surge","none","mean_gap_over_pre_rmspe",4.159720294449415,5.530917232317989,0.7520850737276518,13,0.2857142857142857,false,false
"base_plus_sensitivity","synthetic_did","excluding_spring_2026_surge","pre_rmspe_5x","rmspe_ratio",4.159720294449415,5.530917232317989,1.2855396729050235,13,0.5714285714285714,false,false
"base_plus_sensitivity","synthetic_did","excluding_spring_2026_surge","pre_rmspe_5x","mean_gap_over_pre_rmspe",4.159720294449415,5.530917232317989,0.7520850737276518,13,0.2857142857142857,false,false
"base_plus_sensitivity","synthetic_did","excluding_spring_2026_surge","pre_rmspe_2x","rmspe_ratio",4.159720294449415,5.530917232317989,1.2855396729050235,13,0.5714285714285714,false,false
"base_plus_sensitivity","synthetic_did","excluding_spring_2026_surge","pre_rmspe_2x","mean_gap_over_pre_rmspe",4.159720294449415,5.530917232317989,0.7520850737276518,13,0.2857142857142857,false,false
"base_plus_sensitivity","synthetic_did","before_spring_2026_surge","none","rmspe_ratio",3.240560493317006,5.530917232317989,1.148583771716923,13,0.5714285714285714,false,false
"base_plus_sensitivity","synthetic_did","before_spring_2026_surge","none","mean_gap_over_pre_rmspe",3.240560493317006,5.530917232317989,0.5858992925046715,13,0.2857142857142857,false,false
"base_plus_sensitivity","synthetic_did","before_spring_2026_surge","pre_rmspe_5x","rmspe_ratio",3.240560493317006,5.530917232317989,1.148583771716923,13,0.5714285714285714,false,false
"base_plus_sensitivity","synthetic_did","before_spring_2026_surge","pre_rmspe_5x","mean_gap_over_pre_rmspe",3.240560493317006,5.530917232317989,0.5858992925046715,13,0.2857142857142857,false,false
"base_plus_sensitivity","synthetic_did","before_spring_2026_surge","pre_rmspe_2x","rmspe_ratio",3.240560493317006,5.530917232317989,1.148583771716923,13,0.5714285714285714,false,false
"base_plus_sensitivity","synthetic_did","before_spring_2026_surge","pre_rmspe_2x","mean_gap_over_pre_rmspe",3.240560493317006,5.530917232317989,0.5858992925046715,13,0.2857142857142857,false,false
"base_plus_sensitivity","generalized_scm_factor","all_post","none","rmspe_ratio",7.209982979944662,3.326290731497164,3.1613378772560727,13,0.07142857142857142,false,false
"base_plus_sensitivity","generalized_scm_factor","all_post","none","mean_gap_over_pre_rmspe",7.209982979944662,3.326290731497164,2.1675745032363567,13,0.07142857142857142,false,false
"base_plus_sensitivity","generalized_scm_factor","all_post","pre_rmspe_5x","rmspe_ratio",7.209982979944662,3.326290731497164,3.1613378772560727,13,0.07142857142857142,false,false
"base_plus_sensitivity","generalized_scm_factor","all_post","pre_rmspe_5x","mean_gap_over_pre_rmspe",7.209982979944662,3.326290731497164,2.1675745032363567,13,0.07142857142857142,false,false
"base_plus_sensitivity","generalized_scm_factor","all_post","pre_rmspe_2x","rmspe_ratio",7.209982979944662,3.326290731497164,3.1613378772560727,13,0.07142857142857142,false,false
"base_plus_sensitivity","generalized_scm_factor","all_post","pre_rmspe_2x","mean_gap_over_pre_rmspe",7.209982979944662,3.326290731497164,2.1675745032363567,13,0.07142857142857142,false,false
"base_plus_sensitivity","generalized_scm_factor","excluding_spring_2026_surge","none","rmspe_ratio",6.008465469132315,3.326290731497164,2.618254778038519,13,0.07142857142857142,false,false
"base_plus_sensitivity","generalized_scm_factor","excluding_spring_2026_surge","none","mean_gap_over_pre_rmspe",6.008465469132315,3.326290731497164,1.8063560747222793,13,0.14285714285714285,false,false
"base_plus_sensitivity","generalized_scm_factor","excluding_spring_2026_surge","pre_rmspe_5x","rmspe_ratio",6.008465469132315,3.326290731497164,2.618254778038519,13,0.07142857142857142,false,false
"base_plus_sensitivity","generalized_scm_factor","excluding_spring_2026_surge","pre_rmspe_5x","mean_gap_over_pre_rmspe",6.008465469132315,3.326290731497164,1.8063560747222793,13,0.14285714285714285,false,false
"base_plus_sensitivity","generalized_scm_factor","excluding_spring_2026_surge","pre_rmspe_2x","rmspe_ratio",6.008465469132315,3.326290731497164,2.618254778038519,13,0.07142857142857142,false,false
"base_plus_sensitivity","generalized_scm_factor","excluding_spring_2026_surge","pre_rmspe_2x","mean_gap_over_pre_rmspe",6.008465469132315,3.326290731497164,1.8063560747222793,13,0.14285714285714285,false,false
"base_plus_sensitivity","generalized_scm_factor","before_spring_2026_surge","none","rmspe_ratio",5.385850939634284,3.326290731497164,2.4970497066221715,13,0.07142857142857142,false,false
"base_plus_sensitivity","generalized_scm_factor","before_spring_2026_surge","none","mean_gap_over_pre_rmspe",5.385850939634284,3.326290731497164,1.619176245971173,13,0.14285714285714285,false,false
"base_plus_sensitivity","generalized_scm_factor","before_spring_2026_surge","pre_rmspe_5x","rmspe_ratio",5.385850939634284,3.326290731497164,2.4970497066221715,13,0.07142857142857142,false,false
"base_plus_sensitivity","generalized_scm_factor","before_spring_2026_surge","pre_rmspe_5x","mean_gap_over_pre_rmspe",5.385850939634284,3.326290731497164,1.619176245971173,13,0.14285714285714285,false,false
"base_plus_sensitivity","generalized_scm_factor","before_spring_2026_surge","pre_rmspe_2x","rmspe_ratio",5.385850939634284,3.326290731497164,2.4970497066221715,13,0.07142857142857142,false,false
"base_plus_sensitivity","generalized_scm_factor","before_spring_2026_surge","pre_rmspe_2x","mean_gap_over_pre_rmspe",5.385850939634284,3.326290731497164,1.619176245971173,13,0.14285714285714285,false,false
"expanded","augmented_scm","all_post","none","rmspe_ratio",7.024982885524122,2.8886256821537115,3.5288132904945035,26,0.5185185185185185,false,false
"expanded","augmented_scm","all_post","none","mean_gap_over_pre_rmspe",7.024982885524122,2.8886256821537115,2.4319464196850906,26,0.037037037037037035,false,false
"expanded","augmented_scm","all_post","pre_rmspe_5x","rmspe_ratio",7.024982885524122,2.8886256821537115,3.5288132904945035,26,0.5185185185185185,false,false
"expanded","augmented_scm","all_post","pre_rmspe_5x","mean_gap_over_pre_rmspe",7.024982885524122,2.8886256821537115,2.4319464196850906,26,0.037037037037037035,false,false
"expanded","augmented_scm","all_post","pre_rmspe_2x","rmspe_ratio",7.024982885524122,2.8886256821537115,3.5288132904945035,26,0.5185185185185185,false,false
"expanded","augmented_scm","all_post","pre_rmspe_2x","mean_gap_over_pre_rmspe",7.024982885524122,2.8886256821537115,2.4319464196850906,26,0.037037037037037035,false,false
"expanded","augmented_scm","excluding_spring_2026_surge","none","rmspe_ratio",5.544674945275244,2.8886256821537115,2.6866246983315745,26,0.48148148148148145,false,false
"expanded","augmented_scm","excluding_spring_2026_surge","none","mean_gap_over_pre_rmspe",5.544674945275244,2.8886256821537115,1.9194854423440653,26,0.07407407407407407,false,false
"expanded","augmented_scm","excluding_spring_2026_surge","pre_rmspe_5x","rmspe_ratio",5.544674945275244,2.8886256821537115,2.6866246983315745,26,0.48148148148148145,false,false
"expanded","augmented_scm","excluding_spring_2026_surge","pre_rmspe_5x","mean_gap_over_pre_rmspe",5.544674945275244,2.8886256821537115,1.9194854423440653,26,0.07407407407407407,false,false
"expanded","augmented_scm","excluding_spring_2026_surge","pre_rmspe_2x","rmspe_ratio",5.544674945275244,2.8886256821537115,2.6866246983315745,26,0.48148148148148145,false,false
"expanded","augmented_scm","excluding_spring_2026_surge","pre_rmspe_2x","mean_gap_over_pre_rmspe",5.544674945275244,2.8886256821537115,1.9194854423440653,26,0.07407407407407407,false,false
"expanded","augmented_scm","before_spring_2026_surge","none","rmspe_ratio",4.785419923760735,2.8886256821537115,2.4471645587940807,26,0.5185185185185185,false,false
"expanded","augmented_scm","before_spring_2026_surge","none","mean_gap_over_pre_rmspe",4.785419923760735,2.8886256821537115,1.6566424488038216,26,0.1111111111111111,false,false
"expanded","augmented_scm","before_spring_2026_surge","pre_rmspe_5x","rmspe_ratio",4.785419923760735,2.8886256821537115,2.4471645587940807,26,0.5185185185185185,false,false
"expanded","augmented_scm","before_spring_2026_surge","pre_rmspe_5x","mean_gap_over_pre_rmspe",4.785419923760735,2.8886256821537115,1.6566424488038216,26,0.1111111111111111,false,false
"expanded","augmented_scm","before_spring_2026_surge","pre_rmspe_2x","rmspe_ratio",4.785419923760735,2.8886256821537115,2.4471645587940807,26,0.5185185185185185,false,false
"expanded","augmented_scm","before_spring_2026_surge","pre_rmspe_2x","mean_gap_over_pre_rmspe",4.785419923760735,2.8886256821537115,1.6566424488038216,26,0.1111111111111111,false,false
"expanded","simplex_scm","all_post","none","rmspe_ratio",7.2016201451079995,2.917723767832487,3.551219454632202,26,0.07407407407407407,true,true
"expanded","simplex_scm","all_post","none","mean_gap_over_pre_rmspe",7.2016201451079995,2.917723767832487,2.468232333884686,26,0.037037037037037035,true,false
"expanded","simplex_scm","all_post","pre_rmspe_5x","rmspe_ratio",7.2016201451079995,2.917723767832487,3.551219454632202,26,0.07407407407407407,true,false
"expanded","simplex_scm","all_post","pre_rmspe_5x","mean_gap_over_pre_rmspe",7.2016201451079995,2.917723767832487,2.468232333884686,26,0.037037037037037035,true,false
"expanded","simplex_scm","all_post","pre_rmspe_2x","rmspe_ratio",7.2016201451079995,2.917723767832487,3.551219454632202,26,0.07407407407407407,true,false
"expanded","simplex_scm","all_post","pre_rmspe_2x","mean_gap_over_pre_rmspe",7.2016201451079995,2.917723767832487,2.468232333884686,26,0.037037037037037035,true,false
"expanded","simplex_scm","excluding_spring_2026_surge","none","rmspe_ratio",5.694673158308129,2.917723767832487,2.7011962200032595,26,0.1111111111111111,true,false
"expanded","simplex_scm","excluding_spring_2026_surge","none","mean_gap_over_pre_rmspe",5.694673158308129,2.917723767832487,1.951751985945735,26,0.1111111111111111,true,false
"expanded","simplex_scm","excluding_spring_2026_surge","pre_rmspe_5x","rmspe_ratio",5.694673158308129,2.917723767832487,2.7011962200032595,26,0.1111111111111111,true,false
"expanded","simplex_scm","excluding_spring_2026_surge","pre_rmspe_5x","mean_gap_over_pre_rmspe",5.694673158308129,2.917723767832487,1.951751985945735,26,0.1111111111111111,true,false
"expanded","simplex_scm","excluding_spring_2026_surge","pre_rmspe_2x","rmspe_ratio",5.694673158308129,2.917723767832487,2.7011962200032595,26,0.1111111111111111,true,false
"expanded","simplex_scm","excluding_spring_2026_surge","pre_rmspe_2x","mean_gap_over_pre_rmspe",5.694673158308129,2.917723767832487,1.951751985945735,26,0.1111111111111111,true,false
"expanded","simplex_scm","before_spring_2026_surge","none","rmspe_ratio",4.9283960227452415,2.917723767832487,2.4613370740240526,26,0.2222222222222222,true,false
"expanded","simplex_scm","before_spring_2026_surge","none","mean_gap_over_pre_rmspe",4.9283960227452415,2.917723767832487,1.6891235822527637,26,0.1111111111111111,true,false
"expanded","simplex_scm","before_spring_2026_surge","pre_rmspe_5x","rmspe_ratio",4.9283960227452415,2.917723767832487,2.4613370740240526,26,0.2222222222222222,true,false
"expanded","simplex_scm","before_spring_2026_surge","pre_rmspe_5x","mean_gap_over_pre_rmspe",4.9283960227452415,2.917723767832487,1.6891235822527637,26,0.1111111111111111,true,false
"expanded","simplex_scm","before_spring_2026_surge","pre_rmspe_2x","rmspe_ratio",4.9283960227452415,2.917723767832487,2.4613370740240526,26,0.2222222222222222,true,false
"expanded","simplex_scm","before_spring_2026_surge","pre_rmspe_2x","mean_gap_over_pre_rmspe",4.9283960227452415,2.917723767832487,1.6891235822527637,26,0.1111111111111111,true,false
"expanded","synthetic_did","all_post","none","rmspe_ratio",7.635327989003392,3.4282955568092417,3.195826537162009,26,0.037037037037037035,false,false
"expanded","synthetic_did","all_post","none","mean_gap_over_pre_rmspe",7.635327989003392,3.4282955568092417,2.227149865722105,26,0.037037037037037035,false,false
"expanded","synthetic_did","all_post","pre_rmspe_5x","rmspe_ratio",7.635327989003392,3.4282955568092417,3.195826537162009,26,0.037037037037037035,false,false
"expanded","synthetic_did","all_post","pre_rmspe_5x","mean_gap_over_pre_rmspe",7.635327989003392,3.4282955568092417,2.227149865722105,26,0.037037037037037035,false,false
"expanded","synthetic_did","all_post","pre_rmspe_2x","rmspe_ratio",7.635327989003392,3.4282955568092417,3.195826537162009,26,0.037037037037037035,false,false
"expanded","synthetic_did","all_post","pre_rmspe_2x","mean_gap_over_pre_rmspe",7.635327989003392,3.4282955568092417,2.227149865722105,26,0.037037037037037035,false,false
"expanded","synthetic_did","excluding_spring_2026_surge","none","rmspe_ratio",6.017871170269376,3.4282955568092417,2.460480521948405,26,0.037037037037037035,false,false
"expanded","synthetic_did","excluding_spring_2026_surge","none","mean_gap_over_pre_rmspe",6.017871170269376,3.4282955568092417,1.7553536649769734,26,0.07407407407407407,false,false
"expanded","synthetic_did","excluding_spring_2026_surge","pre_rmspe_5x","rmspe_ratio",6.017871170269376,3.4282955568092417,2.460480521948405,26,0.037037037037037035,false,false
"expanded","synthetic_did","excluding_spring_2026_surge","pre_rmspe_5x","mean_gap_over_pre_rmspe",6.017871170269376,3.4282955568092417,1.7553536649769734,26,0.07407407407407407,false,false
"expanded","synthetic_did","excluding_spring_2026_surge","pre_rmspe_2x","rmspe_ratio",6.017871170269376,3.4282955568092417,2.460480521948405,26,0.037037037037037035,false,false
"expanded","synthetic_did","excluding_spring_2026_surge","pre_rmspe_2x","mean_gap_over_pre_rmspe",6.017871170269376,3.4282955568092417,1.7553536649769734,26,0.07407407407407407,false,false
"expanded","synthetic_did","before_spring_2026_surge","none","rmspe_ratio",5.018586826141438,3.4282955568092417,2.1750429013899346,26,0.037037037037037035,false,false
"expanded","synthetic_did","before_spring_2026_surge","none","mean_gap_over_pre_rmspe",5.018586826141438,3.4282955568092417,1.4638722779235231,26,0.07407407407407407,false,false
"expanded","synthetic_did","before_spring_2026_surge","pre_rmspe_5x","rmspe_ratio",5.018586826141438,3.4282955568092417,2.1750429013899346,26,0.037037037037037035,false,false
"expanded","synthetic_did","before_spring_2026_surge","pre_rmspe_5x","mean_gap_over_pre_rmspe",5.018586826141438,3.4282955568092417,1.4638722779235231,26,0.07407407407407407,false,false
"expanded","synthetic_did","before_spring_2026_surge","pre_rmspe_2x","rmspe_ratio",5.018586826141438,3.4282955568092417,2.1750429013899346,26,0.037037037037037035,false,false
"expanded","synthetic_did","before_spring_2026_surge","pre_rmspe_2x","mean_gap_over_pre_rmspe",5.018586826141438,3.4282955568092417,1.4638722779235231,26,0.07407407407407407,false,false
"expanded","generalized_scm_factor","all_post","none","rmspe_ratio",6.008259172861736,3.308857353021089,2.8741780721549985,26,0.18518518518518517,false,false
"expanded","generalized_scm_factor","all_post","none","mean_gap_over_pre_rmspe",6.008259172861736,3.308857353021089,1.8158108772431698,26,0.07407407407407407,false,false
"expanded","generalized_scm_factor","all_post","pre_rmspe_5x","rmspe_ratio",6.008259172861736,3.308857353021089,2.8741780721549985,26,0.18518518518518517,false,false
"expanded","generalized_scm_factor","all_post","pre_rmspe_5x","mean_gap_over_pre_rmspe",6.008259172861736,3.308857353021089,1.8158108772431698,26,0.07407407407407407,false,false
"expanded","generalized_scm_factor","all_post","pre_rmspe_2x","rmspe_ratio",6.008259172861736,3.308857353021089,2.8741780721549985,26,0.18518518518518517,false,false
"expanded","generalized_scm_factor","all_post","pre_rmspe_2x","mean_gap_over_pre_rmspe",6.008259172861736,3.308857353021089,1.8158108772431698,26,0.07407407407407407,false,false
"expanded","generalized_scm_factor","excluding_spring_2026_surge","none","rmspe_ratio",4.6836162280308,3.308857353021089,2.2416342460475427,26,0.25925925925925924,false,false
"expanded","generalized_scm_factor","excluding_spring_2026_surge","none","mean_gap_over_pre_rmspe",4.6836162280308,3.308857353021089,1.4154784351022307,26,0.1111111111111111,false,false
"expanded","generalized_scm_factor","excluding_spring_2026_surge","pre_rmspe_5x","rmspe_ratio",4.6836162280308,3.308857353021089,2.2416342460475427,26,0.25925925925925924,false,false
"expanded","generalized_scm_factor","excluding_spring_2026_surge","pre_rmspe_5x","mean_gap_over_pre_rmspe",4.6836162280308,3.308857353021089,1.4154784351022307,26,0.1111111111111111,false,false
"expanded","generalized_scm_factor","excluding_spring_2026_surge","pre_rmspe_2x","rmspe_ratio",4.6836162280308,3.308857353021089,2.2416342460475427,26,0.25925925925925924,false,false
"expanded","generalized_scm_factor","excluding_spring_2026_surge","pre_rmspe_2x","mean_gap_over_pre_rmspe",4.6836162280308,3.308857353021089,1.4154784351022307,26,0.1111111111111111,false,false
"expanded","generalized_scm_factor","before_spring_2026_surge","none","rmspe_ratio",4.012185367824174,3.308857353021089,2.083378671693357,26,0.18518518518518517,false,false
"expanded","generalized_scm_factor","before_spring_2026_surge","none","mean_gap_over_pre_rmspe",4.012185367824174,3.308857353021089,1.2125591827525974,26,0.1111111111111111,false,false
"expanded","generalized_scm_factor","before_spring_2026_surge","pre_rmspe_5x","rmspe_ratio",4.012185367824174,3.308857353021089,2.083378671693357,26,0.18518518518518517,false,false
"expanded","generalized_scm_factor","before_spring_2026_surge","pre_rmspe_5x","mean_gap_over_pre_rmspe",4.012185367824174,3.308857353021089,1.2125591827525974,26,0.1111111111111111,false,false
"expanded","generalized_scm_factor","before_spring_2026_surge","pre_rmspe_2x","rmspe_ratio",4.012185367824174,3.308857353021089,2.083378671693357,26,0.18518518518518517,false,false
"expanded","generalized_scm_factor","before_spring_2026_surge","pre_rmspe_2x","mean_gap_over_pre_rmspe",4.012185367824174,3.308857353021089,1.2125591827525974,26,0.1111111111111111,false,false
"expanded_plus_sensitivity","augmented_scm","all_post","none","rmspe_ratio",7.011722551150879,2.8860516395067726,3.525364039822329,28,0.41379310344827586,false,false
"expanded_plus_sensitivity","augmented_scm","all_post","none","mean_gap_over_pre_rmspe",7.011722551150879,2.8860516395067726,2.4295208218620736,28,0.034482758620689655,false,false
"expanded_plus_sensitivity","augmented_scm","all_post","pre_rmspe_5x","rmspe_ratio",7.011722551150879,2.8860516395067726,3.525364039822329,28,0.41379310344827586,false,false
"expanded_plus_sensitivity","augmented_scm","all_post","pre_rmspe_5x","mean_gap_over_pre_rmspe",7.011722551150879,2.8860516395067726,2.4295208218620736,28,0.034482758620689655,false,false
"expanded_plus_sensitivity","augmented_scm","all_post","pre_rmspe_2x","rmspe_ratio",7.011722551150879,2.8860516395067726,3.525364039822329,28,0.41379310344827586,false,false
"expanded_plus_sensitivity","augmented_scm","all_post","pre_rmspe_2x","mean_gap_over_pre_rmspe",7.011722551150879,2.8860516395067726,2.4295208218620736,28,0.034482758620689655,false,false
"expanded_plus_sensitivity","augmented_scm","excluding_spring_2026_surge","none","rmspe_ratio",5.539717547935363,2.8860516395067726,2.68825020104468,28,0.4482758620689655,false,false
"expanded_plus_sensitivity","augmented_scm","excluding_spring_2026_surge","none","mean_gap_over_pre_rmspe",5.539717547935363,2.8860516395067726,1.9194797044179372,28,0.034482758620689655,false,false
"expanded_plus_sensitivity","augmented_scm","excluding_spring_2026_surge","pre_rmspe_5x","rmspe_ratio",5.539717547935363,2.8860516395067726,2.68825020104468,28,0.4482758620689655,false,false
"expanded_plus_sensitivity","augmented_scm","excluding_spring_2026_surge","pre_rmspe_5x","mean_gap_over_pre_rmspe",5.539717547935363,2.8860516395067726,1.9194797044179372,28,0.034482758620689655,false,false
"expanded_plus_sensitivity","augmented_scm","excluding_spring_2026_surge","pre_rmspe_2x","rmspe_ratio",5.539717547935363,2.8860516395067726,2.68825020104468,28,0.4482758620689655,false,false
"expanded_plus_sensitivity","augmented_scm","excluding_spring_2026_surge","pre_rmspe_2x","mean_gap_over_pre_rmspe",5.539717547935363,2.8860516395067726,1.9194797044179372,28,0.034482758620689655,false,false
"expanded_plus_sensitivity","augmented_scm","before_spring_2026_surge","none","rmspe_ratio",4.781998020603045,2.8860516395067726,2.4502054384958694,28,0.4482758620689655,false,false
"expanded_plus_sensitivity","augmented_scm","before_spring_2026_surge","none","mean_gap_over_pre_rmspe",4.781998020603045,2.8860516395067726,1.6569343233998026,28,0.034482758620689655,false,false
"expanded_plus_sensitivity","augmented_scm","before_spring_2026_surge","pre_rmspe_5x","rmspe_ratio",4.781998020603045,2.8860516395067726,2.4502054384958694,28,0.4482758620689655,false,false
"expanded_plus_sensitivity","augmented_scm","before_spring_2026_surge","pre_rmspe_5x","mean_gap_over_pre_rmspe",4.781998020603045,2.8860516395067726,1.6569343233998026,28,0.034482758620689655,false,false
"expanded_plus_sensitivity","augmented_scm","before_spring_2026_surge","pre_rmspe_2x","rmspe_ratio",4.781998020603045,2.8860516395067726,2.4502054384958694,28,0.4482758620689655,false,false
"expanded_plus_sensitivity","augmented_scm","before_spring_2026_surge","pre_rmspe_2x","mean_gap_over_pre_rmspe",4.781998020603045,2.8860516395067726,1.6569343233998026,28,0.034482758620689655,false,false
"expanded_plus_sensitivity","simplex_scm","all_post","none","rmspe_ratio",7.201620211705452,2.9177237678325243,3.5512194682111753,28,0.034482758620689655,false,false
"expanded_plus_sensitivity","simplex_scm","all_post","none","mean_gap_over_pre_rmspe",7.201620211705452,2.9177237678325243,2.4682323567097946,28,0.034482758620689655,false,false
"expanded_plus_sensitivity","simplex_scm","all_post","pre_rmspe_5x","rmspe_ratio",7.201620211705452,2.9177237678325243,3.5512194682111753,28,0.034482758620689655,false,false
"expanded_plus_sensitivity","simplex_scm","all_post","pre_rmspe_5x","mean_gap_over_pre_rmspe",7.201620211705452,2.9177237678325243,2.4682323567097946,28,0.034482758620689655,false,false
"expanded_plus_sensitivity","simplex_scm","all_post","pre_rmspe_2x","rmspe_ratio",7.201620211705452,2.9177237678325243,3.5512194682111753,28,0.034482758620689655,false,false
"expanded_plus_sensitivity","simplex_scm","all_post","pre_rmspe_2x","mean_gap_over_pre_rmspe",7.201620211705452,2.9177237678325243,2.4682323567097946,28,0.034482758620689655,false,false
"expanded_plus_sensitivity","simplex_scm","excluding_spring_2026_surge","none","rmspe_ratio",5.694673217319946,2.9177237678325243,2.7011962258941318,28,0.06896551724137931,false,false
"expanded_plus_sensitivity","simplex_scm","excluding_spring_2026_surge","none","mean_gap_over_pre_rmspe",5.694673217319946,2.9177237678325243,1.9517520061710025,28,0.10344827586206896,false,false
"expanded_plus_sensitivity","simplex_scm","excluding_spring_2026_surge","pre_rmspe_5x","rmspe_ratio",5.694673217319946,2.9177237678325243,2.7011962258941318,28,0.06896551724137931,false,false
"expanded_plus_sensitivity","simplex_scm","excluding_spring_2026_surge","pre_rmspe_5x","mean_gap_over_pre_rmspe",5.694673217319946,2.9177237678325243,1.9517520061710025,28,0.10344827586206896,false,false
"expanded_plus_sensitivity","simplex_scm","excluding_spring_2026_surge","pre_rmspe_2x","rmspe_ratio",5.694673217319946,2.9177237678325243,2.7011962258941318,28,0.06896551724137931,false,false
"expanded_plus_sensitivity","simplex_scm","excluding_spring_2026_surge","pre_rmspe_2x","mean_gap_over_pre_rmspe",5.694673217319946,2.9177237678325243,1.9517520061710025,28,0.10344827586206896,false,false
"expanded_plus_sensitivity","simplex_scm","before_spring_2026_surge","none","rmspe_ratio",4.928396087332216,2.9177237678325243,2.461337080542168,28,0.1724137931034483,false,false
"expanded_plus_sensitivity","simplex_scm","before_spring_2026_surge","none","mean_gap_over_pre_rmspe",4.928396087332216,2.9177237678325243,1.6891236043888247,28,0.10344827586206896,false,false
"expanded_plus_sensitivity","simplex_scm","before_spring_2026_surge","pre_rmspe_5x","rmspe_ratio",4.928396087332216,2.9177237678325243,2.461337080542168,28,0.1724137931034483,false,false
"expanded_plus_sensitivity","simplex_scm","before_spring_2026_surge","pre_rmspe_5x","mean_gap_over_pre_rmspe",4.928396087332216,2.9177237678325243,1.6891236043888247,28,0.10344827586206896,false,false
"expanded_plus_sensitivity","simplex_scm","before_spring_2026_surge","pre_rmspe_2x","rmspe_ratio",4.928396087332216,2.9177237678325243,2.461337080542168,28,0.1724137931034483,false,false
"expanded_plus_sensitivity","simplex_scm","before_spring_2026_surge","pre_rmspe_2x","mean_gap_over_pre_rmspe",4.928396087332216,2.9177237678325243,1.6891236043888247,28,0.10344827586206896,false,false
"expanded_plus_sensitivity","synthetic_did","all_post","none","rmspe_ratio",7.396464990913637,3.5271438411174683,3.064241601650529,28,0.034482758620689655,false,false
"expanded_plus_sensitivity","synthetic_did","all_post","none","mean_gap_over_pre_rmspe",7.396464990913637,3.5271438411174683,2.097012575639754,28,0.034482758620689655,false,false
"expanded_plus_sensitivity","synthetic_did","all_post","pre_rmspe_5x","rmspe_ratio",7.396464990913637,3.5271438411174683,3.064241601650529,28,0.034482758620689655,false,false
"expanded_plus_sensitivity","synthetic_did","all_post","pre_rmspe_5x","mean_gap_over_pre_rmspe",7.396464990913637,3.5271438411174683,2.097012575639754,28,0.034482758620689655,false,false
"expanded_plus_sensitivity","synthetic_did","all_post","pre_rmspe_2x","rmspe_ratio",7.396464990913637,3.5271438411174683,3.064241601650529,28,0.034482758620689655,false,false
"expanded_plus_sensitivity","synthetic_did","all_post","pre_rmspe_2x","mean_gap_over_pre_rmspe",7.396464990913637,3.5271438411174683,2.097012575639754,28,0.034482758620689655,false,false
"expanded_plus_sensitivity","synthetic_did","excluding_spring_2026_surge","none","rmspe_ratio",5.765942392649352,3.5271438411174683,2.340128080290943,28,0.034482758620689655,false,false
"expanded_plus_sensitivity","synthetic_did","excluding_spring_2026_surge","none","mean_gap_over_pre_rmspe",5.765942392649352,3.5271438411174683,1.6347341226726348,28,0.06896551724137931,false,false
"expanded_plus_sensitivity","synthetic_did","excluding_spring_2026_surge","pre_rmspe_5x","rmspe_ratio",5.765942392649352,3.5271438411174683,2.340128080290943,28,0.034482758620689655,false,false
"expanded_plus_sensitivity","synthetic_did","excluding_spring_2026_surge","pre_rmspe_5x","mean_gap_over_pre_rmspe",5.765942392649352,3.5271438411174683,1.6347341226726348,28,0.06896551724137931,false,false
"expanded_plus_sensitivity","synthetic_did","excluding_spring_2026_surge","pre_rmspe_2x","rmspe_ratio",5.765942392649352,3.5271438411174683,2.340128080290943,28,0.034482758620689655,false,false
"expanded_plus_sensitivity","synthetic_did","excluding_spring_2026_surge","pre_rmspe_2x","mean_gap_over_pre_rmspe",5.765942392649352,3.5271438411174683,1.6347341226726348,28,0.06896551724137931,false,false
"expanded_plus_sensitivity","synthetic_did","before_spring_2026_surge","none","rmspe_ratio",4.769458720967572,3.5271438411174683,2.064875265629171,28,0.13793103448275862,false,false
"expanded_plus_sensitivity","synthetic_did","before_spring_2026_surge","none","mean_gap_over_pre_rmspe",4.769458720967572,3.5271438411174683,1.3522155420393953,28,0.06896551724137931,false,false
"expanded_plus_sensitivity","synthetic_did","before_spring_2026_surge","pre_rmspe_5x","rmspe_ratio",4.769458720967572,3.5271438411174683,2.064875265629171,28,0.13793103448275862,false,false
"expanded_plus_sensitivity","synthetic_did","before_spring_2026_surge","pre_rmspe_5x","mean_gap_over_pre_rmspe",4.769458720967572,3.5271438411174683,1.3522155420393953,28,0.06896551724137931,false,false
"expanded_plus_sensitivity","synthetic_did","before_spring_2026_surge","pre_rmspe_2x","rmspe_ratio",4.769458720967572,3.5271438411174683,2.064875265629171,28,0.13793103448275862,false,false
"expanded_plus_sensitivity","synthetic_did","before_spring_2026_surge","pre_rmspe_2x","mean_gap_over_pre_rmspe",4.769458720967572,3.5271438411174683,1.3522155420393953,28,0.06896551724137931,false,false
"expanded_plus_sensitivity","generalized_scm_factor","all_post","none","rmspe_ratio",6.223911844857789,3.336414494636685,2.7897269125739435,28,0.13793103448275862,false,false
"expanded_plus_sensitivity","generalized_scm_factor","all_post","none","mean_gap_over_pre_rmspe",6.223911844857789,3.336414494636685,1.8654492284645032,28,0.034482758620689655,false,false
"expanded_plus_sensitivity","generalized_scm_factor","all_post","pre_rmspe_5x","rmspe_ratio",6.223911844857789,3.336414494636685,2.7897269125739435,28,0.13793103448275862,false,false
"expanded_plus_sensitivity","generalized_scm_factor","all_post","pre_rmspe_5x","mean_gap_over_pre_rmspe",6.223911844857789,3.336414494636685,1.8654492284645032,28,0.034482758620689655,false,false
"expanded_plus_sensitivity","generalized_scm_factor","all_post","pre_rmspe_2x","rmspe_ratio",6.223911844857789,3.336414494636685,2.7897269125739435,28,0.13793103448275862,false,false
"expanded_plus_sensitivity","generalized_scm_factor","all_post","pre_rmspe_2x","mean_gap_over_pre_rmspe",6.223911844857789,3.336414494636685,1.8654492284645032,28,0.034482758620689655,false,false
"expanded_plus_sensitivity","generalized_scm_factor","excluding_spring_2026_surge","none","rmspe_ratio",5.149699327614982,3.336414494636685,2.2961819897880993,28,0.1724137931034483,false,false
"expanded_plus_sensitivity","generalized_scm_factor","excluding_spring_2026_surge","none","mean_gap_over_pre_rmspe",5.149699327614982,3.336414494636685,1.5434830821809364,28,0.06896551724137931,false,false
"expanded_plus_sensitivity","generalized_scm_factor","excluding_spring_2026_surge","pre_rmspe_5x","rmspe_ratio",5.149699327614982,3.336414494636685,2.2961819897880993,28,0.1724137931034483,false,false
"expanded_plus_sensitivity","generalized_scm_factor","excluding_spring_2026_surge","pre_rmspe_5x","mean_gap_over_pre_rmspe",5.149699327614982,3.336414494636685,1.5434830821809364,28,0.06896551724137931,false,false
"expanded_plus_sensitivity","generalized_scm_factor","excluding_spring_2026_surge","pre_rmspe_2x","rmspe_ratio",5.149699327614982,3.336414494636685,2.2961819897880993,28,0.1724137931034483,false,false
"expanded_plus_sensitivity","generalized_scm_factor","excluding_spring_2026_surge","pre_rmspe_2x","mean_gap_over_pre_rmspe",5.149699327614982,3.336414494636685,1.5434830821809364,28,0.06896551724137931,false,false
"expanded_plus_sensitivity","generalized_scm_factor","before_spring_2026_surge","none","rmspe_ratio",4.597880829304622,3.336414494636685,2.1781109677673602,28,0.13793103448275862,false,false
"expanded_plus_sensitivity","generalized_scm_factor","before_spring_2026_surge","none","mean_gap_over_pre_rmspe",4.597880829304622,3.336414494636685,1.378090413135345,28,0.06896551724137931,false,false
"expanded_plus_sensitivity","generalized_scm_factor","before_spring_2026_surge","pre_rmspe_5x","rmspe_ratio",4.597880829304622,3.336414494636685,2.1781109677673602,28,0.13793103448275862,false,false
"expanded_plus_sensitivity","generalized_scm_factor","before_spring_2026_surge","pre_rmspe_5x","mean_gap_over_pre_rmspe",4.597880829304622,3.336414494636685,1.378090413135345,28,0.06896551724137931,false,false
"expanded_plus_sensitivity","generalized_scm_factor","before_spring_2026_surge","pre_rmspe_2x","rmspe_ratio",4.597880829304622,3.336414494636685,2.1781109677673602,28,0.13793103448275862,false,false
"expanded_plus_sensitivity","generalized_scm_factor","before_spring_2026_surge","pre_rmspe_2x","mean_gap_over_pre_rmspe",4.597880829304622,3.336414494636685,1.378090413135345,28,0.06896551724137931,false,false
"expanded_parallel_trend_screened","augmented_scm","all_post","none","rmspe_ratio",6.8387548367116935,3.0062940200953414,3.6677627294072437,10,0.18181818181818182,false,false
"expanded_parallel_trend_screened","augmented_scm","all_post","none","mean_gap_over_pre_rmspe",6.8387548367116935,3.0062940200953414,2.27481237397226,10,0.09090909090909091,false,false
"expanded_parallel_trend_screened","augmented_scm","all_post","pre_rmspe_5x","rmspe_ratio",6.8387548367116935,3.0062940200953414,3.6677627294072437,10,0.18181818181818182,false,false
"expanded_parallel_trend_screened","augmented_scm","all_post","pre_rmspe_5x","mean_gap_over_pre_rmspe",6.8387548367116935,3.0062940200953414,2.27481237397226,10,0.09090909090909091,false,false
"expanded_parallel_trend_screened","augmented_scm","all_post","pre_rmspe_2x","rmspe_ratio",6.8387548367116935,3.0062940200953414,3.6677627294072437,10,0.18181818181818182,false,false
"expanded_parallel_trend_screened","augmented_scm","all_post","pre_rmspe_2x","mean_gap_over_pre_rmspe",6.8387548367116935,3.0062940200953414,2.27481237397226,10,0.09090909090909091,false,false
"expanded_parallel_trend_screened","augmented_scm","excluding_spring_2026_surge","none","rmspe_ratio",4.926394290688554,3.0062940200953414,2.5749424014522972,10,0.36363636363636365,false,false
"expanded_parallel_trend_screened","augmented_scm","excluding_spring_2026_surge","none","mean_gap_over_pre_rmspe",4.926394290688554,3.0062940200953414,1.6386934404148263,10,0.18181818181818182,false,false
"expanded_parallel_trend_screened","augmented_scm","excluding_spring_2026_surge","pre_rmspe_5x","rmspe_ratio",4.926394290688554,3.0062940200953414,2.5749424014522972,10,0.36363636363636365,false,false
"expanded_parallel_trend_screened","augmented_scm","excluding_spring_2026_surge","pre_rmspe_5x","mean_gap_over_pre_rmspe",4.926394290688554,3.0062940200953414,1.6386934404148263,10,0.18181818181818182,false,false
"expanded_parallel_trend_screened","augmented_scm","excluding_spring_2026_surge","pre_rmspe_2x","rmspe_ratio",4.926394290688554,3.0062940200953414,2.5749424014522972,10,0.36363636363636365,false,false
"expanded_parallel_trend_screened","augmented_scm","excluding_spring_2026_surge","pre_rmspe_2x","mean_gap_over_pre_rmspe",4.926394290688554,3.0062940200953414,1.6386934404148263,10,0.18181818181818182,false,false
"expanded_parallel_trend_screened","augmented_scm","before_spring_2026_surge","none","rmspe_ratio",4.032384815427274,3.0062940200953414,2.3207832507209774,10,0.36363636363636365,false,false
"expanded_parallel_trend_screened","augmented_scm","before_spring_2026_surge","none","mean_gap_over_pre_rmspe",4.032384815427274,3.0062940200953414,1.3413141856628483,10,0.18181818181818182,false,false
"expanded_parallel_trend_screened","augmented_scm","before_spring_2026_surge","pre_rmspe_5x","rmspe_ratio",4.032384815427274,3.0062940200953414,2.3207832507209774,10,0.36363636363636365,false,false
"expanded_parallel_trend_screened","augmented_scm","before_spring_2026_surge","pre_rmspe_5x","mean_gap_over_pre_rmspe",4.032384815427274,3.0062940200953414,1.3413141856628483,10,0.18181818181818182,false,false
"expanded_parallel_trend_screened","augmented_scm","before_spring_2026_surge","pre_rmspe_2x","rmspe_ratio",4.032384815427274,3.0062940200953414,2.3207832507209774,10,0.36363636363636365,false,false
"expanded_parallel_trend_screened","augmented_scm","before_spring_2026_surge","pre_rmspe_2x","mean_gap_over_pre_rmspe",4.032384815427274,3.0062940200953414,1.3413141856628483,10,0.18181818181818182,false,false
"expanded_parallel_trend_screened","simplex_scm","all_post","none","rmspe_ratio",6.833603746915788,3.0069917386844045,3.666279898313322,10,0.09090909090909091,false,false
"expanded_parallel_trend_screened","simplex_scm","all_post","none","mean_gap_over_pre_rmspe",6.833603746915788,3.0069917386844045,2.272571506932564,10,0.09090909090909091,false,false
"expanded_parallel_trend_screened","simplex_scm","all_post","pre_rmspe_5x","rmspe_ratio",6.833603746915788,3.0069917386844045,3.666279898313322,10,0.09090909090909091,false,false
"expanded_parallel_trend_screened","simplex_scm","all_post","pre_rmspe_5x","mean_gap_over_pre_rmspe",6.833603746915788,3.0069917386844045,2.272571506932564,10,0.09090909090909091,false,false
"expanded_parallel_trend_screened","simplex_scm","all_post","pre_rmspe_2x","rmspe_ratio",6.833603746915788,3.0069917386844045,3.666279898313322,10,0.09090909090909091,false,false
"expanded_parallel_trend_screened","simplex_scm","all_post","pre_rmspe_2x","mean_gap_over_pre_rmspe",6.833603746915788,3.0069917386844045,2.272571506932564,10,0.09090909090909091,false,false
"expanded_parallel_trend_screened","simplex_scm","excluding_spring_2026_surge","none","rmspe_ratio",4.920277240124574,3.0069917386844045,2.572996401875465,10,0.2727272727272727,false,false
"expanded_parallel_trend_screened","simplex_scm","excluding_spring_2026_surge","none","mean_gap_over_pre_rmspe",4.920277240124574,3.0069917386844045,1.636278935131779,10,0.09090909090909091,false,false
"expanded_parallel_trend_screened","simplex_scm","excluding_spring_2026_surge","pre_rmspe_5x","rmspe_ratio",4.920277240124574,3.0069917386844045,2.572996401875465,10,0.2727272727272727,false,false
"expanded_parallel_trend_screened","simplex_scm","excluding_spring_2026_surge","pre_rmspe_5x","mean_gap_over_pre_rmspe",4.920277240124574,3.0069917386844045,1.636278935131779,10,0.09090909090909091,false,false
"expanded_parallel_trend_screened","simplex_scm","excluding_spring_2026_surge","pre_rmspe_2x","rmspe_ratio",4.920277240124574,3.0069917386844045,2.572996401875465,10,0.2727272727272727,false,false
"expanded_parallel_trend_screened","simplex_scm","excluding_spring_2026_surge","pre_rmspe_2x","mean_gap_over_pre_rmspe",4.920277240124574,3.0069917386844045,1.636278935131779,10,0.09090909090909091,false,false
"expanded_parallel_trend_screened","simplex_scm","before_spring_2026_surge","none","rmspe_ratio",4.025618670244595,3.0069917386844045,2.318547622621958,10,0.36363636363636365,false,false
"expanded_parallel_trend_screened","simplex_scm","before_spring_2026_surge","none","mean_gap_over_pre_rmspe",4.025618670244595,3.0069917386844045,1.3387528201210994,10,0.2727272727272727,false,false
"expanded_parallel_trend_screened","simplex_scm","before_spring_2026_surge","pre_rmspe_5x","rmspe_ratio",4.025618670244595,3.0069917386844045,2.318547622621958,10,0.36363636363636365,false,false
"expanded_parallel_trend_screened","simplex_scm","before_spring_2026_surge","pre_rmspe_5x","mean_gap_over_pre_rmspe",4.025618670244595,3.0069917386844045,1.3387528201210994,10,0.2727272727272727,false,false
"expanded_parallel_trend_screened","simplex_scm","before_spring_2026_surge","pre_rmspe_2x","rmspe_ratio",4.025618670244595,3.0069917386844045,2.318547622621958,10,0.36363636363636365,false,false
"expanded_parallel_trend_screened","simplex_scm","before_spring_2026_surge","pre_rmspe_2x","mean_gap_over_pre_rmspe",4.025618670244595,3.0069917386844045,1.3387528201210994,10,0.2727272727272727,false,false
"expanded_parallel_trend_screened","synthetic_did","all_post","none","rmspe_ratio",7.5298940119731945,3.2109093881308044,3.5244284694291848,10,0.09090909090909091,false,false
"expanded_parallel_trend_screened","synthetic_did","all_post","none","mean_gap_over_pre_rmspe",7.5298940119731945,3.2109093881308044,2.3450970120202115,10,0.09090909090909091,false,false
"expanded_parallel_trend_screened","synthetic_did","all_post","pre_rmspe_5x","rmspe_ratio",7.5298940119731945,3.2109093881308044,3.5244284694291848,10,0.09090909090909091,false,false
"expanded_parallel_trend_screened","synthetic_did","all_post","pre_rmspe_5x","mean_gap_over_pre_rmspe",7.5298940119731945,3.2109093881308044,2.3450970120202115,10,0.09090909090909091,false,false
"expanded_parallel_trend_screened","synthetic_did","all_post","pre_rmspe_2x","rmspe_ratio",7.5298940119731945,3.2109093881308044,3.5244284694291848,10,0.09090909090909091,false,false
"expanded_parallel_trend_screened","synthetic_did","all_post","pre_rmspe_2x","mean_gap_over_pre_rmspe",7.5298940119731945,3.2109093881308044,2.3450970120202115,10,0.09090909090909091,false,false
"expanded_parallel_trend_screened","synthetic_did","excluding_spring_2026_surge","none","rmspe_ratio",5.698155859353068,3.2109093881308044,2.583256621658995,10,0.2727272727272727,false,false
"expanded_parallel_trend_screened","synthetic_did","excluding_spring_2026_surge","none","mean_gap_over_pre_rmspe",5.698155859353068,3.2109093881308044,1.7746236877366963,10,0.09090909090909091,false,false
"expanded_parallel_trend_screened","synthetic_did","excluding_spring_2026_surge","pre_rmspe_5x","rmspe_ratio",5.698155859353068,3.2109093881308044,2.583256621658995,10,0.2727272727272727,false,false
"expanded_parallel_trend_screened","synthetic_did","excluding_spring_2026_surge","pre_rmspe_5x","mean_gap_over_pre_rmspe",5.698155859353068,3.2109093881308044,1.7746236877366963,10,0.09090909090909091,false,false
"expanded_parallel_trend_screened","synthetic_did","excluding_spring_2026_surge","pre_rmspe_2x","rmspe_ratio",5.698155859353068,3.2109093881308044,2.583256621658995,10,0.2727272727272727,false,false
"expanded_parallel_trend_screened","synthetic_did","excluding_spring_2026_surge","pre_rmspe_2x","mean_gap_over_pre_rmspe",5.698155859353068,3.2109093881308044,1.7746236877366963,10,0.09090909090909091,false,false
"expanded_parallel_trend_screened","synthetic_did","before_spring_2026_surge","none","rmspe_ratio",4.671451968072927,3.2109093881308044,2.256664010162019,10,0.2727272727272727,false,false
"expanded_parallel_trend_screened","synthetic_did","before_spring_2026_surge","none","mean_gap_over_pre_rmspe",4.671451968072927,3.2109093881308044,1.454868824807405,10,0.09090909090909091,false,false
"expanded_parallel_trend_screened","synthetic_did","before_spring_2026_surge","pre_rmspe_5x","rmspe_ratio",4.671451968072927,3.2109093881308044,2.256664010162019,10,0.2727272727272727,false,false
"expanded_parallel_trend_screened","synthetic_did","before_spring_2026_surge","pre_rmspe_5x","mean_gap_over_pre_rmspe",4.671451968072927,3.2109093881308044,1.454868824807405,10,0.09090909090909091,false,false
"expanded_parallel_trend_screened","synthetic_did","before_spring_2026_surge","pre_rmspe_2x","rmspe_ratio",4.671451968072927,3.2109093881308044,2.256664010162019,10,0.2727272727272727,false,false
"expanded_parallel_trend_screened","synthetic_did","before_spring_2026_surge","pre_rmspe_2x","mean_gap_over_pre_rmspe",4.671451968072927,3.2109093881308044,1.454868824807405,10,0.09090909090909091,false,false
"expanded_parallel_trend_screened","generalized_scm_factor","all_post","none","rmspe_ratio",7.120410981166087,3.221666951000296,3.3196145889084767,10,0.2727272727272727,false,false
"expanded_parallel_trend_screened","generalized_scm_factor","all_post","none","mean_gap_over_pre_rmspe",7.120410981166087,3.221666951000296,2.21016358595207,10,0.09090909090909091,false,false
"expanded_parallel_trend_screened","generalized_scm_factor","all_post","pre_rmspe_5x","rmspe_ratio",7.120410981166087,3.221666951000296,3.3196145889084767,10,0.2727272727272727,false,false
"expanded_parallel_trend_screened","generalized_scm_factor","all_post","pre_rmspe_5x","mean_gap_over_pre_rmspe",7.120410981166087,3.221666951000296,2.21016358595207,10,0.09090909090909091,false,false
"expanded_parallel_trend_screened","generalized_scm_factor","all_post","pre_rmspe_2x","rmspe_ratio",7.120410981166087,3.221666951000296,3.3196145889084767,10,0.2727272727272727,false,false
"expanded_parallel_trend_screened","generalized_scm_factor","all_post","pre_rmspe_2x","mean_gap_over_pre_rmspe",7.120410981166087,3.221666951000296,2.21016358595207,10,0.09090909090909091,false,false
"expanded_parallel_trend_screened","generalized_scm_factor","excluding_spring_2026_surge","none","rmspe_ratio",5.5003120640065655,3.221666951000296,2.5037375638598385,10,0.36363636363636365,false,false
"expanded_parallel_trend_screened","generalized_scm_factor","excluding_spring_2026_surge","none","mean_gap_over_pre_rmspe",5.5003120640065655,3.221666951000296,1.707287608453373,10,0.09090909090909091,false,false
"expanded_parallel_trend_screened","generalized_scm_factor","excluding_spring_2026_surge","pre_rmspe_5x","rmspe_ratio",5.5003120640065655,3.221666951000296,2.5037375638598385,10,0.36363636363636365,false,false
"expanded_parallel_trend_screened","generalized_scm_factor","excluding_spring_2026_surge","pre_rmspe_5x","mean_gap_over_pre_rmspe",5.5003120640065655,3.221666951000296,1.707287608453373,10,0.09090909090909091,false,false
"expanded_parallel_trend_screened","generalized_scm_factor","excluding_spring_2026_surge","pre_rmspe_2x","rmspe_ratio",5.5003120640065655,3.221666951000296,2.5037375638598385,10,0.36363636363636365,false,false
"expanded_parallel_trend_screened","generalized_scm_factor","excluding_spring_2026_surge","pre_rmspe_2x","mean_gap_over_pre_rmspe",5.5003120640065655,3.221666951000296,1.707287608453373,10,0.09090909090909091,false,false
"expanded_parallel_trend_screened","generalized_scm_factor","before_spring_2026_surge","none","rmspe_ratio",4.621761869888467,3.221666951000296,2.2525694111360166,10,0.36363636363636365,false,false
"expanded_parallel_trend_screened","generalized_scm_factor","before_spring_2026_surge","none","mean_gap_over_pre_rmspe",4.621761869888467,3.221666951000296,1.4345871066695628,10,0.18181818181818182,false,false
"expanded_parallel_trend_screened","generalized_scm_factor","before_spring_2026_surge","pre_rmspe_5x","rmspe_ratio",4.621761869888467,3.221666951000296,2.2525694111360166,10,0.36363636363636365,false,false
"expanded_parallel_trend_screened","generalized_scm_factor","before_spring_2026_surge","pre_rmspe_5x","mean_gap_over_pre_rmspe",4.621761869888467,3.221666951000296,1.4345871066695628,10,0.18181818181818182,false,false
"expanded_parallel_trend_screened","generalized_scm_factor","before_spring_2026_surge","pre_rmspe_2x","rmspe_ratio",4.621761869888467,3.221666951000296,2.2525694111360166,10,0.36363636363636365,false,false
"expanded_parallel_trend_screened","generalized_scm_factor","before_spring_2026_surge","pre_rmspe_2x","mean_gap_over_pre_rmspe",4.621761869888467,3.221666951000296,1.4345871066695628,10,0.18181818181818182,false,false
