"week","actual_index","synthetic_index","index_gap","period"
2022-01-03 00:00:00,95.57589619506071,99.676912715331,-4.101016520270287,"pre"
2022-01-10 00:00:00,97.2654236400704,99.17420201656864,-1.9087783764982416,"pre"
2022-01-17 00:00:00,96.24694210068783,99.10206626370834,-2.8551241630205086,"pre"
2022-01-24 00:00:00,100.5396992392994,99.1680816844772,1.3716175548221945,"pre"
2022-01-31 00:00:00,96.2364760734183,99.22191819164568,-2.98544211822738,"pre"
2022-02-07 00:00:00,97.40084700445756,99.26109785584381,-1.860250851386252,"pre"
2022-02-14 00:00:00,97.71655641427745,99.04231079985468,-1.3257543855772285,"pre"
2022-02-21 00:00:00,102.41320375368592,98.73393701326688,3.67926674041904,"pre"
2022-02-28 00:00:00,99.70208965150232,98.41969728197677,1.2823923695255492,"pre"
2022-03-07 00:00:00,100.00577416599586,99.66420114412054,0.3415730218753206,"pre"
2022-03-14 00:00:00,102.55148725258225,99.25754935736543,3.29393789521681,"pre"
2022-03-21 00:00:00,95.8755678944803,97.6645218549351,-1.7889539604548075,"pre"
2022-03-28 00:00:00,100.1797138184926,99.22106434833276,0.9586494701598421,"pre"
2022-04-04 00:00:00,97.49989658433978,99.3069565201454,-1.8070599358056298,"pre"
2022-04-11 00:00:00,93.34682736947741,96.59967974183039,-3.252852372352982,"pre"
2022-04-18 00:00:00,93.75355274921633,95.79462119158688,-2.041068442370554,"pre"
2022-04-25 00:00:00,94.65278645130397,97.23400716684253,-2.5812207155385587,"pre"
2022-05-02 00:00:00,95.81115301358282,97.15812657422576,-1.3469735606429332,"pre"
2022-05-09 00:00:00,95.53500512291423,98.34100815374036,-2.806003030826127,"pre"
2022-05-16 00:00:00,96.9734936877473,98.74090494980098,-1.7674112620536853,"pre"
2022-05-23 00:00:00,98.69080767412518,98.63357297499434,0.057234699130849116,"pre"
2022-05-30 00:00:00,98.54188825048328,97.9195530661268,0.6223351843564927,"pre"
2022-06-06 00:00:00,88.33668660556503,96.80935283824418,-8.472666232679144,"pre"
2022-06-13 00:00:00,94.54720277871753,97.40462009809778,-2.8574173193802412,"pre"
2022-06-20 00:00:00,96.65604951960692,97.63271611878046,-0.9766665991735394,"pre"
2022-06-27 00:00:00,97.51144125281749,97.46563194711774,0.04580930569974583,"pre"
2022-07-04 00:00:00,95.81621994986487,97.68636544317937,-1.8701454933144956,"pre"
2022-07-11 00:00:00,94.41378423345992,98.7578454508292,-4.344061217369277,"pre"
2022-07-18 00:00:00,98.92482916063487,97.61345649991895,1.311372660715921,"pre"
2022-07-25 00:00:00,100.91513731314396,97.90467118921212,3.0104661239318284,"pre"
2022-08-01 00:00:00,99.48240400096999,96.84961540310739,2.632788597862599,"pre"
2022-08-08 00:00:00,97.37154716102108,99.99993971838177,-2.6283925573606868,"pre"
2022-08-15 00:00:00,97.51019810936789,97.66012363452224,-0.1499255251543377,"pre"
2022-08-22 00:00:00,97.98328406842529,97.78959624262691,0.19368782579837732,"pre"
2022-08-29 00:00:00,101.56200674422888,99.03136329240175,2.53064345182713,"pre"
2022-09-05 00:00:00,109.68298662636413,99.30022580450543,10.3827608218587,"pre"
2022-09-12 00:00:00,100.42074675875972,99.66813552043847,0.7526112383212561,"pre"
2022-09-19 00:00:00,97.93717488945232,99.36519272748097,-1.428017838028658,"pre"
2022-09-26 00:00:00,102.00380286582218,100.0065146921769,1.9972881736452777,"pre"
2022-10-03 00:00:00,100.26447720670149,99.81705355234477,0.44742365435670534,"pre"
2022-10-10 00:00:00,100.55694647484034,100.26473140977194,0.2922150650684048,"pre"
2022-10-17 00:00:00,101.2672578089541,99.93419321489493,1.3330645940591659,"pre"
2022-10-24 00:00:00,96.17891454290826,101.15490787970023,-4.975993336791967,"pre"
2022-10-31 00:00:00,95.81679555030217,100.73704048527235,-4.920244934970177,"pre"
2022-11-07 00:00:00,99.7118895211378,101.08133145682449,-1.3694419356866805,"pre"
2022-11-14 00:00:00,102.16565981757377,102.30999312734764,-0.14433330977387637,"pre"
2022-11-21 00:00:00,100.07854543179553,100.81039608166672,-0.731850649871197,"pre"
2022-11-28 00:00:00,99.60839774914827,100.26695251447019,-0.6585547653219285,"pre"
2022-12-05 00:00:00,102.56914401923214,100.7578264818256,1.8113175374065407,"pre"
2022-12-12 00:00:00,100.90685251288716,101.04808956439425,-0.14123705150708588,"pre"
2022-12-19 00:00:00,98.53735814718128,100.09446861740314,-1.5571104702218594,"pre"
2022-12-26 00:00:00,98.92767277977791,100.02057202069962,-1.0928992409217135,"pre"
2023-01-02 00:00:00,98.72277260765513,101.8006931757227,-3.0779205680675665,"pre"
2023-01-09 00:00:00,99.91225693935395,100.93794204994722,-1.0256851105932747,"pre"
2023-01-16 00:00:00,103.88446114106415,99.46836239410067,4.4160987469634785,"pre"
2023-01-23 00:00:00,106.35790174055235,101.65095850306876,4.706943237483581,"pre"
2023-01-30 00:00:00,98.33040086337377,100.31223802347036,-1.981837160096583,"pre"
2023-02-06 00:00:00,101.76255389776092,101.63373679080173,0.12881710695919588,"pre"
2023-02-13 00:00:00,102.53102777571603,100.26408715999969,2.266940615716338,"pre"
2023-02-20 00:00:00,101.8994830616804,100.15357496270441,1.7459080989759888,"pre"
2023-02-27 00:00:00,102.45265617998658,100.04128900111377,2.411367178872811,"pre"
2023-03-06 00:00:00,99.63006053129905,99.8968002539597,-0.2667397226606456,"pre"
2023-03-13 00:00:00,103.06888411502051,99.47443594173397,3.5944481732865423,"pre"
2023-03-20 00:00:00,99.15691465199902,98.30559451530428,0.8513201366947406,"pre"
2023-03-27 00:00:00,100.47666055197158,100.25259937936832,0.22406117260325367,"pre"
2023-04-03 00:00:00,98.85614940375143,99.34074730693783,-0.48459790318639373,"pre"
2023-04-10 00:00:00,95.01901013524784,99.94419372803998,-4.925183592792134,"pre"
2023-04-17 00:00:00,96.59594256268234,100.18272653443778,-3.5867839717554375,"pre"
2023-04-24 00:00:00,95.67114198700648,100.05895150867542,-4.387809521668938,"pre"
2023-05-01 00:00:00,98.19433021630594,99.79305078871971,-1.5987205724137654,"pre"
2023-05-08 00:00:00,98.10457803238396,100.28707293484055,-2.182494902456603,"pre"
2023-05-15 00:00:00,97.781866003962,99.87934355846001,-2.097477554498009,"pre"
2023-05-22 00:00:00,101.96774891967625,100.60486147964252,1.362887440033724,"pre"
2023-05-29 00:00:00,98.07694090889511,99.91896657883694,-1.8420256699418391,"pre"
2023-06-05 00:00:00,94.40711971414909,99.37108794693876,-4.963968232789662,"pre"
2023-06-12 00:00:00,94.23212747829649,100.02140167802213,-5.789274199725641,"pre"
2023-06-19 00:00:00,94.47586684022437,99.00882601102127,-4.532959170796894,"pre"
2023-06-26 00:00:00,95.17281517171307,99.31871333532122,-4.145898163608149,"pre"
2023-07-03 00:00:00,98.80606331363015,99.98182739619472,-1.175764082564568,"pre"
2023-07-10 00:00:00,100.09747586491405,100.06916318622133,0.02831267869271188,"pre"
2023-07-17 00:00:00,103.78168981471703,98.79909792345173,4.982591891265299,"pre"
2023-07-24 00:00:00,100.7327333605806,99.31672113856841,1.4160122220121905,"pre"
2023-07-31 00:00:00,99.67201224869844,100.30168656711834,-0.6296743184198971,"pre"
2023-08-07 00:00:00,98.5985767292617,100.01277791509827,-1.414201185836577,"pre"
2023-08-14 00:00:00,103.58013617255786,99.84809892037791,3.732037252179945,"pre"
2023-08-21 00:00:00,102.27793213930003,100.20650129096325,2.071430848336787,"pre"
2023-08-28 00:00:00,106.97272502843352,101.00233087425897,5.970394154174543,"pre"
2023-09-04 00:00:00,105.77868716684951,100.66023768823429,5.118449478615219,"pre"
2023-09-11 00:00:00,104.79923887180156,100.29139520224295,4.507843669558609,"pre"
2023-09-18 00:00:00,103.1552829162039,100.06572970295956,3.0895532132443404,"pre"
2023-09-25 00:00:00,101.82649889726409,101.067311356579,0.7591875406850898,"pre"
2023-10-02 00:00:00,100.3556989746766,101.36058287503528,-1.0048839003586834,"pre"
2023-10-09 00:00:00,101.06823464622488,102.51883846659197,-1.4506038203670941,"pre"
2023-10-16 00:00:00,106.6420594467766,101.97843209442188,4.66362735235472,"pre"
2023-10-23 00:00:00,103.8562244748348,101.30529468119617,2.550929793638626,"pre"
2023-10-30 00:00:00,109.5018384698582,100.6320263937377,8.869812076120493,"pre"
2023-11-06 00:00:00,101.9093460494206,101.92010119704688,-0.010755147626265539,"pre"
2023-11-13 00:00:00,101.61157122114493,102.39876687681499,-0.7871956556700561,"pre"
2023-11-20 00:00:00,106.25774268187168,101.12224329001319,5.135499391858483,"pre"
2023-11-27 00:00:00,100.24111090577877,100.95763448501907,-0.716523579240297,"pre"
2023-12-04 00:00:00,104.8460584113425,102.79384144804334,2.0522169632991623,"pre"
2023-12-11 00:00:00,102.23270001862824,101.89849957384159,0.3342004447866444,"pre"
2023-12-18 00:00:00,105.71297577755188,101.51676265080461,4.196213126747266,"pre"
2023-12-25 00:00:00,101.63810557131076,101.80883513951117,-0.17072956820041013,"pre"
2024-01-01 00:00:00,104.86681996094384,102.23398648883146,2.6328334721123787,"pre"
2024-01-08 00:00:00,102.94273893823285,101.3152660587179,1.6274728795149518,"pre"
2024-01-15 00:00:00,101.16531328506635,102.13502628204623,-0.9697129969798838,"pre"
2024-01-22 00:00:00,103.26046364860859,101.75067889809236,1.509784750516235,"pre"
2024-01-29 00:00:00,103.37186430308817,101.53994822925993,1.8319160738282327,"pre"
2024-02-05 00:00:00,104.11483275539928,102.02577001371219,2.0890627416870906,"pre"
2024-02-12 00:00:00,103.40162385384504,102.14306267408732,1.258561179757717,"pre"
2024-02-19 00:00:00,98.73289307987704,101.01675309674972,-2.2838600168726853,"pre"
2024-02-26 00:00:00,102.60677235702485,99.86515112820463,2.741621228820219,"pre"
2024-03-04 00:00:00,97.78256824439387,101.09970301222549,-3.3171347678316128,"pre"
2024-03-11 00:00:00,98.10663701592895,100.04136571553049,-1.9347286996015294,"pre"
2024-03-18 00:00:00,98.55509402312899,100.98884834534415,-2.433754322215162,"pre"
2024-03-25 00:00:00,98.27636784711439,100.68228195587571,-2.4059141087613245,"pre"
2024-04-01 00:00:00,94.55619850095502,99.64470019591319,-5.088501694958171,"pre"
2024-04-08 00:00:00,97.41962402572901,99.90914123768081,-2.489517211951803,"pre"
2024-04-15 00:00:00,101.34575073703525,101.22628893419997,0.11946180283527838,"pre"
2024-04-22 00:00:00,103.42420747308871,101.1143266106621,2.3098808624266156,"pre"
2024-04-29 00:00:00,99.55051419606569,99.92713402676206,-0.3766198306963672,"pre"
2024-05-06 00:00:00,98.42617833062259,101.16547942691932,-2.7393010962967277,"pre"
2024-05-13 00:00:00,100.76066348957882,101.03812296313063,-0.27745947355180983,"pre"
2024-05-20 00:00:00,101.09249313853633,100.86608821844492,0.22640492009141058,"pre"
2024-05-27 00:00:00,102.8209585434531,100.72244605273073,2.098512490722364,"pre"
2024-06-03 00:00:00,97.59970457219505,100.6711256761203,-3.071421103925252,"pre"
2024-06-10 00:00:00,100.56994747116454,100.3149088339163,0.25503863724823844,"pre"
2024-06-17 00:00:00,96.03051045869469,100.59526503651728,-4.564754577822587,"pre"
2024-06-24 00:00:00,104.55771697715876,100.54043854636446,4.017278430794303,"pre"
2024-07-01 00:00:00,102.48067486719452,101.56957270830488,0.9111021588896525,"pre"
2024-07-08 00:00:00,101.6102507533709,100.52337038621367,1.0868803671572373,"pre"
2024-07-15 00:00:00,101.5353041508285,100.09397312915188,1.4413310216766155,"pre"
2024-07-22 00:00:00,106.18581541815,100.13936259620111,6.046452821948886,"pre"
2024-07-29 00:00:00,99.91486406159939,100.92956996258867,-1.0147059009892783,"pre"
2024-08-05 00:00:00,96.29489441840836,100.16109113652347,-3.866196718115099,"pre"
2024-08-12 00:00:00,100.28463517967974,99.77819430173837,0.5064408779413787,"pre"
2024-08-19 00:00:00,106.31403890417026,101.07419173290579,5.2398471712644685,"pre"
2024-08-26 00:00:00,99.13282042641097,99.89354063976198,-0.7607202133510027,"pre"
2024-09-02 00:00:00,99.302681624471,100.28192940431285,-0.9792477798418453,"pre"
2024-09-09 00:00:00,101.17209151132623,100.71945964843947,0.4526318628867592,"pre"
2024-09-16 00:00:00,101.3602948195184,100.26418361093636,1.0961112085820481,"pre"
2024-09-23 00:00:00,104.80612750092244,101.48122490895679,3.324902591965652,"pre"
2024-09-30 00:00:00,100.60945734956871,101.67874797821253,-1.0692906286438084,"pre"
2024-10-07 00:00:00,100.28585219431436,101.03048549722247,-0.7446333029081099,"pre"
2024-10-14 00:00:00,105.19044199482082,102.16548164550595,3.0249603493148673,"pre"
2024-10-21 00:00:00,103.97714970781553,101.2195847870135,2.7575649208020216,"post"
2024-10-28 00:00:00,98.29301924336576,102.59866934825506,-4.3056501048893,"post"
2024-11-04 00:00:00,103.99353986475901,102.80734223822324,1.1861976265357772,"post"
2024-11-11 00:00:00,104.44745185273806,102.33316433853388,2.114287514204179,"post"
2024-11-18 00:00:00,101.49795993499855,101.24367617439322,0.2542837606053296,"post"
2024-11-25 00:00:00,100.5288202054103,101.35341970572074,-0.8245995003104415,"post"
2024-12-02 00:00:00,100.55303747384976,101.22964027298471,-0.676602799134957,"post"
2024-12-09 00:00:00,104.06190851503416,102.68585519293933,1.3760533220948314,"post"
2024-12-16 00:00:00,98.07889893972126,101.86881583141897,-3.789916891697713,"post"
2024-12-23 00:00:00,103.65409630482412,99.50255959796237,4.151536706861755,"post"
2024-12-30 00:00:00,105.94114129727932,102.25756139201985,3.6835799052594673,"post"
2025-01-06 00:00:00,106.0121362154776,102.51603921516997,3.4960970003076306,"post"
2025-01-13 00:00:00,101.36084922412164,102.27549821942,-0.9146489952983651,"post"
2025-01-20 00:00:00,106.13184497109116,100.95366853969483,5.178176431396325,"post"
2025-01-27 00:00:00,102.86246623440765,102.1447020475272,0.7177641868804467,"post"
2025-02-03 00:00:00,104.03449154395157,101.61586172429706,2.4186298196545097,"post"
2025-02-10 00:00:00,108.66681983881281,101.7233556509462,6.9434641878666055,"post"
2025-02-17 00:00:00,105.32452496193265,102.25623695284479,3.0682880090878686,"post"
2025-02-24 00:00:00,104.35066238537493,102.01945990205985,2.3312024833150877,"post"
2025-03-03 00:00:00,102.09836143427063,102.6980820347444,-0.5997206004737708,"post"
2025-03-10 00:00:00,102.77736926800006,102.12580161076302,0.6515676572370407,"post"
2025-03-17 00:00:00,105.41928286861129,101.75795982768555,3.661323040925743,"post"
2025-03-24 00:00:00,106.4338315312693,101.69020621595085,4.743625315318456,"post"
2025-03-31 00:00:00,101.40375016672219,101.8778455643734,-0.47409539765121683,"post"
2025-04-07 00:00:00,100.49459581603229,102.27921091407792,-1.7846150980456381,"post"
2025-04-14 00:00:00,102.24632570670789,100.99015011449892,1.2561755922089763,"post"
2025-04-21 00:00:00,104.37198194119661,101.81713652495012,2.5548454162464944,"post"
2025-04-28 00:00:00,98.83732418085306,102.66399912188018,-3.8266749410271212,"post"
2025-05-05 00:00:00,104.66754290653968,102.7621749825148,1.905367924024888,"post"
2025-05-12 00:00:00,104.25447397618485,102.86350477785595,1.3909691983289039,"post"
2025-05-19 00:00:00,106.52754495648253,99.94751539722805,6.580029559254486,"post"
2025-05-26 00:00:00,104.30286190954419,101.16399748151947,3.138864428024715,"post"
2025-06-02 00:00:00,102.03112851067301,100.71843904911204,1.3126894615609819,"post"
2025-06-09 00:00:00,102.20098117315943,101.25006233917911,0.9509188339803178,"post"
2025-06-16 00:00:00,101.55487049481775,100.63959800965932,0.9152724851584257,"post"
2025-06-23 00:00:00,114.67860070497969,101.56717974364545,13.111420961334236,"post"
2025-06-30 00:00:00,108.00497062426366,101.47701004721834,6.527960577045314,"post"
2025-07-07 00:00:00,104.63290471248641,101.73856070834584,2.894344004140563,"post"
2025-07-14 00:00:00,108.14603239881508,100.89835915295922,7.2476732458558715,"post"
2025-07-21 00:00:00,116.8660192722039,101.79849291067497,15.06752636152893,"post"
2025-07-28 00:00:00,112.366186695242,101.61099218777494,10.75519450746706,"post"
2025-08-04 00:00:00,114.35771161364687,103.54925269291286,10.808458920734012,"post"
2025-08-11 00:00:00,112.66775936216274,103.23463517537701,9.43312418678573,"post"
2025-08-18 00:00:00,114.580308202617,103.5125773040279,11.0677308985891,"post"
2025-08-25 00:00:00,119.17466524800244,103.16041941725676,16.014245830745676,"post"
2025-09-01 00:00:00,115.34677465089574,103.42190273025926,11.924871920636477,"post"
2025-09-08 00:00:00,118.0319482006819,103.21002100160594,14.821927199075962,"post"
2025-09-15 00:00:00,116.01148287619023,104.5376073522041,11.473875523986118,"post"
2025-09-22 00:00:00,121.22709944211896,104.16663013240057,17.060469309718382,"post"
2025-09-29 00:00:00,112.38745418744023,104.5580332531481,7.8294209342921235,"post"
2025-10-06 00:00:00,112.35299690970713,103.55358882859342,8.799408081113711,"post"
2025-10-13 00:00:00,107.45915720773544,102.92009847730048,4.539058730434958,"post"
2025-10-20 00:00:00,114.48119915274442,103.5497308569317,10.931468295812726,"post"
2025-10-27 00:00:00,113.70503808063587,102.82330020103097,10.881737879604891,"post"
2025-11-03 00:00:00,116.64402275126649,104.63011162988781,12.013911121378685,"post"
2025-11-10 00:00:00,113.97066064904055,103.57979055780177,10.390870091238787,"post"
2025-11-17 00:00:00,112.0513595219934,104.41531343524663,7.63604608674677,"post"
2025-11-24 00:00:00,112.88503290527343,103.35921178917994,9.525821116093493,"post"
2025-12-01 00:00:00,104.33004714987939,102.53921827497639,1.7908288749030026,"post"
2025-12-08 00:00:00,110.52519970932828,102.98972140890855,7.5354783004197206,"post"
2025-12-15 00:00:00,115.07798863550578,103.57050427382549,11.50748436168028,"post"
2025-12-22 00:00:00,106.57003108279062,102.88818849364397,3.681842589146651,"post"
2025-12-29 00:00:00,105.17069880306396,103.92316757013928,1.247531232924677,"post"
2026-01-05 00:00:00,105.51481813055592,103.19132339528394,2.323494735271976,"post"
2026-01-12 00:00:00,111.57754752107492,104.42797521029084,7.149572310784083,"post"
2026-01-19 00:00:00,107.88163297836803,102.83505251574353,5.046580462624511,"post"
2026-01-26 00:00:00,111.83180055634752,104.43574931663903,7.396051239708482,"post"
2026-02-02 00:00:00,115.64178555169835,102.60079306966186,13.040992482036492,"post"
2026-02-09 00:00:00,108.08200526975983,103.24158303963375,4.84042223012608,"post"
2026-02-16 00:00:00,106.20560541687844,101.66481694443344,4.540788472444995,"post"
2026-02-23 00:00:00,107.92180852261708,101.93124302916405,5.990565493453036,"post"
2026-03-02 00:00:00,90.986858546833,99.34874771753921,-8.3618891707062,"post"
2026-03-09 00:00:00,100.96859190496883,101.22424210235627,-0.2556501973874436,"post"
2026-03-16 00:00:00,100.70810938385293,100.86244189969405,-0.1543325158411255,"post"
2026-03-23 00:00:00,111.1383958992818,101.90709612178992,9.23129977749189,"post"
2026-03-30 00:00:00,121.19598269359366,101.57587449878136,19.62010819481231,"post"
2026-04-06 00:00:00,120.58021291297176,101.31440271020904,19.265810202762726,"post"
2026-04-13 00:00:00,125.66617972857168,100.88489595765634,24.781283770915337,"post"
2026-04-20 00:00:00,120.3417657015244,101.04389004845147,19.29787565307292,"post"
2026-04-27 00:00:00,124.02620172259118,100.94942966358613,23.076772059005044,"post"
2026-05-04 00:00:00,142.6308188809581,100.67010127956088,41.96071760139721,"post"
2026-05-11 00:00:00,128.1666775077506,101.14651033845013,27.020167169300464,"post"
2026-05-18 00:00:00,117.30753969272327,102.84696687534387,14.460572817379404,"post"
2026-05-25 00:00:00,111.97110407862112,101.81042794212777,10.16067613649335,"post"
2026-06-01 00:00:00,112.69128610084832,102.38146038795331,10.309825712895,"post"
2026-06-08 00:00:00,112.29449062821246,103.26505891315898,9.029431715053484,"post"
2026-06-15 00:00:00,110.40564592225033,104.09658590129024,6.309060020960091,"post"
2026-06-22 00:00:00,105.99016477845802,103.35602151809564,2.6341432603623836,"post"
2026-06-29 00:00:00,105.52339143249796,103.98235584874271,1.5410355837552412,"post"
2026-07-06 00:00:00,107.91204984798802,102.68486896400469,5.227180883983323,"post"
2026-07-13 00:00:00,111.22030795756808,100.9239305977876,10.29637735978048,"post"
2026-07-20 00:00:00,114.12696095887738,102.10688800379761,12.020072955079765,"post"
2026-07-27 00:00:00,114.93886746434607,101.65576196991084,13.283105494435228,"post"
2026-08-03 00:00:00,110.59791510169322,101.50930849471479,9.088606606978427,"post"
2026-08-10 00:00:00,119.77747751078624,102.64591472093176,17.13156278985448,"post"
2026-08-17 00:00:00,123.23494524583192,103.86757884755333,19.36736639827859,"post"
2026-08-24 00:00:00,117.27552830072068,103.47968473491864,13.795843565802052,"post"
2026-08-31 00:00:00,113.54353544539752,103.53757373310988,10.00596171228764,"post"
2026-09-07 00:00:00,111.31865196478867,103.61789415049819,7.700757814290481,"post"
2026-09-14 00:00:00,105.72235123962052,101.79452912980948,3.9278221098110495,"post"
