sample_endpoint,horizon_weeks,estimate,robust_se,p_value_normal_approx,observations
2024-12-31,0,-0.0024363996938772513,0.01581933775176124,0.8775986864533615,73
2024-12-31,1,-0.013935104109662165,0.017932553398162288,0.4371090885801583,72
2024-12-31,4,0.01573044640346262,0.02691109856081463,0.5588612392729394,69
2024-12-31,13,-0.02821966976450692,0.045011891810976874,0.5306998138422225,60
2025-12-31,0,0.008597950766808814,0.00900209402997205,0.3395242778215517,125
2025-12-31,1,-0.004893193419153112,0.010430308765916625,0.6389751633278673,124
2025-12-31,4,0.018416018983313593,0.015454587294646304,0.23340967840760285,121
2025-12-31,13,0.02773430019233881,0.026402073844648596,0.2935070603744916,112
2026-07-06,0,0.0030517081832346455,0.005724694910710103,0.59397967574058,152
2026-07-06,1,-0.01380058738556243,0.01259156495875612,0.2730707047225681,151
2026-07-06,4,0.0053048529572289095,0.028724928857939168,0.8534818609726347,148
2026-07-06,13,0.09402624835638541,0.046419382245765015,0.04280767469472286,139
