"competition","month","markets","media_value_full","media_value_qi"
"FIFA Beach Soccer World Cup","2025-05",210,6381184.615759297,1919651.777067011
"FIFA Club World Cup","2025-06",222,343717680.7269766,92261891.29394357
"FIFA Club World Cup","2025-07",223,110204693.65167347,29704293.267280445
"FIFA Club World Cup","2025-08",2,19170.386538478215,5116.21534805854
"FIFA U-20 World Cup","2025-09",214,7719589.300279965,2110114.4558547945
"FIFA U-17 Women's World Cup","2025-10",219,7471704.423771044,987632.542788351
"FIFA U-20 World Cup","2025-10",216,36241950.51656722,10111381.143046126
"FIFA Futsal Women's World Cup","2025-11",207,1389932.4678443882,427061.32895066845
"FIFA U-17 Women's World Cup","2025-11",214,728275.6691451112,204043.76976283375
"FIFA U-17 World Cup","2025-11",218,172027815.01274475,24565919.889213134
"FIFA Futsal Women's World Cup","2025-12",208,1826461.960034185,556536.5690479294
"FIFA U-17 World Cup","2025-12",2,11818.444265085001,1698.3837152659503
"FIFA Women's Champions Cup","2026-01",204,1142141.670126535,287918.0904845927
"FIFA Women's Champions Cup","2026-02",200,1358184.5629975556,362591.26143880555
"FIFA World Cup Play-Off Tournament","2026-03",148,3890079.1942060124,1097072.8350605762
"FIFA World Cup Play-Off Tournament","2026-04",125,316724.9120094199,91545.387949574
