"query_id","augmented_scm_weight","simplex_scm_weight","synthetic_did_weight","scm_weight_before_ridge"
"donor_dell",0.2036591608665518,0.19285093725154487,0.12375957151781164,0.19285093725154487
"donor_asus",0.49614533591967297,0.4499143998904371,0.12569330285394423,0.4499143998904371
"donor_acer",-0.015242895578223175,0,0.08726238209248974,0
"donor_hp",0.08282838044294633,0.05434232372229561,0.11643793381364091,0.05434232372229561
"donor_microsoft_surface",-0.03062676504283346,0,0.06904245828276659,0
"donor_razer",-0.10617803732380637,0,0.021358385777004694,0
"donor_logitech",0.14170657042704254,0.06640983747710294,0.10157560051686806,0.06640983747710294
"donor_macbook",0.1329277004878877,0.15071310893488377,0.12287162647964499,0.15071310893488377
"donor_corsair",0.003769565528774909,0,0.0619831998934861,0
"donor_steelseries",0.01704134007622599,0,0.05313739489954176,0
"donor_benq",0.07981236884195796,0.08576939272373577,0.11687814387280133,0.08576939272373577
