"week","actual_fifa_cobrand_z","synthetic_donor_z","property_search_gap_z","period","fcwc_cobrand_interest_secondary","impressions","views","adstock_impressions"
2021-12-27 00:00:00,-0.6991775598904316,-0.9251953370584685,0.22601777716803684,"pre",0.5,,,
2022-01-03 00:00:00,-0.08025172464049922,-0.7866848973624708,0.7064331727219716,"pre",0.5,,,
2022-01-10 00:00:00,-0.1576174540467407,-0.6629346685025658,0.5053172144558251,"pre",0.5,,,
2022-01-17 00:00:00,-0.1576174540467407,-0.7072153010108448,0.5495978469641041,"pre",0.5,,,
2022-01-24 00:00:00,-0.002885995234257731,-0.2564241071909345,0.25353811195667675,"pre",0.5,,,
2022-01-31 00:00:00,-0.1576174540467407,-0.5115850923624343,0.3539676383156936,"pre",0.5,,,
2022-02-07 00:00:00,-0.2349831834529822,0.7476360376406657,-0.9826192210936479,"pre",0.5,,,
2022-02-14 00:00:00,-0.19630031874986145,-0.3556858115470748,0.15938549279721334,"pre",0.5,,,
2022-02-21 00:00:00,-0.19630031874986145,-0.2805714741099462,0.08427115536008475,"pre",0.5,,,
2022-02-28 00:00:00,-0.1576174540467407,-0.10481112050147315,-0.052806333545267564,"pre",0.5,,,
2022-03-07 00:00:00,-1.0048932551522043,0.35759084194903923,-1.3624840971012435,"pre",0.5,,,
2022-03-14 00:00:00,-0.35103177756234466,0.1588348942766643,-0.509866671839009,"pre",0.5,,,
2022-03-21 00:00:00,-0.19630031874986145,1.0926887156639364,-1.288989034413798,"pre",0.5,,,
2022-03-28 00:00:00,0.07447973417198402,0.1395732027345946,-0.06509346856261057,"pre",0.5,,,
2022-04-04 00:00:00,-0.31234891285922384,0.020183426826496056,-0.3325323396857199,"pre",0.5,,,
2022-04-11 00:00:00,-0.35103177756234466,-0.12080686755880637,-0.23022491000353829,"pre",0.5,,,
2022-04-18 00:00:00,-0.27366604815610307,-0.6924550901747518,0.41878904201864875,"pre",0.5,,,
2022-04-25 00:00:00,-1.0048932551522043,0.0065833164844927294,-1.0114765716366971,"pre",0.5,,,
2022-05-02 00:00:00,-0.2349831834529822,0.32543891385870305,-0.5604220973116852,"pre",0.5,,,
2022-05-09 00:00:00,-0.1576174540467407,-0.27305844535097795,0.11544099130423724,"pre",0.5,,,
2022-05-16 00:00:00,-0.3731115647177771,0.2504758647092116,-0.6235874294269887,"pre",0.5,,,
2022-05-23 00:00:00,-0.424919315954545,-0.04512025236765478,-0.37979906358689025,"pre",0.5,,,
2022-05-30 00:00:00,-0.9129037502670384,-0.2886675188532052,-0.6242362314138332,"pre",0.5,,,
2022-06-06 00:00:00,-0.16580369367094808,0.2998014829374632,-0.4656051766084113,"pre",0.5,,,
2022-06-13 00:00:00,-0.3212653804311305,-0.5202990677109475,0.19903368727981696,"pre",0.5,,,
2022-06-20 00:00:00,-0.3731115647177771,0.39177503021073334,-0.7648865949285104,"pre",0.5,,,
2022-06-27 00:00:00,-0.3212653804311305,0.32670360020892664,-0.6479689806400571,"pre",0.5,,,
2022-07-04 00:00:00,-0.21764987795759486,0.9716459794149641,-1.189295857372559,"pre",0.5,,,
2022-07-11 00:00:00,-0.062149758147533554,0.1838480363946618,-0.24599779454219534,"pre",0.5,,,
2022-07-18 00:00:00,0.09331192861264885,0.3628092226034218,-0.26949729399077293,"pre",0.5,,,
2022-07-25 00:00:00,-0.3212653804311305,1.1146564348599264,-1.435921815291057,"pre",0.5,,,
2022-08-01 00:00:00,-0.21764987795759486,-0.04512025236765478,-0.17252962558994006,"pre",0.5,,,
2022-08-08 00:00:00,-0.21764987795759486,-0.7589657852967369,0.541315907339142,"pre",0.5,,,
2022-08-15 00:00:00,-0.21764987795759486,-0.7322297924716327,0.5145799145140378,"pre",0.5,,,
2022-08-22 00:00:00,-0.424919315954545,-0.4066805247941424,-0.018238791160402612,"pre",0.5,,,
2022-08-29 00:00:00,-0.11399594243418021,-0.21084901753684757,0.09685307510266736,"pre",0.5,,,
2022-09-05 00:00:00,-0.2694576291943626,0.5979741029517303,-0.8674317321460929,"pre",0.5,,,
2022-09-12 00:00:00,-0.010342006910765807,-0.41300506364498585,0.40266305673422004,"pre",0.5,,,
2022-09-19 00:00:00,-0.010342006910765807,0.6921210586754359,-0.7024630655862018,"pre",0.5,,,
2022-09-26 00:00:00,2.285658001117661,-0.041885996635889995,2.327543997753551,"pre",0.5,,,
2022-10-03 00:00:00,1.1766819551242436,-0.09497432840640345,1.271656283530647,"pre",0.5,,,
2022-10-10 00:00:00,0.24362358668905765,0.33714408703046744,-0.0935205003414098,"pre",0.5,,,
2022-10-17 00:00:00,0.12639317629591867,0.5155016828908758,-0.38910850659495716,"pre",0.5,,,
2022-10-24 00:00:00,-0.22535570445831582,0.21233781987057182,-0.43769352432888764,"pre",0.5,,,
2022-10-31 00:00:00,-0.16672608686804188,-0.5135262827261871,0.34680019585814514,"pre",0.5,,,
2022-11-07 00:00:00,0.30225320427933144,0.43177798798644773,-0.1295247837071163,"pre",0.5,,,
2022-11-14 00:00:00,0.883591516747692,-0.02597217424984928,0.9095636909975413,"pre",0.5,,,
2022-11-21 00:00:00,6.604245300335963,-0.36402668475655897,6.968271985092522,"pre",0.5,,,
2022-11-28 00:00:00,5.9642485454899195,-0.7946344453730538,6.758882990862974,"pre",0.5,,,
2022-12-05 00:00:00,4.620840503497635,-1.045881576514213,5.666722080011848,"pre",0.5,,,
2022-12-12 00:00:00,3.68772448548763,-0.9325301459066542,4.620254631394284,"pre",0.5,,,
2022-12-19 00:00:00,2.4028884115108,-1.0949604099584689,3.497848821469269,"pre",0.5,,,
2022-12-26 00:00:00,1.118081162321379,-0.86825489422375,1.9863360565451291,"pre",0.5,,,
2023-01-02 00:00:00,1.118081162321379,-0.8265523497785905,1.9446335120999696,"pre",0.5,,,
2023-01-09 00:00:00,-0.10812529406517722,-0.5827116153219046,0.4745863212567274,"pre",0.5,,,
2023-01-16 00:00:00,0.12639317629591867,-0.3957140255468975,0.5221072018428161,"pre",0.5,,,
2023-01-23 00:00:00,-0.04946685168749382,-0.24571520054078003,0.1962483488532862,"pre",0.5,,,
2023-01-30 00:00:00,-0.2839564972611806,-0.8510933842353563,0.5671368869741757,"pre",0.5,,,
2023-02-06 00:00:00,-0.10812529406517722,-0.8437132788173098,0.7355879847521326,"pre",0.5,,,
2023-02-13 00:00:00,0.042334331253265314,-0.6026177560758272,0.6449520873290926,"pre",0.5,,,
2023-02-20 00:00:00,-0.008512593736529583,-0.41768350902327583,0.40917091528674626,"pre",0.5,,,
2023-02-27 00:00:00,-0.0792832117835508,0.5177524048073028,-0.5970356165908536,"pre",0.5,,,
2023-03-06 00:00:00,0.11308188947035903,0.2596140989152822,-0.14653220944492318,"pre",0.5,,,
2023-03-13 00:00:00,0.04630062200076874,-0.2312381554224441,0.27753877742321287,"pre",0.5,,,
2023-03-20 00:00:00,-0.34239587125455395,0.35844804431613775,-0.7008439155706917,"pre",0.5,,,
2023-03-27 00:00:00,0.058245613903133216,1.3525955762004713,-1.294349962297338,"pre",0.5,,,
2023-04-03 00:00:00,0.23469943250717515,-0.17348135842501639,0.4081807909321915,"pre",0.5,,,
2023-04-10 00:00:00,-0.33840652067712346,-0.49650656380907454,0.15810004313195108,"pre",0.5,,,
2023-04-17 00:00:00,-0.27561460378496366,-0.41170620827867904,0.13609160449371538,"pre",0.5,,,
2023-04-24 00:00:00,-0.39723214682177976,-0.36576708064961355,-0.03146506617216621,"pre",0.5,,,
2023-05-01 00:00:00,-0.34636216200205727,0.5496418783513211,-0.8960040403533783,"pre",0.5,,,
2023-05-08 00:00:00,-0.6991775598904316,0.6652228456134419,-1.3644004055038734,"pre",0.5,,,
2023-05-15 00:00:00,-0.07135063028854421,-0.09691913412685366,0.025568503838309442,"pre",0.5,,,
2023-05-22 00:00:00,-0.020434525808966826,-0.899610287292436,0.8791757614834691,"pre",0.5,,,
2023-05-29 00:00:00,-0.21282268689280404,-0.05770207926488049,-0.15512060762792354,"pre",0.5,,,
2023-06-05 00:00:00,0.11308188947035903,-0.4479602410156459,0.5610421304860049,"pre",0.5,,,
2023-06-12 00:00:00,-0.0832725623609812,0.44503881827109865,-0.5283113806320798,"pre",0.5,,,
2023-06-19 00:00:00,-0.024423876386397484,-0.3740746490448828,0.3496507726584853,"pre",0.5,,,
2023-06-26 00:00:00,0.09800076069787561,-0.29698512958026585,0.39498589027814146,"pre",0.5,,,
2023-07-03 00:00:00,-0.04819856104148999,0.2429577518472547,-0.2911563128887447,"pre",0.5,,,
2023-07-10 00:00:00,0.2306139993050471,-0.44378339257711086,0.674397391882158,"pre",0.5,,,
2023-07-17 00:00:00,0.2900891439926573,-0.47160411438975564,0.761693258382413,"pre",0.5,,,
2023-07-24 00:00:00,0.10969209447103942,-0.41427461859431763,0.523966713065357,"pre",0.5,,,
2023-07-31 00:00:00,-0.10704724701607371,-0.44175281205963346,0.33470556504355975,"pre",0.5,,,
2023-08-07 00:00:00,0.15744900225057037,-0.3334293007066317,0.49087830295720203,"pre",0.5,,,
2023-08-14 00:00:00,0.10152891467675942,-0.44175281205963346,0.5432817267363929,"pre",0.5,,,
2023-08-21 00:00:00,0.7248130577829599,-0.10515623103137736,0.8299692888143373,"pre",0.5,,,
2023-08-28 00:00:00,-0.10704724701607371,0.24828493337468743,-0.35533218039076114,"pre",0.5,,,
2023-09-04 00:00:00,-0.0825577076332337,-0.15507315691282147,0.07251544927958778,"pre",0.5,,,
2023-09-11 00:00:00,-0.17931675400837205,0.7561767538354822,-0.9354935078438542,"pre",0.5,,,
2023-09-18 00:00:00,-0.24337696154653576,0.8633450532862403,-1.106722014832776,"pre",0.5,,,
2023-09-25 00:00:00,-0.23521378175225574,1.800156443753663,-2.0353702255059187,"pre",0.5,,,
2023-10-02 00:00:00,-0.43562676365080877,1.2500794954315133,-1.685706259082322,"pre",0.5,,,
2023-10-09 00:00:00,-0.17115357421409202,1.3193601645061608,-1.4905137387202527,"pre",0.5,,,
2023-10-16 00:00:00,-0.355240196524085,2.9833257362650607,-3.3385659327891455,"pre",0.5,,,
2023-10-23 00:00:00,-0.2911338693260667,1.543716721819383,-1.8348505911454498,"pre",0.5,,,
2023-10-30 00:00:00,-0.8584979248584563,0.838207738565606,-1.6967056634240625,"pre",0.5,,,
2023-11-06 00:00:00,-0.29932010895027406,0.7055031056806069,-1.004823214630881,"pre",0.5,,,
2023-11-13 00:00:00,-0.21057819677987583,-0.05140050874830743,-0.1591776880315684,"pre",0.5,,,
2023-11-20 00:00:00,-0.005268844326749757,0.7355230262120964,-0.7407918705388462,"pre",0.5,,,
2023-11-27 00:00:00,-0.05546240746860355,1.506325866125595,-1.5617882735941986,"pre",0.5,,,
2023-12-04 00:00:00,-0.025945825161602223,-0.14672526459564672,0.1207794394340445,"pre",0.5,,,
2023-12-11 00:00:00,-0.08290360508214382,-0.5274775310095756,0.4445739259274318,"pre",0.5,,,
2023-12-18 00:00:00,-0.030119654378451825,-0.8524736354284026,0.8223539810499507,"pre",0.5,,,
2023-12-25 00:00:00,0.0638260927455506,-0.7439767029222191,0.8078027956677697,"pre",0.5,,,
2024-01-01 00:00:00,-0.11991463211553213,-0.6579602801521185,0.5380456480365864,"pre",0.5,,,
2024-01-08 00:00:00,-0.20152337022840508,-0.90416349257821,0.702640122349805,"pre",0.5,,,
2024-01-15 00:00:00,-0.20152337022840508,-0.9005846112633349,0.6990612410349298,"pre",0.5,,,
2024-01-22 00:00:00,-0.45389014895326574,0.06421228830827097,-0.5181024372615367,"pre",0.5,,,
2024-01-29 00:00:00,-0.34412535849910486,-0.4661212083780102,0.12199584987890533,"pre",0.5,,,
2024-02-05 00:00:00,-0.24201643158082245,-0.3382570205446878,0.09624058896386536,"pre",0.5,,,
2024-02-12 00:00:00,-0.37640912039738755,-0.4685563677162237,0.09214724731883617,"pre",0.5,,,
2024-02-19 00:00:00,-0.6991775598904316,-0.3358675503528568,-0.3633100095375748,"pre",0.5,,,
2024-02-26 00:00:00,-0.753783237158384,-0.06205884485785207,-0.691724392300532,"pre",0.5,,,
2024-03-04 00:00:00,-0.4134201474307757,0.10551915698860029,-0.518939304419376,"pre",0.5,,,
2024-03-11 00:00:00,-0.25433038076202447,0.6871291501825758,-0.9414595309446003,"pre",0.5,,,
2024-03-18 00:00:00,-0.25433038076202447,-0.22903163783104682,-0.02529874293097764,"pre",0.5,,,
2024-03-25 00:00:00,-0.18918636121727558,-0.5476717226468781,0.3584853614296025,"pre",0.5,,,
2024-04-01 00:00:00,-0.6991775598904316,-0.46446882614690943,-0.2347087337435222,"pre",0.5,,,
2024-04-08 00:00:00,-0.6991775598904316,-0.49219649384238595,-0.20698106604804567,"pre",0.5,,,
2024-04-15 00:00:00,-0.22483685828495062,0.1317147549591923,-0.3565516132441429,"pre",0.5,,,
2024-04-22 00:00:00,-0.05995907430443579,-0.07689282439343287,0.016933750088997078,"pre",0.5,,,
2024-04-29 00:00:00,-0.28244031344345777,0.512012694153019,-0.7944530075964767,"pre",0.5,,,
2024-05-06 00:00:00,-0.5093490399285299,0.08994410922142308,-0.5992931491499529,"pre",0.5,,,
2024-05-13 00:00:00,-0.34451737560786977,0.22031674469855123,-0.564834120306421,"pre",0.5,,,
2024-05-20 00:00:00,-0.29480038228451444,-0.23182941871504806,-0.06297096356946638,"pre",0.5,,,
2024-05-27 00:00:00,-0.6991775598904316,1.072831994393389,-1.7720095542838208,"pre",0.5,,,
2024-06-03 00:00:00,0.1419066768795401,3.2257045445166472,-3.083797867637107,"pre",0.5,,,
2024-06-10 00:00:00,0.06375691325576861,0.39025837084425447,-0.32650145758848587,"pre",0.5,,,
2024-06-17 00:00:00,-0.6991775598904316,0.061534383922121044,-0.7607119438125527,"pre",0.5,,,
2024-06-24 00:00:00,-0.3403435463910204,-0.3953097348547463,0.05496618846372592,"pre",0.5,,,
2024-07-01 00:00:00,-0.2659755948753335,0.4959716130725468,-0.7619472079478803,"pre",0.5,,,
2024-07-08 00:00:00,-0.6991775598904316,0.2525558696829443,-0.9517334295733759,"pre",0.5,,,
2024-07-15 00:00:00,-0.6991775598904316,-0.6418654355460292,-0.05731212434440247,"pre",0.5,,,
2024-07-22 00:00:00,-0.3815053428113307,2.114487858596309,-2.49599320140764,"pre",0.5,,,
2024-07-29 00:00:00,-0.6991775598904316,-0.12308361417594266,-0.5760939457144889,"pre",0.5,,,
2024-08-05 00:00:00,-0.39384235182246,-0.43249876242762364,0.038656410605163616,"pre",0.5,,,
2024-08-12 00:00:00,-0.4803013408300513,-0.5785877818561931,0.09828644102614176,"pre",0.5,,,
2024-08-19 00:00:00,-0.3800871632707989,-0.2974167151111537,-0.0826704481596452,"pre",0.5,,,
2024-08-26 00:00:00,-0.6991775598904316,-0.36541620399143193,-0.3337613558989997,"pre",0.5,,,
2024-09-02 00:00:00,-0.1549655736050961,0.37826824461776076,-0.5332338182228569,"pre",0.5,,,
2024-09-09 00:00:00,-0.0334633297179167,0.10486269157708628,-0.138326021295003,"pre",0.5,,,
2024-09-16 00:00:00,0.03733034815903175,0.09285684872658846,-0.05552650056755671,"pre",0.5,,,
2024-09-23 00:00:00,-0.4055106257656965,-0.04471720540264873,-0.3607934203630478,"pre",0.5,,,
2024-09-30 00:00:00,-0.36372621393734794,-0.020582169495838187,-0.34314404444150975,"pre",0.5,0,0,0
2024-10-07 00:00:00,-0.29710636527724893,-0.338544871790337,0.04143850651308806,"pre",0.5,0,0,0
2024-10-14 00:00:00,0.4221758498164876,-0.44323220793742385,0.8654080577539114,"pre",0.5,225754,0,225754
2024-10-21 00:00:00,-0.06272625389571711,0.4381184651362514,-0.5008447190319685,"post",0.5,0,0,180603.2
2024-10-28 00:00:00,-0.07107391232941605,0.806936955858859,-0.8780108681882751,"post",0.5,0,0,144482.56000000003
2024-11-04 00:00:00,-0.6991775598904316,1.0238044827356736,-1.7229820426261053,"post",0.5,0,0,115586.04800000004
2024-11-11 00:00:00,-0.06272625389571711,0.0992395395868503,-0.1619657934825674,"post",0.5,0,0,92468.83840000004
2024-11-18 00:00:00,-0.39713990750207045,1.6451472288878204,-2.042287136389891,"post",0.5,0,0,73975.07072000003
2024-11-25 00:00:00,-0.3553554956737217,0.8342446892302714,-1.189600184903993,"post",0.5,0,0,59180.056576000025
2024-12-02 00:00:00,-0.23410690991574312,0.6974876967900353,-0.9315946067057784,"post",0.5,71278,63386,118622.04526080002
2024-12-09 00:00:00,-0.07942157076311475,-0.2928875764934399,0.21346600573032515,"post",0.5,2065994,1928989,2160891.63620864
2024-12-16 00:00:00,-0.12572570925722293,-0.28206851974741254,0.1563428104901896,"post",0.5,0,0,1728713.308966912
2024-12-23 00:00:00,-0.38042153080474544,-0.5975786918652969,0.21715716106055144,"post",0.5,0,0,1382970.64717353
2024-12-30 00:00:00,-0.6991775598904316,-0.6719055463145357,-0.027272013575895926,"post",0.5,0,0,1106376.517738824
2025-01-06 00:00:00,-0.6991775598904316,-0.30686750909958405,-0.3923100507908476,"post",0.5,0,0,885101.2141910591
2025-01-13 00:00:00,-0.35139689153619424,-0.10448084182698986,-0.2469160497092044,"post",0.5,4223,1257,712303.9713528474
2025-01-20 00:00:00,-0.43442765249458676,1.1808569191874347,-1.6152845716820214,"post",0.5,3031589,0,3601432.177082278
2025-01-27 00:00:00,-0.6991775598904316,-0.5375189132245621,-0.1616586466658695,"post",0.5,181832,178870,3062977.7416658225
2025-02-03 00:00:00,-0.3133174257161724,-0.07882260638463151,-0.23449481933154087,"post",0.5,0,0,2450382.193332658
2025-02-10 00:00:00,-0.38039847097481805,1.088097464536714,-1.4684959355115321,"post",0.5,0,0,1960305.7546661266
2025-02-17 00:00:00,-0.32996662292371515,0.37941049115511677,-0.7093771140788319,"post",0.5,0,0,1568244.6037329012
2025-02-24 00:00:00,-0.38039847097481805,0.588965232306686,-0.969363703281504,"post",0.5,0,0,1254595.6829863212
2025-03-03 00:00:00,-0.338314281357414,2.04880701304373,-2.387121294401144,"post",0.5,0,0,1003676.5463890571
2025-03-10 00:00:00,-0.3091435964993229,0.939581161785165,-1.2487247582844878,"post",0.5,0,0,802941.2371112456
2025-03-17 00:00:00,-0.2592651843664763,2.611153870185928,-2.8704190545524044,"post",0.5,0,0,642352.9896889966
2025-03-24 00:00:00,-0.38457230019166755,0.8763923557709544,-1.260964655962622,"post",0.5,1326735,0,1840617.3917511972
2025-03-31 00:00:00,-0.6991775598904316,1.6974159921205936,-2.396593552011025,"post",0.5,711755,699997,2184248.913400958
2025-04-07 00:00:00,-0.188010309890981,1.704635111710824,-1.892645421601805,"post",0.5,0,0,1747399.1307207667
2025-04-14 00:00:00,-0.20883333631537337,1.54140591179087,-1.7502392481062434,"post",0.5,0,0,1397919.3045766132
2025-04-21 00:00:00,-0.3133174257161724,-0.15554810226405102,-0.15776932345212136,"post",0.5,0,0,1118335.4436612907
2025-04-28 00:00:00,-0.4302538232777374,0.20044749329600647,-0.6307013165737438,"post",0.5,51655,2472,946323.3549290326
2025-05-05 00:00:00,-0.3341404521405646,0.0436714436849637,-0.3778118958255283,"post",0.5,0,0,757058.683943226
2025-05-12 00:00:00,-0.2046595070985239,1.1823196634209836,-1.3869791705195076,"post",0.5,0,0,605646.9471545808
2025-05-19 00:00:00,-0.3216420243199438,0.26897081949317686,-0.5906128438131206,"post",0.5,72847,0,557364.5577236647
2025-05-26 00:00:00,-0.13815495758806176,0.014113532163708753,-0.1522684897517705,"post",0.5,66008,0,511899.6461789318
2025-06-02 00:00:00,-0.27597203114883756,0.6030759369826427,-0.8790479681314802,"post",0.5,738084,569684,1147603.7169431455
2025-06-09 00:00:00,0.1005373419898835,0.1726990375931538,-0.0721616956032703,"post",0.5,5834319,5350601,6752401.973554516
2025-06-16 00:00:00,0.8652589519554532,1.4492006814481255,-0.5839417294926723,"post",8.118333333333334,34236101,31602553,39638022.578843616
2025-06-23 00:00:00,1.2417395003067646,2.5717489320493723,-1.3300094317426077,"post",8.821166666666667,171628998,147069217,203339416.0630749
2025-06-30 00:00:00,0.8185339715651707,1.839711918921541,-1.0211779473563702,"post",8.046,144868631,136672796,307540163.85045993
2025-07-07 00:00:00,0.8652589519554532,1.408724257268099,-0.5434653053126457,"post",5.141766666666666,13382195,12983678,259414326.08036795
2025-07-14 00:00:00,2.0064899350597436,2.361183431987756,-0.3546934969280122,"post",5.033266666666667,5007851,4223065,212539311.86429435
2025-07-21 00:00:00,2.0064899350597436,3.1970443937377677,-1.1905544586780241,"post",0.5,4256914,3843696,174288363.4914355
2025-07-28 00:00:00,3.3826717603362684,4.753955836123813,-1.3712840757875449,"post",7.09,791258,716805,140221948.79314843
2025-08-04 00:00:00,3.7591523086875793,5.658482769694496,-1.8993304610069166,"post",0.5,7579266,7231362,119756825.03451875
2025-08-11 00:00:00,4.758853585612792,6.097759938602838,-1.3389063529900458,"post",0.5,605292,535208,96410752.027615
2025-08-18 00:00:00,6.182452186177419,7.3609683104704065,-1.1785161242929876,"post",0.5,0,0,77128601.62209201
2025-08-25 00:00:00,7.32368316928171,9.068895745743431,-1.7452125764617206,"post",10.1389,4111464,3867726,65814345.29767361
2025-09-01 00:00:00,13.264097132077575,14.260468075278274,-0.9963709432006986,"post",0.5,1213564,876873,53865040.23813889
2025-09-08 00:00:00,16.452118619532985,12.362824331282038,4.089294288250947,"post",6.909133333333333,1032900,1027128,44124932.19051111
2025-09-15 00:00:00,7.2295702383907345,7.0040729107160375,0.225497327674697,"post",0.5,902882,884542,36202827.75240889
2025-09-22 00:00:00,9.558728360202188,9.894649102184038,-0.33592074198184996,"post",0.5,6866498,3532369,35828760.20192711
2025-09-29 00:00:00,9.558728360202188,9.655766309244814,-0.09703794904262608,"post",5.9893,105384702,78038861,134047710.16154169
2025-10-06 00:00:00,7.135457307499758,8.172210247792227,-1.0367529402924696,"post",0.5,72353177,49505952,179591345.12923336
2025-10-13 00:00:00,9.276360742741852,8.031084703540445,1.245276039201407,"post",0.5,42165142,24534312,185838218.1033867
2025-10-20 00:00:00,5.675251226925472,9.094434536388833,-3.419183309463362,"post",0.5,82049287,50563313,230719861.48270935
2025-10-27 00:00:00,5.612028859874668,6.724535797850035,-1.1125069379753674,"post",5.8808,15828855,11936563,200404744.18616748
2025-11-03 00:00:00,7.0128750949109815,5.678071227740368,1.3348038671706135,"post",10.8779,134904657,88121452,295228452.348934
2025-11-10 00:00:00,11.41503506109097,6.820788647823174,4.594246413267796,"post",9.9942,80297564,54759693,316480325.87914723
2025-11-17 00:00:00,12.879065230128207,6.823688334638297,6.05537689548991,"post",7.09,67103649,52223514,320287909.70331776
2025-11-24 00:00:00,9.308750195527303,9.827917595279194,-0.5191673997518915,"post",0.5,55644396,41937796,311874723.76265424
2025-12-01 00:00:00,17.344447563358997,9.452015876850151,7.892431686508846,"post",10.950233333333333,29495794,6717061,278995573.01012343
2025-12-08 00:00:00,11.541441362142697,9.244509343239596,2.2969320189031013,"post",7.865166666666667,40988200,39599012,264184658.40809873
2025-12-15 00:00:00,9.245527828476499,3.4984514802291615,5.7470763482473375,"post",7.053833333333333,8734807,4806002,220082533.72647902
2025-12-22 00:00:00,3.50578242736088,1.45838699010666,2.0473954372542202,"post",0.5,4257651,4239185,180323677.98118323
2025-12-29 00:00:00,2.2946032934769764,1.7277033575378238,0.5668999359391527,"post",0.5,1771244,1756092,146030186.38494658
2026-01-05 00:00:00,3.5690047944116827,1.7471267279701181,1.8218780664415646,"post",0.5,265780,226533,117089929.10795727
2026-01-12 00:00:00,4.464072093041568,2.3729716581570295,2.0911004348845386,"post",0.5,247723,164308,93919666.28636582
2026-01-19 00:00:00,4.590516827143175,4.2525031035069505,0.33801372363622484,"post",0.5,1236293,667774,76372026.02909267
2026-01-26 00:00:00,5.548844925873744,3.8232194245613402,1.7256255013124036,"post",0.5,4590860,2916083,65688480.82327413
2026-02-02 00:00:00,3.442560060310076,2.551575824549337,0.8909842357607389,"post",0.5,5188063,4337389,57738847.65861931
2026-02-09 00:00:00,3.442560060310076,2.8837063631574686,0.5588536971526072,"post",0.5,42728,41952,46233806.12689545
2026-02-16 00:00:00,3.442560060310076,2.41305217639189,1.029507883918186,"post",0.5,3047949,3039358,40034993.901516356
2026-02-23 00:00:00,3.379337693259273,3.836086877462854,-0.4567491842035807,"post",0.5,4547133,4245207,36575128.121213086
2026-03-02 00:00:00,3.336292677394896,7.628271229225973,-4.291978551831077,"post",5,942161,893125,30202263.496970475
2026-03-09 00:00:00,4.489284173762132,7.266775506987277,-2.7774913332251447,"post",7,2114978,2080420,26276788.79757638
2026-03-16 00:00:00,5.642275670129369,6.3506758751999675,-0.7084002050705989,"post",0.5,429765,416853,21451196.038061105
2026-03-23 00:00:00,10.254241655598314,8.737269515196045,1.5169721404022685,"post",0.5,13943387,8336318,31104343.830448885
2026-03-30 00:00:00,16.019199137434494,9.625289247667201,6.3939098897672935,"post",8,11637332,6331928,36520807.064359106
2026-04-06 00:00:00,10.254241655598314,8.603819837666322,1.650421817931992,"post",6,6203466,5075710,35420111.65148729
2026-04-13 00:00:00,6.795267166496605,8.23803018106238,-1.4427630145657746,"post",0.5,80517,26388,28416606.321189832
2026-04-20 00:00:00,6.795267166496605,7.088179707884875,-0.2929125413882705,"post",5,596292,44974,23329577.056951866
2026-04-27 00:00:00,6.795267166496605,7.147629961439156,-0.3523627949425512,"post",0.5,4057211,3934662,22720872.645561494
2026-05-04 00:00:00,10.254241655598314,9.69637078786861,0.5578708677297044,"post",8,6238697,6129705,24415395.116449196
2026-05-11 00:00:00,13.713216144700024,9.664228335522006,4.048987809178017,"post",9,91986,66140,19624302.09315936
2026-05-18 00:00:00,16.019199137434494,7.107509422114289,8.911689715320206,"post",11,4788182,2466580,20487623.67452749
2026-05-25 00:00:00,18.32518213016897,7.599891519829584,10.725290610339385,"post",11,311424,310378,16701522.93962199
2026-06-01 00:00:00,36.77304607204475,9.515545667849947,27.2575004041948,"post",21,445284,147102,13806502.351697594
2026-06-08 00:00:00,105.95253585407893,7.838478953569944,98.11405690050898,"post",100,9833030,6515125,20878231.881358076
2026-06-15 00:00:00,102.49356136497723,6.359776753949359,96.13378461102786,"post",69,,,
2026-06-22 00:00:00,114.02347632864958,6.446474207801144,107.57700212084843,"post",94,,,
2026-06-29 00:00:00,88.65766340857039,3.4235517125351884,85.2341116960352,"post",51,,,
2026-07-06 00:00:00,50.60894402845159,1.7461440736390414,48.862799954812544,"post",22,,,
