"property_id","week","impressions","views","adstock_impressions","contributing_property_rows","positive_exposure_properties","view_rate"
"fifa_aggregate",2024-09-30 00:00:00.000,0,0,0,7,0,
"fifa_aggregate",2024-10-07 00:00:00.000,0,0,0,7,0,
"fifa_aggregate",2024-10-14 00:00:00.000,225754,0,225754,7,2,0
"fifa_aggregate",2024-10-21 00:00:00.000,0,0,180603.2,7,0,
"fifa_aggregate",2024-10-28 00:00:00.000,0,0,144482.56000000003,7,0,
"fifa_aggregate",2024-11-04 00:00:00.000,0,0,115586.04800000004,7,0,
"fifa_aggregate",2024-11-11 00:00:00.000,0,0,92468.83840000004,7,0,
"fifa_aggregate",2024-11-18 00:00:00.000,0,0,73975.07072000003,7,0,
"fifa_aggregate",2024-11-25 00:00:00.000,0,0,59180.056576000025,7,0,
"fifa_aggregate",2024-12-02 00:00:00.000,71278,63386,118622.04526080002,7,1,0.8892785992872976
"fifa_aggregate",2024-12-09 00:00:00.000,2065994,1928989,2160891.63620864,7,1,0.9336856738209307
"fifa_aggregate",2024-12-16 00:00:00.000,0,0,1728713.308966912,7,0,
"fifa_aggregate",2024-12-23 00:00:00.000,0,0,1382970.64717353,7,0,
"fifa_aggregate",2024-12-30 00:00:00.000,0,0,1106376.517738824,7,0,
"fifa_aggregate",2025-01-06 00:00:00.000,0,0,885101.2141910591,7,0,
"fifa_aggregate",2025-01-13 00:00:00.000,4223,1257,712303.9713528474,7,1,0.297655695003552
"fifa_aggregate",2025-01-20 00:00:00.000,3031589,0,3601432.177082278,7,1,0
"fifa_aggregate",2025-01-27 00:00:00.000,181832,178870,3062977.7416658225,7,1,0.9837102380219104
"fifa_aggregate",2025-02-03 00:00:00.000,0,0,2450382.193332658,7,0,
"fifa_aggregate",2025-02-10 00:00:00.000,0,0,1960305.7546661266,7,0,
"fifa_aggregate",2025-02-17 00:00:00.000,0,0,1568244.6037329012,7,0,
"fifa_aggregate",2025-02-24 00:00:00.000,0,0,1254595.6829863212,7,0,
"fifa_aggregate",2025-03-03 00:00:00.000,0,0,1003676.5463890571,7,0,
"fifa_aggregate",2025-03-10 00:00:00.000,0,0,802941.2371112456,7,0,
"fifa_aggregate",2025-03-17 00:00:00.000,0,0,642352.9896889966,7,0,
"fifa_aggregate",2025-03-24 00:00:00.000,1326735,0,1840617.3917511972,7,1,0
"fifa_aggregate",2025-03-31 00:00:00.000,711755,699997,2184248.913400958,7,1,0.9834802705987313
"fifa_aggregate",2025-04-07 00:00:00.000,0,0,1747399.1307207667,7,0,
"fifa_aggregate",2025-04-14 00:00:00.000,0,0,1397919.3045766132,7,0,
"fifa_aggregate",2025-04-21 00:00:00.000,0,0,1118335.4436612907,7,0,
"fifa_aggregate",2025-04-28 00:00:00.000,51655,2472,946323.3549290326,7,1,0.047855967476526956
"fifa_aggregate",2025-05-05 00:00:00.000,0,0,757058.683943226,7,0,
"fifa_aggregate",2025-05-12 00:00:00.000,0,0,605646.9471545808,7,0,
"fifa_aggregate",2025-05-19 00:00:00.000,72847,0,557364.5577236647,7,1,0
"fifa_aggregate",2025-05-26 00:00:00.000,66008,0,511899.6461789318,7,1,0
"fifa_aggregate",2025-06-02 00:00:00.000,738084,569684,1147603.7169431455,7,1,0.7718416873960146
"fifa_aggregate",2025-06-09 00:00:00.000,5834319,5350601,6752401.973554516,7,2,0.9170909235508035
"fifa_aggregate",2025-06-16 00:00:00.000,34236101,31602553,39638022.578843616,7,3,0.9230768713995791
"fifa_aggregate",2025-06-23 00:00:00.000,171628998,147069217,203339416.0630749,7,3,0.8569019146752812
"fifa_aggregate",2025-06-30 00:00:00.000,144868631,136672796,307540163.85045993,7,4,0.9434257441143349
"fifa_aggregate",2025-07-07 00:00:00.000,13382195,12983678,259414326.08036795,7,2,0.9702203562270614
"fifa_aggregate",2025-07-14 00:00:00.000,5007851,4223065,212539311.86429435,7,4,0.8432888678197494
"fifa_aggregate",2025-07-21 00:00:00.000,4256914,3843696,174288363.4914355,7,1,0.9029301508087784
"fifa_aggregate",2025-07-28 00:00:00.000,791258,716805,140221948.79314843,7,3,0.905905532708674
"fifa_aggregate",2025-08-04 00:00:00.000,7579266,7231362,119756825.03451875,7,1,0.9540979297995347
"fifa_aggregate",2025-08-11 00:00:00.000,605292,535208,96410752.027615,7,2,0.8842145609061411
"fifa_aggregate",2025-08-18 00:00:00.000,0,0,77128601.62209201,7,0,
"fifa_aggregate",2025-08-25 00:00:00.000,4111464,3867726,65814345.29767361,7,4,0.9407174670628272
"fifa_aggregate",2025-09-01 00:00:00.000,1213564,876873,53865040.23813889,7,3,0.7225601616396004
"fifa_aggregate",2025-09-08 00:00:00.000,1032900,1027128,44124932.19051111,7,1,0.9944118501307
"fifa_aggregate",2025-09-15 00:00:00.000,902882,884542,36202827.75240889,7,2,0.9796872681036947
"fifa_aggregate",2025-09-22 00:00:00.000,6866498,3532369,35828760.20192711,7,2,0.5144353060322744
"fifa_aggregate",2025-09-29 00:00:00.000,105384702,78038861,134047710.16154169,7,3,0.7405141307891159
"fifa_aggregate",2025-10-06 00:00:00.000,72353177,49505952,179591345.12923336,7,3,0.6842263747450924
"fifa_aggregate",2025-10-13 00:00:00.000,42165142,24534312,185838218.1033867,7,4,0.5818624303459005
"fifa_aggregate",2025-10-20 00:00:00.000,82049287,50563313,230719861.48270935,7,4,0.6162553612440288
"fifa_aggregate",2025-10-27 00:00:00.000,15828855,11936563,200404744.18616748,7,4,0.7541014811241874
"fifa_aggregate",2025-11-03 00:00:00.000,134904657,88121452,295228452.348934,7,5,0.6532128242244447
"fifa_aggregate",2025-11-10 00:00:00.000,80297564,54759693,316480325.87914723,7,3,0.6819595797451589
"fifa_aggregate",2025-11-17 00:00:00.000,67103649,52223514,320287909.70331776,7,4,0.7782514777996649
"fifa_aggregate",2025-11-24 00:00:00.000,55644396,41937796,311874723.76265424,7,4,0.7536751050366329
"fifa_aggregate",2025-12-01 00:00:00.000,29495794,6717061,278995573.01012343,7,3,0.22772945186693397
"fifa_aggregate",2025-12-08 00:00:00.000,40988200,39599012,264184658.40809873,7,5,0.9661076114589077
"fifa_aggregate",2025-12-15 00:00:00.000,8734807,4806002,220082533.72647902,7,3,0.5502127293711241
"fifa_aggregate",2025-12-22 00:00:00.000,4257651,4239185,180323677.98118323,7,2,0.9956628666840002
"fifa_aggregate",2025-12-29 00:00:00.000,1771244,1756092,146030186.38494658,7,3,0.9914455602954759
"fifa_aggregate",2026-01-05 00:00:00.000,265780,226533,117089929.10795727,7,3,0.8523327564150801
"fifa_aggregate",2026-01-12 00:00:00.000,247723,164308,93919666.28636582,7,2,0.6632730913157034
"fifa_aggregate",2026-01-19 00:00:00.000,1236293,667774,76372026.02909267,7,2,0.5401421831232563
"fifa_aggregate",2026-01-26 00:00:00.000,4590860,2916083,65688480.82327413,7,4,0.6351931882043887
"fifa_aggregate",2026-02-02 00:00:00.000,5188063,4337389,57738847.65861931,7,4,0.8360324460207982
"fifa_aggregate",2026-02-09 00:00:00.000,42728,41952,46233806.12689545,7,1,0.981838607002434
"fifa_aggregate",2026-02-16 00:00:00.000,3047949,3039358,40034993.901516356,7,2,0.9971813832843004
"fifa_aggregate",2026-02-23 00:00:00.000,4547133,4245207,36575128.121213086,7,5,0.9336007985691204
"fifa_aggregate",2026-03-02 00:00:00.000,942161,893125,30202263.496970475,7,2,0.9479536936892952
"fifa_aggregate",2026-03-09 00:00:00.000,2114978,2080420,26276788.79757638,7,1,0.9836603501313016
"fifa_aggregate",2026-03-16 00:00:00.000,429765,416853,21451196.038061105,7,1,0.9699556734494433
"fifa_aggregate",2026-03-23 00:00:00.000,13943387,8336318,31104343.830448885,7,2,0.5978689395912198
"fifa_aggregate",2026-03-30 00:00:00.000,11637332,6331928,36520807.064359106,7,3,0.544104782780108
"fifa_aggregate",2026-04-06 00:00:00.000,6203466,5075710,35420111.65148729,7,4,0.8182054999576044
"fifa_aggregate",2026-04-13 00:00:00.000,80517,26388,28416606.321189832,7,1,0.32773203174484894
"fifa_aggregate",2026-04-20 00:00:00.000,596292,44974,23329577.056951866,7,3,0.0754227794436283
"fifa_aggregate",2026-04-27 00:00:00.000,4057211,3934662,22720872.645561494,7,4,0.969794767883652
"fifa_aggregate",2026-05-04 00:00:00.000,6238697,6129705,24415395.116449196,7,3,0.9825296852852446
"fifa_aggregate",2026-05-11 00:00:00.000,91986,66140,19624302.09315936,7,2,0.719022459939556
"fifa_aggregate",2026-05-18 00:00:00.000,4788182,2466580,20487623.67452749,7,3,0.5151391488460547
"fifa_aggregate",2026-05-25 00:00:00.000,311424,310378,16701522.93962199,7,2,0.9966412351006987
"fifa_aggregate",2026-06-01 00:00:00.000,445284,147102,13806502.351697594,7,1,0.33035545853882015
"fifa_aggregate",2026-06-08 00:00:00.000,9833030,6515125,20878231.881358076,7,4,0.6625755235161491
