"specification","donor_count","post_mean_gap","exposure_weighted_gap","pre_rmspe"
"leave_out_donor_dell",10,0.8246365438211034,1.031815764340996,0.2437960878760724
"leave_out_donor_asus",10,1.1341491582769838,1.4195553038116346,0.26929405542427287
"leave_out_donor_acer",10,0.8226456251479809,1.0326500901718034,0.24351803282710835
"leave_out_donor_hp",10,0.7967217380372111,0.998473403336665,0.24372436238171874
"leave_out_donor_microsoft_surface",10,0.8235192477556409,1.0333630279416794,0.24351757074262684
"leave_out_donor_razer",10,0.8235192508395928,1.0333630310208022,0.24351757074262684
"leave_out_donor_logitech",10,0.8207034902140868,1.0249711749277601,0.24377308906560602
"leave_out_donor_macbook",10,1.3761668963555729,1.5278758174036302,0.2855566870897081
"leave_out_donor_corsair",10,0.8202217700573289,1.0374493884552718,0.24374217557591504
"leave_out_donor_steelseries",10,0.7995175623827153,1.004297823077025,0.24375803767610696
"leave_out_donor_benq",10,0.8239003423137979,1.033761514147139,0.2435176680053136
"include_sensitivity_donors",13,0.8235192548894571,1.0333630350026983,0.24351757074263222
