week,index_level,index_se,factor,weekly_signals_observed,survey_quarter_end,log_share_google_share_of_search,signal_google_share_of_search,log_share_wikipedia_share_of_attention,signal_wikipedia_share_of_attention,product_search_demand
2022-01-03,96.11106283114125,1.811114251924143,-0.562444653319536,1,False,-1.7326193497905975,95.57589619506071,-0.6542073156762589,99.661401338263,111.20608180525846
2022-01-10,96.94354001024098,1.5775409318743094,-0.440303281574284,1,False,-1.7150964384419565,97.2654236400704,-0.6693496338727174,98.16366490597474,110.9060441737193
2022-01-17,97.25938396937602,1.546813023009039,-0.39423679204356565,1,False,-1.7256228039258046,96.24694210068783,-0.6348342499741486,101.6109718178678,108.57157409599336
2022-01-24,98.58215082286476,1.5628981230799535,-0.20292002694460531,1,False,-1.681987339399749,100.5396992392994,-0.6193589298960065,103.195664316235,111.03523634587782
2022-01-31,97.56935245938287,1.5461423087774413,-0.3491724717268057,1,False,-1.7257315512389928,96.2364760734183,-0.6540851632554592,99.6735759632616,109.04608397984852
2022-02-07,97.92812595554999,1.5517146496327276,-0.29719111563889067,1,False,-1.7137050994515386,97.40084700445756,-0.6525057603660667,99.83112508114937,108.91160121883175
2022-02-14,98.73556836666009,1.564487800214164,-0.18089700299000255,1,False,-1.7104689997514995,97.71655641427745,-0.6837304132146418,96.7620968762531,113.18583017512836
2022-02-21,100.57128756619072,1.5935746506209083,0.07999707327937577,1,False,-1.6635243590064706,102.41320375368592,-0.6103851554894222,104.1258864870498,105.24241450960534
2022-02-28,100.20745238657953,1.5878229803947856,0.028668952385510704,1,False,-1.6903533700651945,99.70208965150232,-0.53676867545762,112.0804698554719,110.18601252874024
2022-03-07,100.26898403775787,1.5888394414820848,0.03736262284932507,1,False,-1.6873120802254804,100.00577416599586,-0.5344535339674596,112.34025260234515,107.31380723473526
2022-03-14,100.48010025658674,1.5922996742053157,0.06715026384687252,1,False,-1.6621750190865194,102.55148725258225,-0.5831353192566793,107.00231292659245,107.41880739929717
2022-03-21,98.24424113650106,1.5571656927652802,-0.25154794335068603,1,False,-1.7294888232565597,95.8755678944803,-0.6324608545621517,101.85242124633125,102.91069058910409
2022-03-28,98.5975408252058,1.5634780173189282,-0.2007092525359967,1,True,-1.685574294954217,100.1797138184926,-0.665202437088352,98.57161427987867,99.5779274303592
2022-04-04,97.03220830986889,1.5397193403949738,-0.427355692738986,1,False,-1.712688688876744,97.49989658433978,-0.6801244629472727,97.11164603503451,97.00070992700412
2022-04-11,94.95694270211897,1.5057483030564356,-0.7335392334563746,1,False,-1.756218123197249,93.34682736947741,-0.6827132692280831,96.86056793234916,95.38529047290164
2022-04-18,94.58722648088992,1.4992020221720415,-0.78878850449505,1,False,-1.7518704460824188,93.75355274921633,-0.7106435477776349,94.19265647887578,93.0771978162225
2022-04-25,95.00950536929142,1.5056074076205845,-0.7257018981448432,1,False,-1.7423246894567717,94.65278645130397,-0.811409067704723,85.16382052436356,91.64795346125975
2022-05-02,95.68235084496247,1.516160508988787,-0.6257587747967804,1,False,-1.7301609082399847,95.81115301358282,-0.5457595703342513,111.07728266636747,88.08737701048118
2022-05-09,96.05606092290294,1.5220425807306766,-0.5705517733702002,1,False,-1.7330472800916792,95.53500512291423,-0.7011177696888371,95.09420196600175,92.87469564159618
2022-05-16,96.87045387466789,1.5349341056944328,-0.45098442664593485,1,False,-1.7181023259967976,96.9734936877473,-0.7680425276258811,88.93833300545629,91.47290765365334
2022-05-23,97.41926858937661,1.543630198152103,-0.3709742923701403,1,False,-1.7005481981051074,98.69080767412518,-0.7986780182306426,86.25497637863918,91.29480280350634
2022-05-30,96.39074088440786,1.5273457042128362,-0.5212925710218417,1,False,-1.702058287000288,98.54188825048328,-0.750674236818532,90.49653229620979,92.24234429663586
2022-06-06,92.86773849285684,1.471560809471651,-1.048614323288913,1,False,-1.8113845080365203,88.33668660556503,-0.6573277704565701,99.35089715113642,92.82306611596852
2022-06-13,94.52689366493469,1.4979595016806118,-0.7978249488607135,1,False,-1.743440796111709,94.54720277871753,-0.6553775698422726,99.54484038442953,93.37912631568707
2022-06-20,96.03084873832874,1.5220833504557068,-0.5742695272522604,1,False,-1.7213812104819621,96.65604951960692,-0.6737115405262664,97.73641664880253,98.40537498807855
2022-06-27,96.68706948573261,1.5331832138878072,-0.4778205859285395,1,True,-1.7125702889045247,97.51144125281749,-0.6109897954782806,104.06294684203503,97.17567318196726
2022-07-04,96.26193422428264,1.5274965166543062,-0.540230446876586,1,False,-1.7301080250197551,95.81621994986487,-0.68850259560329,96.30143056773083,96.92178775678498
2022-07-11,96.32512457199559,1.5274437921735495,-0.5309366840536746,1,False,-1.7448529242926432,94.41378423345992,-0.6504879362180231,100.03277010975009,99.16104436088956
2022-07-18,98.38052822201195,1.5593256332013872,-0.23191504253202977,1,False,-1.6981797458950028,98.92482916063487,-0.6094829940081858,104.21986723757033,101.02336599058417
2022-07-25,99.63632753788379,1.5789282579937258,-0.052279682239674885,1,False,-1.6782600671741816,100.91513731314396,-0.684300281541697,96.70697093074088,103.49187887510945
2022-08-01,99.24863095921098,1.5726709628502749,-0.10749486379732129,1,False,-1.692559221892136,99.48240400096999,-0.7535791260425331,90.23403134741201,101.4528703197759
2022-08-08,98.38799878874916,1.5589929687987403,-0.23083965291140476,1,False,-1.7140059618379464,97.37154716102108,-0.6038467451894061,104.80893484756884,103.56529859980927
2022-08-15,98.47488638732943,1.560356699328119,-0.21833815934497164,1,False,-1.712583037679006,97.51019810936789,-0.6884521082280743,96.30629269692675,105.3001070342087
2022-08-22,99.45123082978394,1.575827096375784,-0.07861403353880411,1,False,-1.7077431128151686,97.98328406842529,-0.7700158920987841,88.76299831534682,103.60900901164757
2022-08-29,101.92617630644429,1.6150566548209764,0.26951855851377166,1,False,-1.6718704903664898,101.56200674422888,-0.7319564557316971,92.206378923413,103.41873344366405
2022-09-05,104.67300735417726,1.6586243827159848,0.6461329082045807,1,False,-1.5949457409588552,109.68298662636413,-0.7137213794202646,93.90319302865336,101.98369525882227
2022-09-12,101.74844657188149,1.612398825500917,0.24480181751891616,1,False,-1.6831711792727284,100.42074675875972,-0.8016534542708218,85.99871165199309,100.97767951398791
2022-09-19,100.18308701209382,1.5878960848702801,0.025224947145530585,1,False,-1.708213805667457,97.93717488945232,-0.8337042213671149,83.28608998500778,105.90709029753003
2022-09-26,100.99597845210913,1.6015103121498269,0.13967606860129506,1,True,-1.667529910619011,102.00380286582218,-0.7200847316668453,93.30755108399235,101.08255095459589
2022-10-03,100.46705871319632,1.594223962561922,0.06531196952467708,1,False,-1.6847285394067204,100.26447720670149,-0.6233821216120594,102.78132242174458,95.8499683077026
2022-10-10,100.16604213179346,1.5883498715482884,0.022815183641359232,1,False,-1.6818158075920255,100.55694647484034,-0.6387477487336204,101.21409450168231,95.71431482918751
2022-10-17,99.65585446499823,1.5795394797554048,-0.04950437179927425,1,False,-1.6747768672485774,101.2672578089541,-0.6910021118613567,96.061024151388,95.57658662256424
2022-10-24,97.5853634805104,1.546426808107538,-0.34684862272052697,1,False,-1.7263298561047602,96.17891454290826,-0.6769450924896905,97.42089127561874,89.11535559010281
2022-10-31,97.35805872310635,1.5427133903361048,-0.3798755417332796,1,False,-1.7301020176996094,95.81679555030217,-0.6715404822821913,97.94883860870044,89.88975866824745
2022-11-07,99.12187705807202,1.5706215319966266,-0.12559376516011178,1,False,-1.6902550833785335,99.7118895211378,-0.7009699062411547,95.10826396216103,91.67383491529975
2022-11-14,100.46891851745028,1.5919525864324877,0.06557413618298219,1,False,-1.6659443945136005,102.16565981757377,-0.6331448973550371,101.78277365532186,98.50382145683757
2022-11-21,100.15179712342895,1.5869277266960147,0.02080094461015569,1,False,-1.6865846742083104,100.07854543179553,-0.6127842337718015,103.87637974691725,99.2542477874926
2022-11-28,100.14934951921903,1.5869021999874648,0.020454825418255877,1,False,-1.6912935304197965,99.60839774914827,-0.6050222430161849,104.6858045563018,90.09389745414515
2022-12-05,100.99628538819854,1.6003638926872115,0.13971910948147045,1,False,-1.6620028592546778,102.56914401923214,-0.656351945082096,99.4478935956522,86.4836524616324
2022-12-12,100.31658028130583,1.5897081643362032,0.044083731818103156,1,False,-1.6783421672492884,100.90685251288716,-0.6156008617992992,103.58421028383427,89.2923300362617
2022-12-19,99.21045282338426,1.5724798897187326,-0.11294379929633294,1,False,-1.7021042594036295,98.53735814718128,-0.5834771577427871,106.96574166901938,90.81059835854376
2022-12-26,99.10137342594945,1.5714672398082445,-0.12852360671326066,1,True,-1.698151001056142,98.92767277977791,-0.6098600001735548,104.18058311071215,96.11033203876941
2023-01-02,99.41468380205401,1.57752474470454,-0.08381949985609571,1,False,-1.7002243608719882,98.72277260765513,-0.5624913453690352,109.23422437682304,94.00114012740588
2023-01-09,100.51377933980403,1.5938639992698314,0.07189645643757228,1,False,-1.6882476359924703,99.91225693935395,-0.6056446709007197,104.62066546672686,95.72821287053482
2023-01-16,102.53032416622617,1.625099656835066,0.3532158698886721,1,False,-1.6492606751948742,103.88446114106415,-0.6384653500655686,101.24268126339938,92.23288532054595
2023-01-23,103.26446232860813,1.636422995971766,0.4542604908950121,1,False,-1.6257301679263576,106.35790174055235,-0.5054862725053964,115.64203296534568,94.15731041863977
2023-01-30,100.80061943493772,1.5972634150268374,0.11225479119863996,1,False,-1.7042067607079137,98.33040086337377,-0.5626903832459984,109.21248479228349,96.22263181342866
2023-02-06,101.41192129318763,1.6069081005287187,0.19788300366564449,1,False,-1.6698978096639316,101.76255389776092,-0.740907611081945,91.38470823859083,94.20535086743914
2023-02-13,101.84221678209231,1.6137128059770067,0.2578477458356189,1,False,-1.6623745434285264,102.53102777571603,-0.555410341914687,110.01045730760382,90.35940082879914
2023-02-20,101.71094474401738,1.6116327710405969,0.23958095057619927,1,False,-1.6685531389870003,101.8994830616804,-0.5623720746406402,109.2472535993171,94.14576300651431
2023-02-27,101.5810269127181,1.6095876394468596,0.22147936913811048,1,False,-1.6631392052595149,102.45265617998658,-0.5135811858366868,114.70969940186097,89.83718923696856
2023-03-06,100.68547762501233,1.5954389044081057,0.09606817982419377,1,False,-1.6910760745889983,99.63006053129905,-0.5294042217307533,112.90892811637644,91.19545416511345
2023-03-13,101.20631188670765,1.603807664072029,0.16913997490207267,1,False,-1.6571424636934027,103.06888411502051,-0.6445573317714439,100.62778756354669,89.73592673028563
2023-03-20,99.85765299225423,1.5827379746403119,-0.020855088506110453,1,False,-1.6958364143683373,99.15691465199902,-0.6858753531512836,96.55477042119509,89.70602744227955
2023-03-27,99.51942748883008,1.5780963937904193,-0.06890576000469921,1,True,-1.6826145389914617,100.47666055197158,-0.6778674301292105,97.33107774628607,88.70742259250707
2023-04-03,98.3114968397755,1.560019234809292,-0.24185598958404753,1,False,-1.6988742490787012,98.85614940375143,-0.6450329726165487,100.57993625854864,86.39104947956065
2023-04-10,96.50066379737652,1.5302273473600325,-0.5051510920384717,1,False,-1.7384630279378572,95.01901013524784,-0.6299240214516884,102.11113185500405,83.16854103257619
2023-04-17,96.5009845638438,1.5295349758643093,-0.5051040164380468,1,False,-1.722003268326905,96.59594256268234,-0.7215516790471002,93.17077416317244,79.07155573586469
2023-04-24,96.49597373194953,1.529163343059437,-0.5058394226495418,1,False,-1.7316232998572159,95.67114198700648,-0.8218199132171913,84.28179244127669,79.85595288587815
2023-05-01,97.53752871700401,1.5455572305521152,-0.35379252083900903,1,False,-1.705591529617803,98.19433021630594,-0.6930426746117195,95.86520546185221,81.18830724630244
2023-05-08,97.95092444590706,1.5520673697854277,-0.29389436554384235,1,False,-1.7065059737273196,98.10457803238396,-0.8163834974747566,84.74123102252928,80.48944517191309
2023-05-15,98.30102941775408,1.5576018965844554,-0.2433639726902615,1,False,-1.7098008655404278,97.781866003962,-0.7908379894867936,86.93387569037208,84.00732009040051
2023-05-22,99.35822040414291,1.5743533252846906,-0.09186545789995151,1,False,-1.6678834299819396,101.96774891967625,-0.6365282865604369,101.43898483129394,85.03742123793997
2023-05-29,97.63313434471597,1.5470318721697642,-0.3399173966351162,1,False,-1.706787724259386,98.07694090889511,-0.5933829267299027,105.91139442403718,90.51153065446913
2023-06-05,95.5514779011353,1.514086726438608,-0.645143209657895,1,False,-1.744923515198356,94.40711971414909,-0.6958809827643453,95.5934962472834,87.08957248859782
2023-06-12,94.89683120683506,1.503821869885381,-0.7425074531029037,1,False,-1.7467788267377444,94.23212747829649,-0.7486977207012275,90.67557703497108,92.75077985713621
2023-06-19,95.09518715191938,1.5072531688937763,-0.7129356403277953,1,False,-1.7441955816733197,94.47586684022437,-0.7756419351816266,88.26501601113699,92.98416705265684
2023-06-26,96.09870640621153,1.523853441023744,-0.5642655499962632,1,True,-1.7368456601067748,95.17281517171307,-0.698617911375484,95.33222138079014,88.34974235862472
2023-07-03,98.28672432999885,1.5596261414988621,-0.24542508658833262,1,False,-1.6993810337646025,98.80606331363015,-0.7700453429498548,88.76038420799686,99.14839024379322
2023-07-10,99.91408581088531,1.5843545575533151,-0.012853695003478383,1,False,-1.686395536338027,100.09747586491405,-0.8040595260098362,85.79204131382987,109.72297745272957
2023-07-17,101.51108408142578,1.608944760949276,0.21172457526138128,1,False,-1.6502504497369856,103.78168981471703,-0.7736294776640387,88.44282446211542,102.67957003361512
2023-07-24,100.73853095476788,1.5963947801345968,0.10352870408194123,1,False,-1.6800692011035814,100.7327333605806,-0.750425614632019,90.51903453910361,107.1094600325984
2023-07-31,100.13290525770226,1.5866829698572387,0.018129199660988943,1,False,-1.6906550883199265,99.67201224869844,-0.6887463184338571,96.27796257044471,109.8423857655328
2023-08-07,100.20505193900955,1.587784824716776,0.028329690294323272,1,False,-1.7014831794966438,98.5985767292617,-0.5988424407202686,105.33474522892796,109.05654793064639
2023-08-14,102.28665783295182,1.6207550742812056,0.3195183688448061,1,False,-1.652194430550939,103.58013617255786,-0.5562665281008972,109.91630818405926,108.91907815101929
2023-08-21,103.10006029711971,1.6336436190744668,0.43169524037467866,1,False,-1.664846073632639,102.27793213930003,-0.5878787380608843,106.49595801947306,105.90386956535124
2023-08-28,105.03824049799626,1.6643684230529638,0.6954635563063654,1,False,-1.619966110515088,106.97272502843352,-0.6040614829071353,104.78643083241892,116.63032291135227
2023-09-04,105.00074524365117,1.6638176418795623,0.6904071225603288,1,False,-1.6311909516227603,105.77868716684951,-0.536024730343529,112.1638825968095,115.81873622217584
2023-09-11,104.26583831451477,1.6522917145415377,0.5909348205971259,1,False,-1.6404934970196257,104.79923887180156,-0.6560009878457578,99.4828016788121,109.68885574791716
2023-09-18,103.11139345662824,1.6343095711907334,0.4332519447382105,1,False,-1.6563045521383972,103.1552829162039,-0.5552055607630875,110.03298768255858,108.24585733712276
2023-09-25,102.08694586543905,1.6188099669424758,0.29183956291525714,1,True,-1.6692696324537324,101.82649889726409,-0.5631562063027191,109.16162294601554,111.03711822255589
2023-10-02,101.52739885357265,1.6110495736816806,0.21400056646331697,1,False,-1.6838191415984025,100.3556989746766,-0.4475591232425824,122.5386691102434,105.75483208188983
2023-10-09,102.30813719795677,1.6223174353131422,0.32249205262385827,1,False,-1.6767441269171708,101.06823464622488,-0.5422952206353857,111.46276054667979,108.84586336504982
2023-10-16,104.61100572727263,1.658078338199203,0.6377414976703215,1,False,-1.6230620183810025,106.6420594467766,-0.502368605121557,116.00312895583542,101.6223563660802
2023-10-23,104.75034408325172,1.6599696355199973,0.6565928348568916,1,False,-1.6495325205131808,103.8562244748348,-0.4661796206355344,120.27805038110024,98.6363163603481
2023-10-30,106.00584830247024,1.6797442736124106,0.8253300569739153,1,False,-1.5965986674118642,109.5018384698582,-0.5689986119145578,108.52571588981607,106.60167301088661
2023-11-06,103.49777175229353,1.6399591457755456,0.4862221396228675,1,False,-1.6684563523287292,101.9093460494206,-0.5430433948742088,111.37939816933087,113.31105421687724
2023-11-13,102.92054896283891,1.6307992216516691,0.40701500809820257,1,False,-1.671382587575235,101.61157122114493,-0.5262381235802582,113.26697537214316,111.19012731877692
2023-11-20,103.9253900427501,1.6467211543222235,0.5446160505679589,1,False,-1.626672328757107,106.25774268187168,-0.5112136969873404,114.98159506408301,121.15803797997229
2023-11-27,102.4193631700242,1.6228713767595315,0.3378806130349052,1,False,-1.684961613220258,100.24111090577877,-0.5651570490032638,108.94342607117015,111.78337375949945
2023-12-04,103.50557665184976,1.6401255445058647,0.48729010672073925,1,False,-1.6400468422086085,104.8460584113425,-0.5547338504713419,110.08490361895807,107.81176801433365
2023-12-11,103.17396564032522,1.6349889027859201,0.4418436791672565,1,False,-1.6652884185702304,102.23270001862824,-0.5347572272741239,112.30614079958612,105.46529284662658
2023-12-18,104.00157658932099,1.6484189219142718,0.5549945702828456,1,False,-1.6318123604338437,105.71297577755188,-0.562397161009212,109.24451301682363,107.8164858180791
2023-12-25,103.00118457900767,1.6333072048522113,0.4181065690579093,1,True,-1.6711214865419115,101.63810557131076,-0.56297928127983,109.18093807726854,109.07700643919442
2024-01-01,103.64568015740727,1.6446627286528084,0.5064471914757321,1,False,-1.6398488424497923,104.86681996094384,-0.5827953419507672,107.03869746927654,104.714613333843
2024-01-08,102.92704882610992,1.632131621679649,0.4079093968794208,1,False,-1.6583671052032707,102.94273893823285,-0.7287275846318408,92.50458260708973,108.1786972574029
2024-01-15,102.2551232828746,1.620737738888037,0.3151514760123005,1,False,-1.6757840622069269,101.16531328506635,-0.6595290172401516,99.13244183357932,107.97601516953048
2024-01-22,102.8859181092475,1.6304242384942644,0.4022488097930732,1,False,-1.655285436656575,103.26046364860859,-0.6911839074893713,96.04356226447011,106.18193290837065
2024-01-29,103.15492173516121,1.634569147403688,0.4392293281372964,1,False,-1.654207186545598,103.37186430308817,-0.5840452411464785,106.90499346307118,106.8131796591558
2024-02-05,103.23948155812906,1.6358664454302865,0.450834032949642,1,False,-1.6470455550930923,104.11483275539928,-0.7478166093691323,90.75550752209865,102.10064961723207
2024-02-12,102.40080159395173,1.6225637078191226,0.3353137064467347,1,False,-1.6539193396728913,103.40162385384504,-0.6065129485870431,104.52986510304324,99.51253460898532
2024-02-19,100.51199874288142,1.592635202283352,0.07164556733865635,1,False,-1.7001218520663226,98.73289307987704,-0.6348082660964769,101.61361209923183,99.56644842167844
2024-02-26,100.72471720313607,1.5960191063657176,0.10158654975303733,1,False,-1.661636068269857,102.60677235702485,-0.6169963451346057,103.4397610562686,109.99682883723412
2024-03-04,98.89173100020211,1.5670156082448665,-0.15851503842504158,1,False,-1.7097936838620762,97.78256824439387,-0.6201614827797863,103.11287756306169,103.30793029484553
2024-03-11,98.38363506736701,1.5590769488462402,-0.23146780158496255,1,False,-1.706484986307772,98.10663701592895,-0.6379739877821526,101.29244032230538,97.98267514429767
2024-03-18,98.23192533896614,1.556970286174018,-0.25332344299828075,1,False,-1.701924284211274,98.55509402312899,-0.6215039602461774,102.97454372424524,100.30359327262288
2024-03-25,97.75582856316021,1.5501307073420434,-0.3221308329016935,1,True,-1.7047564164290687,98.27636784711439,-0.5938991870314103,105.85673068719149,103.23063091235373
2024-04-01,96.73590969092153,1.5350176191569311,-0.4706684238789182,1,False,-1.743345655334934,94.55619850095502,-0.6206610360349387,103.06138005337218,92.44370067571207
2024-04-08,98.21372864409669,1.5573917063823566,-0.25594716618723207,1,False,-1.7135123371485803,97.41962402572901,-0.6215447821752607,102.97034019052269,89.67326380013908
2024-04-15,100.4487094148464,1.5921061844748512,0.06272510689921057,1,False,-1.674002060807755,101.34575073703525,-0.4652179342372582,120.39377578301644,90.95364088757707
2024-04-22,101.52410557502547,1.6088437131603999,0.21354116732254802,1,False,-1.653700956706039,103.42420747308871,-0.7353749913604695,91.89170629810249,96.24702452421141
2024-04-29,100.30286528716267,1.5893761173812697,0.042147352094839136,1,False,-1.6918748105056038,99.55051419606569,-0.7225332524308028,93.07936508081532,91.90986835384992
2024-05-06,99.76752769525294,1.5808520968722355,-0.033642991736327024,1,False,-1.7032331975853365,98.42617833062259,-0.6234295243987207,102.77645041611929,96.60221017882027
2024-05-13,100.58762810414139,1.5938335665045784,0.08229795868799751,1,False,-1.6797919698928943,100.76066348957882,-0.7209773739008725,93.22429798628477,97.92444545985461
2024-05-20,101.03798078567436,1.6009695059679367,0.145564735332055,1,False,-1.6765041347812728,101.09249313853633,-0.728718937503559,92.50538250954061,99.68628344441598
2024-05-27,101.25049973021501,1.6043503189251402,0.17532210793053055,1,False,-1.6595507970837078,102.8209585434531,-0.7622031491946837,89.45919686947296,100.66860391522255
2024-06-03,99.53495758321279,1.5772080351280096,-0.0666958719637668,1,False,-1.7116655397163103,97.59970457219505,-0.8168691439998801,84.70008672974856,99.43100290491614
2024-06-10,99.8691466143818,1.5826177756630233,-0.019225085154695745,1,False,-1.681686526061473,100.56994747116454,-0.772433601564801,88.54865438916646,100.29021649641001
2024-06-17,99.23491185261422,1.572867987296089,-0.10945266798458003,1,False,-1.727874047953852,96.03051045869469,-0.7785603576301439,88.007796926532,97.04157716017214
2024-06-24,102.15544821823978,1.6198996095223177,0.30133964891792936,1,True,-1.6428007717008883,104.55771697715876,-0.6737197412596068,97.73561514179843,105.27132358155471
2024-07-01,102.2525974254061,1.6225833401279752,0.3148016379517078,1,False,-1.6628657632846116,102.48067486719452,-0.6174935197237499,103.38834621769897,105.2585658672945
2024-07-08,102.09462206430689,1.6191338046165709,0.2929044354068438,1,False,-1.6713955829097045,101.6102507533709,-0.650371794566059,100.04438875561247,107.22131121385974
2024-07-15,102.3156521427394,1.6220038996911814,0.3235323023165205,1,False,-1.6721334440554045,101.5353041508285,-0.6041568756548195,104.7764354436132,110.64741585510332
2024-07-22,103.25783655526371,1.636670779683281,0.4533517552786699,1,False,-1.6273494711201262,106.18581541815,-0.6572970369312028,99.35395060137569,107.36449078973742
2024-07-29,100.79302235283043,1.5975030941773338,0.11118736485963132,1,False,-1.6882215422146833,99.91486406159939,-0.6056521276237632,104.61988534230844,106.6650599002401
2024-08-05,99.1959894510125,1.5721554517755645,-0.11500861704084539,1,False,-1.725124706269951,96.29489441840836,-0.6708269186577906,98.01875627937046,110.83844784774972
2024-08-12,100.78366563312653,1.597305890449362,0.1098725904584146,1,False,-1.6845275116105234,100.28463517967974,-0.6353192016582829,101.56170735236645,113.48477178077636
2024-08-19,102.79652496767744,1.6292042942403577,0.38993833139901024,1,False,-1.626142660866151,106.31403890417026,-0.8227400096055391,84.2042807330377,115.40907698937141
2024-08-26,100.76002342914268,1.5969311885425663,0.10654992448916673,1,False,-1.6960794347717596,99.13282042641097,-0.6353682517619701,101.55672586226248,114.1037196715455
2024-09-02,100.42921205890974,1.5917007746962661,0.05997587458164258,1,False,-1.6943674302383722,99.302681624471,-0.6547333294841575,99.60899185031016,111.98493767315387
2024-09-09,101.21091361125065,1.6041263956993281,0.16978390848562877,1,False,-1.6757170629660378,101.17209151132623,-0.5467506199523502,110.96725409869215,111.3408279446231
2024-09-16,101.86840057951659,1.6146477610184558,0.26148846260986086,1,False,-1.6738585615601802,101.3602948195184,-0.37245857452958386,132.095770696439,110.26189949595427
2024-09-23,102.9388185851301,1.6318829199441554,0.4095287857489883,1,False,-1.6404277675085681,104.80612750092244,-0.5147060821855565,114.58073542897415,112.86519064956735
2024-09-30,101.7546441831191,1.6137420448047137,0.2456644409409846,1,True,-1.6812937435204636,100.60945734956871,-0.6675016931466802,98.34523325227283,108.65782546229998
2024-10-07,101.71020673919855,1.6139764771881564,0.23947818893914205,1,False,-1.6845153760800118,100.28585219431436,-1.3677203826103685,48.826118605683405,108.76499751572675
2024-10-14,103.304605910537,1.638122035535809,0.45976500211098714,1,False,-1.6367675655930918,105.19044199482082,-0.49775777057672066,116.5392351889116,105.05099357470644
2024-10-21,102.83644579296191,1.629952105517976,0.3954372170870144,1,False,-1.6483688455538332,103.97714970781553,-0.5596252580359486,109.54774828247729,108.48611559821111
2024-10-28,101.13783266648062,1.6027225343983722,0.1595540039928401,1,False,-1.7045869963933482,98.29301924336576,-0.42244613146260335,125.65494746175212,102.78369551240215
2024-11-04,102.76949713439659,1.6284618045969066,0.38621417572330796,1,False,-1.648211225679503,103.99353986475901,-0.442327596927627,123.1814131826267,104.34667310191305
2024-11-11,103.0753649181805,1.6332659593823116,0.42830253050062883,1,False,-1.6438559143585376,104.44745185273806,-0.47974395411397985,118.65757398275679,110.06944877957501
2024-11-18,101.88482015267371,1.6143878659992508,0.26377103892519016,1,False,-1.6725013070892696,101.49795993499855,-0.4778374629221691,118.88400938235841,117.87037111794905
2024-11-25,101.17890519231192,1.603202484809875,0.16530426461008613,1,False,-1.6820955516045215,100.5288202054103,-0.44864361371253025,122.40584912541482,126.26066357956095
2024-12-02,101.24771466377094,1.6043061878675766,0.17493254081678478,1,False,-1.6818546818529083,100.55303747384976,-0.5093895614668336,115.1915284911423,107.93911462089329
2024-12-09,102.14389073155745,1.6185485828381136,0.2997372731608208,1,False,-1.6475540099875472,104.06190851503416,-0.5059874319157194,115.58409239224063,105.42713764583182
2024-12-16,100.93482218023048,1.5995053902112242,0.13109766700538142,1,False,-1.7067677602264242,98.07889893972126,-0.5483218852424807,110.79303201438707,103.27079246476704
2024-12-23,103.07059926426258,1.6336629856381957,0.4276477200697982,1,False,-1.6514806475574417,103.65409630482412,-0.48913939680345386,117.54795439292782,111.70942454323777
2024-12-30,104.62185289700454,1.659006416491891,0.6392099318092348,1,True,-1.6296563370947732,105.94114129727932,-0.49283274778852704,117.11460928017613,102.41918559217822
2025-01-06,104.74634134089035,1.6621281591729569,0.6560516465477078,1,False,-1.6289864260494098,106.0121362154776,-0.5566405914233936,109.87520021359474,119.86479386027023
2025-01-13,103.46527080748038,1.6406662986699647,0.48177407473044487,1,False,-1.6738530919323735,101.36084922412164,-0.4612510903627651,120.87230759799932,115.61519439213457
2025-01-20,104.6012008678576,1.6579229317494748,0.6364140351248546,1,False,-1.6278578645163453,106.13184497109116,-0.5175614219838405,114.25403513712453,116.19351193500327
2025-01-27,104.02053833271493,1.6484044669630729,0.5575764540307538,1,False,-1.6591471895342629,102.86246623440765,-0.5139114266892513,114.67182382730832,111.9223945762703
2025-02-03,104.75938285526976,1.6599930690258813,0.6578148403746927,1,False,-1.6478175125876255,104.03449154395157,-0.5260544159155982,113.28778529508455,110.85008527406022
2025-02-10,106.33517144813389,1.6849187570080555,0.8692595943400423,1,False,-1.6042535039493133,108.66681983881281,-0.5152021861452694,114.52390557034555,109.94607061362875
2025-02-17,105.31792480698974,1.6687861805247632,0.7331236189168981,1,False,-1.635493708563526,105.32452496193265,-0.5433740527668398,111.34257578039195,110.22677238916572
2025-02-24,104.30331055355768,1.652709389724016,0.5960237626383822,1,False,-1.644783024975883,104.35066238537493,-0.5422262602903531,111.47044732214366,111.2266527940359
2025-03-03,103.24193404354804,1.6359053059373752,0.4511704619227921,1,False,-1.6666033298006449,102.09836143427063,-0.4783661867324742,118.82116918995031,110.21565839710618
2025-03-10,103.48211926464359,1.6397538441472104,0.48408012149627266,1,False,-1.6599748207279674,102.77736926800006,-0.4777213853997697,118.89780994457246,108.27090760430795
2025-03-17,104.52271763436562,1.6563624588877954,0.6257838427270176,1,False,-1.6345944374149224,105.41928286861129,-0.4625390553546005,120.71672850904767,110.06282637549943
2025-03-24,104.55417160224584,1.6571775206329986,0.6300450958982736,1,False,-1.6250165143198751,106.4338315312693,-0.5239905073614279,113.52184237736044,109.1466732707085
2025-03-31,102.49245321041217,1.6252401654967172,0.34798381750215457,1,True,-1.6734299318406256,101.40375016672219,-0.3650006164526616,133.08461822473916,103.81953028379924
2025-04-07,101.68471960483349,1.6135459592102372,0.23592883899311617,1,False,-1.6824360531280358,100.49459581603229,-0.33006379122882556,137.81634677973193,107.17700901691094
2025-04-14,102.23914504803895,1.62122341512299,0.3129383018786147,1,False,-1.665155146338015,102.24632570670789,-0.38928079797826864,129.89221246429204,98.51571769093869
2025-04-21,102.79130196577265,1.6292361397335005,0.38921873213041946,1,False,-1.644578738987033,104.37198194119661,-0.5467808117544868,110.96390384788806,107.50035711017092
2025-04-28,101.57938782650551,1.6097197661966327,0.22125084576204068,1,False,-1.6990646976819246,98.83732418085306,-0.5568198113932734,109.8555101480011,108.48535728749349
2025-05-05,103.54403725186681,1.6407349823215402,0.4925516065460231,1,False,-1.6417509372829118,104.66754290653968,-0.5034539332482799,115.87729579467829,108.32559353973075
2025-05-12,104.27152695242576,1.6522195731795792,0.5917074875435396,1,False,-1.6457052306097886,104.25447397618485,-0.5449979130086495,111.16191771978092,114.61088951452494
2025-05-19,105.034245640788,1.6642912204016145,0.6949249145589023,1,False,-1.6241364164090917,106.52754495648253,-0.4775171177342603,118.9220994033351,115.12943832292943
2025-05-26,104.13670599707618,1.6500695030952364,0.5733838997007354,1,False,-1.6452412053668302,104.30286190954419,-0.4804672224655615,118.57178374324202,114.62484791173972
2025-06-02,103.07041885775791,1.6331875865815508,0.4276229312585508,1,False,-1.667262058003482,102.03112851067301,-0.5497866785540317,110.6308619239541,114.33705187536887
2025-06-09,103.19947735603148,1.6352751655169577,0.4453451763732201,1,False,-1.6655987279628746,102.20098117315943,-0.5903039914987414,106.23799127497897,114.94117238287562
2025-06-16,104.48007302297626,1.6556866734224165,0.6200044792748349,1,False,-1.6719407577860275,101.55487049481775,-0.4998181204042549,116.29937078293577,119.3940281873338
2025-06-23,109.24789519867848,1.731572765823825,1.2519776968779166,1,False,-1.5504065670012581,114.67860070497969,-0.591685741903424,106.09129825744954,121.906928058172
2025-06-30,108.15206591464546,1.71498560137961,1.1092017519545412,1,True,-1.6103627558426732,108.00497062426366,-0.571263668487485,108.28017718821086,123.54761968728607
2025-07-07,107.25796869631206,1.7019829789136374,0.9916337243490523,1,False,-1.6420819274433587,104.63290471248641,-0.5465864779677334,110.98546997896183,129.34624423645118
2025-07-14,109.42320039032067,1.73514219575221,1.2746853062697554,1,False,-1.609057540575527,108.14603239881508,-0.5486968161081167,110.75150007327733,136.9638634279888
2025-07-21,113.19732135623708,1.794170940027766,1.7549273256538291,1,False,-1.5315118620018038,116.8660192722039,-0.5278898296281564,113.08004604254332,161.55555678569655
2025-07-28,113.0285122443361,1.7911530498122428,1.7337913795178044,1,False,-1.570776944118915,112.366186695242,-0.4626690454254314,120.70103755281465,188.1911787059762
2025-08-04,113.69814184252225,1.8016345865692949,1.817448179951338,1,False,-1.553208649326491,114.35771161364687,-0.4895171701414176,117.50355629656255,252.80975633997573
2025-08-11,113.71096535376897,1.8017908448618087,1.8190454083720378,1,False,-1.5680967009579314,112.66775936216274,-0.5225660217857557,113.68366783600239,298.35528365118574
2025-08-18,115.00538355403577,1.8222861408696074,1.9793514768065608,1,False,-1.551264047383187,114.580308202617,-0.5347849169398726,112.303031123139,317.2857116931242
2025-08-25,116.89757865642943,1.8522683973897403,2.210471291750117,1,False,-1.511949814030845,119.17466524800244,-0.5455006907210915,111.10604203278118,346.85040495206334
2025-09-01,116.35182424781989,1.8436361969179575,2.144196948998025,1,False,-1.5445969833917044,115.34677465089574,-0.44919759172510787,122.33805775558633,402.4507496947529
2025-09-08,117.05193557221887,1.8547780300919658,2.2291596836416216,1,False,-1.5215846709229544,118.0319482006819,-0.5263264435763153,113.25697207507699,371.74872662383996
2025-09-15,116.75029170688079,1.8501317667987567,2.1926158572371057,1,False,-1.538850829687413,116.01148287619023,-0.4996466455595012,116.31931490939485,299.758209445388
2025-09-22,117.39109335844444,1.860641981615252,2.2701359794311697,1,False,-1.4948743648077087,121.22709944211896,-0.5126071913800248,114.8214804414233,315.11796812102733
2025-09-29,113.91183138664718,1.806319176640226,1.8440407331947992,1,True,-1.5705876925261206,112.38745418744023,-0.5483714152032118,110.78754457575954,301.7829432963415
2025-10-06,112.32252731562143,1.7823480340283842,1.6450542839451752,1,False,-1.5708943331672236,112.35299690970713,-0.4709242041585977,119.70873278052487,279.3549398097254
2025-10-13,110.76323443981389,1.7563913423200894,1.4470699441902313,1,False,-1.6154291637829354,107.45915720773544,-0.5050544230291587,115.69198370153615,294.77126798078115
2025-10-20,113.0640328348139,1.7920583247387154,1.7382413984904987,1,False,-1.5521293962338207,114.48119915274442,-0.5469148881789918,110.94902720173707,308.6663144155862
2025-10-27,113.82847203224841,1.8038299433269418,1.8336730339119227,1,False,-1.5589322961358967,113.70503808063587,-0.5392012858796535,111.80815309098308,276.46834741396924
2025-11-03,114.77584716316701,1.8187116570327035,1.9510567785433102,1,False,-1.5334132499326634,116.64402275126649,-0.47583232612341764,119.12262723512444,284.5845860230016
2025-11-10,113.6727000747039,1.8011845178529666,1.814278755224503,1,False,-1.5565989536632339,113.97066064904055,-0.47705950187694324,118.97653249558067,320.68673130589264
2025-11-17,112.28206459603211,1.7791345401273189,1.639951533043857,1,False,-1.5735826728605833,112.0513595219934,-0.4489143398161133,122.37271515214343,294.6410005757527
2025-11-24,111.19722678317912,1.7619450412502988,1.5024527465866744,1,False,-1.5661701133228885,112.88503290527343,-0.47634264474841803,119.06185224841013,352.7407064529453
2025-12-01,108.28405516247072,1.715799515282052,1.1264751106171442,1,False,-1.6449806017965534,104.33004714987939,-0.9652111407889707,73.02301232734084,287.63811232814396
2025-12-08,110.00227162785447,1.7430706777990097,1.34943576910038,1,False,-1.587296459580437,110.52519970932828,-0.6455357041092844,100.52938426515838,241.85902228248483
2025-12-15,111.17022964198138,1.7617050062652946,1.4990138867358769,1,False,-1.5469299456433898,115.07798863550578,-0.5809847654915918,107.23267476750895,243.85502718858953
2025-12-22,108.06197578426556,1.7127760122872522,1.097399598139043,1,False,-1.6237376683082387,106.57003108279062,-0.6141661855407907,103.73292674556474,204.6801825436645
2025-12-29,106.72222871498872,1.6923124310722621,0.9207168955702842,1,True,-1.636955273187184,105.17069880306396,-0.5533692907899264,110.23522357692104,186.30782296314504
2026-01-05,107.1715574972195,1.70061179511587,0.9802193162911471,1,False,-1.6336886069396739,105.51481813055592,-0.4746346590370427,119.26538195425668,194.77452554861085
2026-01-12,109.56209567774839,1.7373446819040463,1.2926508571788093,1,False,-1.5778201635873135,111.57754752107492,-0.4838293059040364,118.17380490675885,209.6402270131552
2026-01-19,109.53719675126143,1.7361581786852427,1.289431956512308,1,False,-1.6115053710606277,107.88163297836803,-0.5265291403802239,113.23401757529747,228.77988636951437
2026-01-26,111.23724238845686,1.7627669516002125,1.5075483454528325,1,False,-1.575544044461338,111.83180055634752,-0.5362734642074418,112.13598711031962,228.90708060288833
2026-02-02,112.10674861656564,1.776417735917963,1.6178211814313634,1,False,-1.5420426485714271,115.64178555169835,-0.6404094284955653,101.04604874700713,208.65663888765167
2026-02-09,108.90868287232054,1.7256969644337143,1.2079352349541244,1,False,-1.6096497591575103,108.08200526975983,-0.5170996800525165,114.30680319764586,200.3252755484515
2026-02-16,106.5432087318754,1.6882010796034121,0.8969403333796497,1,False,-1.6271631170884246,106.20560541687844,-0.5085961845640714,115.2829550523063,202.16154901017768
2026-02-23,104.42342459738587,1.6546126240613703,0.6123236153972691,1,False,-1.611133036454342,107.92180852261708,-0.5342201925113388,112.3664692990705,208.25231185420904
2026-03-02,98.41602486255212,1.5594370568812261,-0.22680602144815054,1,False,-1.7818249216913138,90.986858546833,-0.2794214712016272,144.97543270132428,242.99838426589102
2026-03-09,101.17712989228909,1.6032295613321599,0.16505576625270896,1,False,-1.6777305089647996,100.96859190496883,-0.4889701293579485,117.56785311894807,266.685438223375
2026-03-16,104.05851907584662,1.6490067551028615,0.5627466025132963,1,False,-1.680313679596769,100.70810938385293,-0.5383404044817057,111.90444809345902,235.0083656741274
2026-03-23,110.8636285919602,1.7571855028950287,1.4599007511688478,1,False,-1.5817637716127724,111.1383958992818,-0.5755837693466486,107.81340487939381,317.36933511732957
2026-03-30,117.59622641071243,1.8647717660336331,2.294862286007209,1,True,-1.4951310792131363,121.19598269359366,-0.5271566496271012,113.16298447150352,365.08518042317854
2026-04-06,120.38271802896968,1.910473791849381,2.6265328892345416,1,False,-1.5002248074064912,120.58021291297176,-0.565342038100578,108.92327458908264,360.9548211807084
2026-04-13,123.08480572097127,1.9535567788933164,2.9409051061747284,1,False,-1.4589109822731032,125.66617972857168,-0.5854395848084213,106.75603503675842,357.05169568476464
2026-04-20,123.01035201751998,1.9524011072658467,2.932335691182831,1,False,-1.5022042639149973,120.3417657015244,-0.6324680435201211,101.85168903618775,326.0694812754263
2026-04-27,126.12027123381834,2.001764720657551,3.285935871850964,1,False,-1.472047158708654,124.02620172259118,-0.6670563643805414,98.38903896690117,306.0007311022976
2026-05-04,131.89256809008202,2.0933823431763803,3.9197293078939435,1,False,-1.332280400392329,142.6308188809581,-0.6747934907586304,97.63072789539467,345.57053281442114
2026-05-11,126.34448220676087,2.0053238763186174,3.3110908617647423,1,False,-1.439208421343129,128.1666775077506,-0.6142532380902823,103.72389692286555,337.80534163117875
2026-05-18,119.17881856868877,1.8915913631854273,2.484187071798778,1,False,-1.5277409756074798,117.30753969272327,-0.3913283979096045,129.62651729050978,299.2944689249612
2026-05-25,114.52257603025333,1.8176880624945535,1.9197705850881142,1,False,-1.5742991674970206,111.97110407862112,-0.6441146180376354,100.6723467298535,277.8230587327033
2026-06-01,112.94526006925403,1.7926531001364456,1.7233560660859486,1,False,-1.5678879075747085,112.69128610084832,-0.5855250732860622,106.7469090159345,290.6234726066067
2026-06-08,111.71874605896505,1.7731860225458502,1.5687198356681407,1,False,-1.5714152050759962,112.29449062821246,-0.16918015165254818,161.87195443388913,260.99798600084483
2026-06-15,109.90303339415728,1.7443672572843054,1.3366534023580776,1,False,-1.5883787330710923,110.40564592225033,-0.09666887566551718,174.04552343907133,248.88979756732854
2026-06-22,107.59116337241291,1.7076735442497508,1.0355608435976686,1,False,-1.6291937015081688,105.99016477845802,-0.2970328682830381,142.4445642678932,273.2896939121638
2026-06-29,107.1561094947491,1.700768423291434,0.978177756895999,1,False,-1.6336073581272954,105.52339143249796,-0.13320401310207597,167.80150391191643,239.72543943864122
2026-07-06,108.6181078762668,1.7239730795120483,1.170098498385098,1,False,-1.6112234641074394,107.91204984798802,-0.41771890917951104,126.25035252664487,230.0105064712681
2026-07-13,110.94488193150418,1.760903347552609,1.4702767749542724,1,False,-1.5810270155463741,111.22030795756808,-0.29674077070567506,142.48617805737206,187.84155713333385
2026-07-20,113.0410644294962,1.7941736954081402,1.7353640768184562,1,False,-1.5552284848858884,114.12696095887738,-0.5990845123030883,105.30924976641248,217.38653311410786
2026-07-27,113.98149944334459,1.8091001654001444,1.8526997786439365,1,False,-1.5481396064524544,114.93886746434607,-0.6337285361515201,101.72338661178004,204.9090442528156
2026-08-03,113.89476303797868,1.8077235158776666,1.8419184998198594,1,False,-1.586638768094423,110.59791510169322,-0.6071154458040953,104.46690511873203,216.5886950189284
2026-08-10,117.71094339135803,1.8682936145080533,2.3086712312318283,1,False,-1.5069043389442403,119.77747751078624,-0.5234587705037717,113.58222217676126,284.2810663433761
2026-08-17,119.34501426229001,1.89423062642113,2.5039229284571394,1,False,-1.4784473488512733,123.23494524583192,-0.6029088628535808,104.90727940680264,288.60992954530286
2026-08-24,116.75297834059543,1.8530994785848471,2.192941756530253,1,False,-1.5280138971996058,117.27552830072068,-0.5463366178491702,111.01320428635395,257.0689549152477
2026-08-31,113.70002146868048,1.804713291264656,1.8176823074648123,1,False,-1.5603536706239547,113.54353544539752,-0.6725278933572101,97.85217057407111,292.8750323096171
2026-09-07,110.94683454059013,1.761541556026618,1.4705260289569126,1,False,-1.5801431791731222,111.31865196478867,-0.7162418258587557,93.66681307686174,250.97561900718702
2026-09-14,107.88644921759621,1.7169081745429797,1.0743766551661118,1,False,-1.6317236764640732,105.72235123962052,-0.6518104290205216,99.90056493073358,203.4278409674241
2026-09-21,107.37195275448055,1.7387913614808732,1.0066762864911853,1,False,-1.6123217364740796,107.79359808366864,-0.5693982701614511,108.48235135853422,167.33596135738736
2026-09-28,106.40870262227926,1.9376583302180026,0.8790495873032191,1,False,-1.6298064883451158,105.92523529663363,-0.5204391295292421,113.92571806494738,145.88305006183828
