"week","evidence_weighted_index_level","evidence_weighted_index_se","pca_index_level","pca_index_se","entropy_index_level","entropy_index_se"
2022-01-03,88.174224,1.564071,88.357539,1.574882,88.275826,1.625768
2022-01-10,87.610757,1.564071,88.104819,1.574882,88.034592,1.625768
2022-01-17,87.645535,1.564071,87.981458,1.574882,88.059159,1.625768
2022-01-24,88.141928,1.564071,88.459334,1.574882,88.329595,1.625768
2022-01-31,88.164948,1.564071,88.32225,1.574882,88.314105,1.625768
2022-02-07,88.014324,1.564071,88.263616,1.574882,88.198657,1.625768
2022-02-14,87.878508,1.564071,88.231973,1.574882,88.142198,1.625768
2022-02-21,87.988582,1.564071,88.21109,1.574882,88.149717,1.625768
2022-02-28,87.813299,1.564071,88.108961,1.574882,88.092732,1.625768
2022-03-07,87.924452,1.564071,88.203836,1.574882,88.100206,1.625768
2022-03-14,87.518805,1.564071,88.016446,1.574882,87.914492,1.625768
2022-03-21,87.236865,1.564071,87.768377,1.574882,87.777442,1.625768
2022-03-28,87.683566,1.564071,87.903145,1.574882,87.940847,1.625768
2022-04-04,87.166142,1.564071,87.550004,1.574882,87.670318,1.625768
2022-04-11,86.351119,1.564071,87.127507,1.574882,87.289484,1.625768
2022-04-18,87.100931,1.564071,87.435197,1.574882,87.58268,1.625768
2022-04-25,86.980827,1.564071,87.344582,1.574882,87.545433,1.625768
2022-05-02,86.446975,1.564071,87.059077,1.574882,87.225927,1.625768
2022-05-09,86.911779,1.564071,87.315984,1.574882,87.513991,1.625768
2022-05-16,87.197952,1.564071,87.432259,1.574882,87.660233,1.625768
2022-05-23,87.373603,1.564071,87.50046,1.574882,87.743327,1.625768
2022-05-30,86.99783,1.564071,87.329426,1.574882,87.581036,1.625768
2022-06-06,87.377564,1.564071,87.512511,1.574882,87.755561,1.625768
2022-06-13,87.319748,1.564071,87.458267,1.574882,87.72884,1.625768
2022-06-20,87.514871,1.564071,87.687918,1.574882,87.870735,1.625768
2022-06-27,87.51082,1.564071,87.64335,1.574882,87.882652,1.625768
2022-07-04,87.015729,1.564071,87.467024,1.574882,87.631281,1.625768
2022-07-11,86.918123,1.564071,87.528532,1.574882,87.617611,1.625768
2022-07-18,86.460857,1.564071,87.326083,1.574882,87.452172,1.625768
2022-07-25,87.848796,1.564071,87.990013,1.574882,88.132629,1.625768
2022-08-01,87.620503,1.564071,87.874912,1.574882,87.985485,1.625768
2022-08-08,87.802889,1.564071,87.995108,1.574882,88.080974,1.625768
2022-08-15,88.127011,1.564071,88.223172,1.574882,88.280543,1.625768
2022-08-22,87.897685,1.564071,88.037005,1.574882,88.117566,1.625768
2022-08-29,87.573976,1.564071,87.848285,1.574882,87.941431,1.625768
2022-09-05,87.9358,1.564071,88.028781,1.574882,88.084073,1.625768
2022-09-12,87.606387,1.564071,87.87006,1.574882,87.963911,1.625768
2022-09-19,87.79695,1.564071,87.988648,1.574882,88.05695,1.625768
2022-09-26,87.898526,1.564071,87.992461,1.574882,88.081601,1.625768
2022-10-03,87.592072,1.564071,87.741805,1.574882,87.860073,1.625768
2022-10-10,87.176976,1.564071,87.572349,1.574882,87.685972,1.625768
2022-10-17,87.420169,1.564071,87.687223,1.574882,87.785693,1.625768
2022-10-24,87.493275,1.564071,87.616444,1.574882,87.72389,1.625768
2022-10-31,87.625069,1.564071,87.628079,1.574882,87.808007,1.625768
2022-11-07,87.818941,1.564071,87.804141,1.574882,87.8722,1.625768
2022-11-14,88.406952,1.564071,88.237823,1.574882,88.209717,1.625768
2022-11-21,88.765053,1.564071,88.431822,1.574882,88.339766,1.625768
2022-11-28,87.746945,1.564071,87.780084,1.574882,87.834938,1.625768
2022-12-05,87.424055,1.564071,87.534945,1.574882,87.690164,1.625768
2022-12-12,87.202091,1.564071,87.502628,1.574882,87.610622,1.625768
2022-12-19,87.767079,1.564071,87.761674,1.574882,87.854556,1.625768
2022-12-26,87.95497,1.564071,87.952124,1.574882,88.011761,1.625768
2023-01-02,87.552414,1.564071,87.724459,1.574882,87.812405,1.625768
2023-01-09,87.422067,1.564071,87.783905,1.574882,87.774338,1.625768
2023-01-16,88.135744,1.564071,88.032278,1.574882,88.068864,1.625768
2023-01-23,87.543953,1.564071,87.852919,1.574882,87.826548,1.625768
2023-01-30,87.057262,1.564071,87.569083,1.574882,87.619514,1.625768
2023-02-06,87.235877,1.564071,87.538275,1.574882,87.650664,1.625768
2023-02-13,87.268488,1.564071,87.592051,1.574882,87.637415,1.625768
2023-02-20,87.790063,1.564071,87.824396,1.574882,87.927383,1.625768
2023-02-27,87.644573,1.564071,87.714964,1.574882,87.805021,1.625768
2023-03-06,87.30697,1.564071,87.531105,1.574882,87.672354,1.625768
2023-03-13,87.190021,1.564071,87.44751,1.574882,87.594419,1.625768
2023-03-20,87.996157,1.564071,87.828391,1.574882,87.979718,1.625768
2023-03-27,87.99456,1.564071,87.756231,1.574882,87.943892,1.625768
2023-04-03,87.944432,1.564071,87.619149,1.574882,87.941319,1.625768
2023-04-10,86.723993,1.564071,87.063636,1.574882,87.321311,1.625768
2023-04-17,87.030343,1.564071,87.158053,1.574882,87.434243,1.625768
2023-04-24,86.633331,1.564071,86.949231,1.574882,87.285842,1.625768
2023-05-01,86.714333,1.564071,87.050944,1.574882,87.336114,1.625768
2023-05-08,86.920818,1.564071,87.144575,1.574882,87.398254,1.625768
2023-05-15,87.518821,1.564071,87.39674,1.574882,87.729355,1.625768
2023-05-22,87.585069,1.564071,87.501623,1.574882,87.773967,1.625768
2023-05-29,86.920966,1.564071,87.198582,1.574882,87.527041,1.625768
2023-06-05,87.470794,1.564071,87.450192,1.574882,87.712186,1.625768
2023-06-12,87.5837,1.564071,87.587168,1.574882,87.86912,1.625768
2023-06-19,87.398027,1.564071,87.500722,1.574882,87.802086,1.625768
2023-06-26,87.24179,1.564071,87.400655,1.574882,87.648006,1.625768
2023-07-03,87.916248,1.564071,87.867528,1.574882,88.107718,1.625768
2023-07-10,88.027162,1.564071,88.16261,1.574882,88.266211,1.625768
2023-07-17,87.448495,1.564071,87.711218,1.574882,87.888862,1.625768
2023-07-24,87.95662,1.564071,87.987203,1.574882,88.188376,1.625768
2023-07-31,87.711662,1.564071,87.884388,1.574882,88.094363,1.625768
2023-08-07,87.548028,1.564071,87.854014,1.574882,88.012817,1.625768
2023-08-14,87.957329,1.564071,88.092726,1.574882,88.207655,1.625768
2023-08-21,86.850944,1.564071,87.550602,1.574882,87.648134,1.625768
2023-08-28,88.148187,1.564071,88.303449,1.574882,88.290551,1.625768
2023-09-04,87.893183,1.564071,88.126443,1.574882,88.124878,1.625768
2023-09-11,87.699718,1.564071,87.932893,1.574882,87.995801,1.625768
2023-09-18,88.662366,1.564071,88.33583,1.574882,88.44087,1.625768
2023-09-25,87.754255,1.564071,87.957157,1.574882,88.057242,1.625768
2023-10-02,87.611316,1.564071,87.827221,1.574882,87.962087,1.625768
2023-10-09,88.614283,1.564071,88.319868,1.574882,88.429177,1.625768
2023-10-16,87.703189,1.564071,87.80103,1.574882,87.904658,1.625768
2023-10-23,87.739747,1.564071,87.807593,1.574882,87.899503,1.625768
2023-10-30,88.252054,1.564071,88.167026,1.574882,88.171266,1.625768
2023-11-06,88.912318,1.564071,88.601691,1.574882,88.526181,1.625768
2023-11-13,88.839439,1.564071,88.597958,1.574882,88.455174,1.625768
2023-11-20,89.576907,1.564071,89.249802,1.574882,88.889707,1.625768
2023-11-27,88.253033,1.564071,88.395118,1.574882,88.259344,1.625768
2023-12-04,88.196836,1.564071,88.156489,1.574882,88.144193,1.625768
2023-12-11,88.119307,1.564071,88.07689,1.574882,88.078966,1.625768
2023-12-18,88.480015,1.564071,88.307568,1.574882,88.321356,1.625768
2023-12-25,88.502766,1.564071,88.43402,1.574882,88.356981,1.625768
2024-01-01,88.425797,1.564071,88.182429,1.574882,88.286172,1.625768
2024-01-08,88.91149,1.564071,88.546281,1.574882,88.552059,1.625768
2024-01-15,88.721835,1.564071,88.387166,1.574882,88.46058,1.625768
2024-01-22,88.795618,1.564071,88.488236,1.574882,88.452464,1.625768
2024-01-29,88.471059,1.564071,88.359332,1.574882,88.242123,1.625768
2024-02-05,88.070074,1.564071,88.064545,1.574882,88.012933,1.625768
2024-02-12,88.336103,1.564071,88.146626,1.574882,88.112494,1.625768
2024-02-19,88.109742,1.564071,88.066093,1.574882,88.015268,1.625768
2024-02-26,88.900774,1.564071,88.557961,1.574882,88.5351,1.625768
2024-03-04,88.593296,1.564071,88.287503,1.574882,88.321255,1.625768
2024-03-11,87.935079,1.564071,87.88451,1.574882,87.924371,1.625768
2024-03-18,88.506814,1.564071,88.228623,1.574882,88.22053,1.625768
2024-03-25,88.166418,1.564071,88.043181,1.574882,88.083842,1.625768
2024-04-01,87.767849,1.564071,87.732119,1.574882,87.815692,1.625768
2024-04-08,87.713577,1.564071,87.598432,1.574882,87.726282,1.625768
2024-04-15,88.154453,1.564071,87.84656,1.574882,87.949322,1.625768
2024-04-22,87.544189,1.564071,87.624908,1.574882,87.738856,1.625768
2024-04-29,87.927762,1.564071,87.731426,1.574882,87.843706,1.625768
2024-05-06,87.723105,1.564071,87.674328,1.574882,87.811633,1.625768
2024-05-13,88.048792,1.564071,87.868737,1.574882,87.976078,1.625768
2024-05-20,87.931567,1.564071,87.880992,1.574882,87.960139,1.625768
2024-05-27,88.590571,1.564071,88.220579,1.574882,88.271296,1.625768
2024-06-03,88.390538,1.564071,88.020978,1.574882,88.140512,1.625768
2024-06-10,88.464651,1.564071,88.077512,1.574882,88.141581,1.625768
2024-06-17,88.613251,1.564071,88.171836,1.574882,88.236705,1.625768
2024-06-24,88.495943,1.564071,88.135521,1.574882,88.251768,1.625768
2024-07-01,88.838212,1.564071,88.296879,1.574882,88.408156,1.625768
2024-07-08,88.542113,1.564071,88.29246,1.574882,88.284339,1.625768
2024-07-15,88.841996,1.564071,88.598997,1.574882,88.468458,1.625768
2024-07-22,89.4708,1.564071,88.737877,1.574882,88.725839,1.625768
2024-07-29,88.761211,1.564071,88.294862,1.574882,88.386923,1.625768
2024-08-05,89.395821,1.564071,88.746786,1.574882,88.72143,1.625768
2024-08-12,88.918402,1.564071,88.592506,1.574882,88.524243,1.625768
2024-08-19,88.950529,1.564071,88.710376,1.574882,88.518304,1.625768
2024-08-26,89.071484,1.564071,88.70217,1.574882,88.558796,1.625768
2024-09-02,89.371956,1.564071,88.825046,1.574882,88.691631,1.625768
2024-09-09,88.819327,1.564071,88.592238,1.574882,88.412535,1.625768
2024-09-16,89.054987,1.564071,88.663032,1.574882,88.540442,1.625768
2024-09-23,89.4858,1.564071,88.894842,1.574882,88.756278,1.625768
2024-09-30,88.847211,1.564071,88.516719,1.574882,88.417167,1.625768
2024-10-07,89.020369,1.564071,88.629308,1.574882,88.473516,1.625768
2024-10-14,88.94013,1.564071,88.515826,1.574882,88.424218,1.625768
2024-10-21,88.899972,1.564071,88.529567,1.574882,88.438431,1.625768
2024-10-28,88.101832,1.564071,88.114677,1.574882,88.001658,1.625768
2024-11-04,88.853326,1.564071,88.458899,1.574882,88.358637,1.625768
2024-11-11,89.101367,1.564071,88.763058,1.574882,88.493054,1.625768
2024-11-18,89.946994,1.564071,89.352127,1.574882,88.941575,1.625768
2024-11-25,90.515401,1.564071,89.918517,1.574882,89.265803,1.625768
2024-12-02,89.382554,1.564071,89.024802,1.574882,88.616886,1.625768
2024-12-09,89.636666,1.564071,89.0145,1.574882,88.69763,1.625768
2024-12-16,89.223769,1.564071,88.674555,1.574882,88.494492,1.625768
2024-12-23,89.918123,1.564071,89.223608,1.574882,88.879867,1.625768
2024-12-30,89.279647,1.564071,88.711364,1.574882,88.540484,1.625768
2025-01-06,89.630813,1.564071,89.183389,1.574882,88.804217,1.625768
2025-01-13,89.01139,1.564071,88.725715,1.574882,88.510034,1.625768
2025-01-20,89.234054,1.564071,88.914299,1.574882,88.620203,1.625768
2025-01-27,89.254016,1.564071,88.82492,1.574882,88.590847,1.625768
2025-02-03,89.062968,1.564071,88.719599,1.574882,88.450538,1.625768
2025-02-10,89.272638,1.564071,88.887351,1.574882,88.555398,1.625768
2025-02-17,88.974278,1.564071,88.666621,1.574882,88.434145,1.625768
2025-02-24,88.673851,1.564071,88.548957,1.574882,88.299413,1.625768
2025-03-03,89.679317,1.564071,88.972455,1.574882,88.755039,1.625768
2025-03-10,88.139475,1.564071,88.165794,1.574882,88.036619,1.625768
2025-03-17,88.850246,1.564071,88.591914,1.574882,88.371242,1.625768
2025-03-24,88.843385,1.564071,88.567195,1.574882,88.365223,1.625768
2025-03-31,88.614748,1.564071,88.368805,1.574882,88.205928,1.625768
2025-04-07,87.418251,1.564071,87.819129,1.574882,87.674642,1.625768
2025-04-14,87.758935,1.564071,87.888412,1.574882,87.800252,1.625768
2025-04-21,88.106971,1.564071,88.129533,1.574882,88.018188,1.625768
2025-04-28,88.330273,1.564071,88.143222,1.574882,88.219756,1.625768
2025-05-05,89.0816,1.564071,88.555045,1.574882,88.518825,1.625768
2025-05-12,88.599259,1.564071,88.38636,1.574882,88.328569,1.625768
2025-05-19,88.65842,1.564071,88.482169,1.574882,88.354883,1.625768
2025-05-26,88.533238,1.564071,88.379292,1.574882,88.300968,1.625768
2025-06-02,88.879692,1.564071,88.554188,1.574882,88.431371,1.625768
2025-06-09,88.634928,1.564071,88.487814,1.574882,88.32541,1.625768
2025-06-16,88.506944,1.564071,88.412563,1.574882,88.290832,1.625768
2025-06-23,88.733096,1.564071,88.653239,1.574882,88.456176,1.625768
2025-06-30,88.850229,1.564071,88.599181,1.574882,88.526875,1.625768
2025-07-07,88.985752,1.564071,88.875202,1.574882,88.614377,1.625768
2025-07-14,89.285536,1.564071,89.100252,1.574882,88.900678,1.625768
2025-07-21,89.85422,1.564071,89.651887,1.574882,89.382341,1.625768
2025-07-28,90.405809,1.564071,90.13473,1.574882,90.024092,1.625768
2025-08-04,91.339441,1.564071,91.398238,1.574882,91.39876,1.625768
2025-08-11,91.853147,1.564071,92.191262,1.574882,92.460214,1.625768
2025-08-18,92.679608,1.564071,92.861814,1.574882,93.100895,1.625768
2025-08-25,93.521765,1.564071,93.747279,1.574882,94.058168,1.625768
2025-09-01,94.347393,1.564071,94.84527,1.574882,95.490873,1.625768
2025-09-08,93.363207,1.564071,93.804633,1.574882,94.243784,1.625768
2025-09-15,92.083768,1.564071,92.475262,1.574882,92.597303,1.625768
2025-09-22,92.248794,1.564071,92.674547,1.574882,92.683136,1.625768
2025-09-29,92.107561,1.564071,92.291496,1.574882,92.271775,1.625768
2025-10-06,91.783575,1.564071,91.901051,1.574882,91.802781,1.625768
2025-10-13,91.55031,1.564071,92.034516,1.574882,92.137007,1.625768
2025-10-20,91.915083,1.564071,92.38283,1.574882,92.521378,1.625768
2025-10-27,92.020181,1.564071,91.879524,1.574882,92.082795,1.625768
2025-11-03,91.962246,1.564071,92.177459,1.574882,92.226861,1.625768
2025-11-10,92.169674,1.564071,92.703544,1.574882,92.904645,1.625768
2025-11-17,92.243963,1.564071,92.412914,1.574882,92.293226,1.625768
2025-11-24,93.355203,1.564071,93.613815,1.574882,93.492803,1.625768
2025-12-01,91.621735,1.564071,91.912871,1.574882,91.962809,1.625768
2025-12-08,90.396728,1.564071,90.714553,1.574882,90.858976,1.625768
2025-12-15,90.641806,1.564071,90.928561,1.574882,90.954669,1.625768
2025-12-22,90.025783,1.564071,90.020403,1.574882,89.951336,1.625768
2025-12-29,89.461665,1.564071,89.521721,1.574882,89.586537,1.625768
2026-01-05,90.536833,1.564071,90.271994,1.574882,90.109915,1.625768
2026-01-12,90.613405,1.564071,90.428583,1.574882,90.328324,1.625768
2026-01-19,90.774485,1.564071,90.688911,1.574882,90.668534,1.625768
2026-01-26,90.295111,1.564071,90.520953,1.574882,90.547177,1.625768
2026-02-02,90.215254,1.564071,90.268467,1.574882,90.140167,1.625768
2026-02-09,90.398054,1.564071,90.358447,1.574882,90.100349,1.625768
2026-02-16,89.733595,1.564071,89.97354,1.574882,89.816163,1.625768
2026-02-23,90.223824,1.564071,90.236805,1.574882,90.113933,1.625768
2026-03-02,90.962629,1.564071,91.095294,1.574882,91.018301,1.625768
2026-03-09,91.638099,1.564071,91.758246,1.574882,91.71318,1.625768
2026-03-16,90.558302,1.564071,90.777098,1.574882,90.635012,1.625768
2026-03-23,93.643722,1.564071,93.713112,1.574882,92.285022,1.625768
2026-03-30,95.943064,1.564071,95.642658,1.574882,93.485422,1.625768
2026-04-06,95.927688,1.564071,95.73582,1.574882,93.438529,1.625768
2026-04-13,96.230773,1.564071,96.080827,1.574882,93.463304,1.625768
2026-04-20,94.938523,1.564071,94.801324,1.574882,92.543768,1.625768
2026-04-27,94.88708,1.564071,94.6111,1.574882,92.486596,1.625768
2026-05-04,96.776697,1.564071,96.605342,1.574882,93.455417,1.625768
2026-05-11,96.523935,1.564071,96.244712,1.574882,93.382242,1.625768
2026-05-18,94.020846,1.564071,93.767449,1.574882,92.203413,1.625768
2026-05-25,93.012787,1.564071,92.736998,1.574882,91.583343,1.625768
2026-06-01,92.94959,1.564071,93.043811,1.574882,91.752568,1.625768
2026-06-08,92.023768,1.564071,91.961055,1.574882,91.122863,1.625768
2026-06-15,91.247331,1.564071,91.271449,1.574882,90.598525,1.625768
2026-06-22,91.737711,1.564071,91.793525,1.574882,91.139339,1.625768
2026-06-29,89.031004,1.564071,89.348911,1.574882,89.144897,1.625768
2026-07-06,89.131556,1.564071,89.271992,1.574882,89.019756,1.625768
