"wave_id","fieldwork_midpoint","composite_index","composite_z","stage_engagement","stage_consideration","source_version","canonical_anchor_eligible"
"gwi_2017Q1",2017-02-14,135.0285,2.335234,0.292,0.192,"tier_a_pca_provisional",false
"gwi_2017Q2",2017-05-16,129.6633,1.977551,0.284,0.178,"tier_a_pca_provisional",false
"gwi_2017Q3",2017-08-15,131.9793,2.131951,0.291,0.182,"tier_a_pca_provisional",false
"gwi_2017Q4",2017-11-15,133.8753,2.25835,0.292,0.188,"tier_a_pca_provisional",false
"gwi_2018Q1",2018-02-14,126.0184,1.73456,0.269,0.174,"tier_a_pca_provisional",false
"gwi_2018Q2",2018-05-16,119.0016,1.266771,0.258,0.156,"tier_a_pca_provisional",false
"gwi_2018Q3",2018-08-15,117.0617,1.137445,0.255,0.151,"tier_a_pca_provisional",false
"gwi_2018Q4",2018-11-15,113.0941,0.87294,0.245,0.143,"tier_a_pca_provisional",false
"gwi_2019Q1",2019-02-14,107.9199,0.527991,0.226,0.136,"tier_a_pca_provisional",false
"gwi_2019Q2",2019-05-16,106.9671,0.464475,0.222,0.135,"tier_a_pca_provisional",false
"gwi_2019Q3",2019-08-15,101.9246,0.128306,0.209,0.125,"tier_a_pca_provisional",false
"gwi_2019Q4",2019-11-15,101.2602,0.084011,0.205,0.125,"tier_a_pca_provisional",false
"gwi_2020Q1",2020-02-15,99.8186,-0.012094,0.205,0.12,"tier_a_pca_provisional",false
"gwi_2020Q2",2020-05-16,97.0482,-0.196789,0.197,0.115,"tier_a_pca_provisional",false
"gwi_2020Q3",2020-08-15,98.0448,-0.130346,0.203,0.115,"tier_a_pca_provisional",false
"gwi_2020Q4",2020-11-15,98.5336,-0.097757,0.199,0.119,"tier_a_pca_provisional",false
"gwi_2021Q1",2021-02-14,95.3432,-0.310453,0.185,0.116,"tier_a_pca_provisional",false
"gwi_2021Q2",2021-05-16,95.6315,-0.291232,0.185,0.117,"tier_a_pca_provisional",false
"gwi_2021Q3",2021-08-15,92.8516,-0.47656,0.17,0.116,"tier_a_pca_provisional",false
"gwi_2021Q4",2021-11-15,91.0339,-0.597739,0.166,0.112,"tier_a_pca_provisional",false
"gwi_2022Q1",2022-02-14,89.3823,-0.707844,0.163,0.108,"tier_a_pca_provisional",false
"gwi_2022Q2",2022-05-16,88.4735,-0.768434,0.161,0.106,"tier_a_pca_provisional",false
"gwi_2022Q3",2022-08-15,90.5012,-0.633254,0.168,0.109,"tier_a_pca_provisional",false
"gwi_2022Q4",2022-11-15,84.9603,-1.002644,0.152,0.099,"tier_a_pca_provisional",false
"gwi_2023Q1",2023-02-14,85.6592,-0.956055,0.151,0.102,"tier_a_pca_provisional",false
"gwi_2023Q2",2023-05-16,85.537,-0.964202,0.152,0.101,"tier_a_pca_provisional",false
"gwi_2023Q3",2023-08-15,86.568,-0.895466,0.153,0.104,"tier_a_pca_provisional",false
"gwi_2023Q4",2023-11-15,88.0191,-0.798728,0.16,0.105,"tier_a_pca_provisional",false
"gwi_2024Q1",2024-02-15,87.4769,-0.834876,0.155,0.106,"tier_a_pca_provisional",false
"gwi_2024Q2",2024-05-16,90.0373,-0.664182,0.16,0.112,"tier_a_pca_provisional",false
"gwi_2024Q3",2024-08-15,90.6234,-0.625107,0.167,0.11,"tier_a_pca_provisional",false
"gwi_2024Q4",2024-11-15,88.1413,-0.790581,0.159,0.106,"tier_a_pca_provisional",false
"gwi_2025Q1",2025-02-14,89.1723,-0.721844,0.16,0.109,"tier_a_pca_provisional",false
"gwi_2025Q2",2025-05-16,89.0501,-0.729992,0.161,0.108,"tier_a_pca_provisional",false
"gwi_2025Q3",2025-08-15,91.2,-0.586665,0.167,0.112,"tier_a_pca_provisional",false
"gwi_2025Q4",2025-11-15,90.8678,-0.608813,0.165,0.112,"tier_a_pca_provisional",false
"gwi_2026Q1",2026-02-14,92.2311,-0.517928,0.168,0.115,"tier_a_pca_provisional",false
