"week","index_level","index_se","proxy_z","calendar_quarter","source_version","anchored"
2022-01-03,89.0092,1.5872,-0.077868,"2022Q1","v4_proxy_led_brand_calibrated",false
2022-01-10,89.0092,1.5872,-0.077868,"2022Q1","v4_proxy_led_brand_calibrated",false
2022-01-17,87.9833,1.5866,-0.519634,"2022Q1","v4_proxy_led_brand_calibrated",false
2022-01-24,89.154,1.5851,-0.015513,"2022Q1","v4_proxy_led_brand_calibrated",false
2022-01-31,88.7782,1.5857,-0.177361,"2022Q1","v4_proxy_led_brand_calibrated",false
2022-02-07,88.7782,1.5857,-0.177361,"2022Q1","v4_proxy_led_brand_calibrated",false
2022-02-14,89.1972,1.5862,0.003058,"2022Q1","v4_proxy_led_brand_calibrated",false
2022-02-21,89.154,1.5851,-0.015513,"2022Q1","v4_proxy_led_brand_calibrated",false
2022-02-28,88.5902,1.5864,-0.258288,"2022Q1","v4_proxy_led_brand_calibrated",false
2022-03-07,88.5471,1.5851,-0.276854,"2022Q1","v4_proxy_led_brand_calibrated",false
2022-03-14,89.1109,1.5864,-0.034079,"2022Q1","v4_proxy_led_brand_calibrated",false
2022-03-21,88.7351,1.5853,-0.195932,"2022Q1","v4_proxy_led_brand_calibrated",false
2022-03-28,88.504,1.5863,-0.295425,"2022Q1","v4_proxy_led_brand_calibrated",false
2022-04-04,87.9833,1.5866,-0.519634,"2022Q2","v4_proxy_led_brand_calibrated",false
2022-04-11,87.5643,1.5859,-0.700053,"2022Q2","v4_proxy_led_brand_calibrated",false
2022-04-18,87.9402,1.5852,-0.5382,"2022Q2","v4_proxy_led_brand_calibrated",false
2022-04-25,87.7091,1.5855,-0.637693,"2022Q2","v4_proxy_led_brand_calibrated",false
2022-05-02,87.5212,1.5852,-0.71862,"2022Q2","v4_proxy_led_brand_calibrated",false
2022-05-09,87.2901,1.5859,-0.818113,"2022Q2","v4_proxy_led_brand_calibrated",false
2022-05-16,87.1453,1.5855,-0.880468,"2022Q2","v4_proxy_led_brand_calibrated",false
2022-05-23,87.3301,1.5852,-0.800905,"2022Q2","v4_proxy_led_brand_calibrated",false
2022-05-30,87.5175,1.5852,-0.720202,"2022Q2","v4_proxy_led_brand_calibrated",false
2022-06-06,87.3899,1.5861,-0.775149,"2022Q2","v4_proxy_led_brand_calibrated",false
2022-06-13,87.5175,1.5852,-0.720202,"2022Q2","v4_proxy_led_brand_calibrated",false
2022-06-20,87.7049,1.5853,-0.639499,"2022Q2","v4_proxy_led_brand_calibrated",false
2022-06-27,87.5175,1.5852,-0.720202,"2022Q2","v4_proxy_led_brand_calibrated",false
2022-07-04,87.7049,1.5853,-0.639499,"2022Q3","v4_proxy_led_brand_calibrated",false
2022-07-11,87.8924,1.5856,-0.558793,"2022Q3","v4_proxy_led_brand_calibrated",false
2022-07-18,87.8924,1.5856,-0.558793,"2022Q3","v4_proxy_led_brand_calibrated",false
2022-07-25,88.1396,1.5853,-0.452336,"2022Q3","v4_proxy_led_brand_calibrated",false
2022-08-01,88.4834,1.5861,-0.304309,"2022Q3","v4_proxy_led_brand_calibrated",false
2022-08-08,87.9522,1.5853,-0.533039,"2022Q3","v4_proxy_led_brand_calibrated",false
2022-08-15,88.2672,1.5867,-0.39739,"2022Q3","v4_proxy_led_brand_calibrated",false
2022-08-22,88.1994,1.5862,-0.426582,"2022Q3","v4_proxy_led_brand_calibrated",false
2022-08-29,88.1683,1.5855,-0.439958,"2022Q3","v4_proxy_led_brand_calibrated",false
2022-09-05,88.918,1.5854,-0.117149,"2022Q3","v4_proxy_led_brand_calibrated",false
2022-09-12,88.1085,1.5855,-0.465712,"2022Q3","v4_proxy_led_brand_calibrated",false
2022-09-19,88.1396,1.5853,-0.452336,"2022Q3","v4_proxy_led_brand_calibrated",false
2022-09-26,88.1683,1.5855,-0.439958,"2022Q3","v4_proxy_led_brand_calibrated",false
2022-10-03,87.7049,1.5853,-0.639499,"2022Q4","v4_proxy_led_brand_calibrated",false
2022-10-10,87.8912,1.5855,-0.559291,"2022Q4","v4_proxy_led_brand_calibrated",false
2022-10-17,88.1,1.5855,-0.469403,"2022Q4","v4_proxy_led_brand_calibrated",false
2022-10-24,87.4486,1.5861,-0.749859,"2022Q4","v4_proxy_led_brand_calibrated",false
2022-10-31,87.4953,1.5858,-0.729788,"2022Q4","v4_proxy_led_brand_calibrated",false
2022-11-07,87.7722,1.5854,-0.610542,"2022Q4","v4_proxy_led_brand_calibrated",false
2022-11-14,88.5425,1.5852,-0.27884,"2022Q4","v4_proxy_led_brand_calibrated",false
2022-11-21,88.9169,1.5853,-0.117631,"2022Q4","v4_proxy_led_brand_calibrated",false
2022-11-28,87.9128,1.5855,-0.550008,"2022Q4","v4_proxy_led_brand_calibrated",false
2022-12-05,87.7722,1.5854,-0.610542,"2022Q4","v4_proxy_led_brand_calibrated",false
2022-12-12,87.8912,1.5855,-0.559291,"2022Q4","v4_proxy_led_brand_calibrated",false
2022-12-19,87.5168,1.5852,-0.720505,"2022Q4","v4_proxy_led_brand_calibrated",false
2022-12-26,88.4235,1.5861,-0.330091,"2022Q4","v4_proxy_led_brand_calibrated",false
2023-01-02,87.8912,1.5855,-0.559291,"2023Q1","v4_proxy_led_brand_calibrated",false
2023-01-09,88.1466,1.5853,-0.449333,"2023Q1","v4_proxy_led_brand_calibrated",false
2023-01-16,88.3553,1.5852,-0.359445,"2023Q1","v4_proxy_led_brand_calibrated",false
2023-01-23,88.5209,1.5856,-0.288126,"2023Q1","v4_proxy_led_brand_calibrated",false
2023-01-30,88.1681,1.5854,-0.44005,"2023Q1","v4_proxy_led_brand_calibrated",false
2023-02-06,87.9594,1.5853,-0.529937,"2023Q1","v4_proxy_led_brand_calibrated",false
2023-02-13,87.9128,1.5855,-0.550008,"2023Q1","v4_proxy_led_brand_calibrated",false
2023-02-20,87.9128,1.5855,-0.550008,"2023Q1","v4_proxy_led_brand_calibrated",false
2023-02-27,87.8912,1.5855,-0.559291,"2023Q1","v4_proxy_led_brand_calibrated",false
2023-03-06,87.5144,1.5852,-0.721526,"2023Q1","v4_proxy_led_brand_calibrated",false
2023-03-13,87.5876,1.5855,-0.690022,"2023Q1","v4_proxy_led_brand_calibrated",false
2023-03-20,87.7187,1.5855,-0.633575,"2023Q1","v4_proxy_led_brand_calibrated",false
2023-03-27,87.5144,1.5852,-0.721526,"2023Q1","v4_proxy_led_brand_calibrated",false
2023-04-03,87.2543,1.5857,-0.833552,"2023Q2","v4_proxy_led_brand_calibrated",false
2023-04-10,86.863,1.5855,-1.002024,"2023Q2","v4_proxy_led_brand_calibrated",false
2023-04-17,86.863,1.5855,-1.002024,"2023Q2","v4_proxy_led_brand_calibrated",false
2023-04-24,86.7492,1.5853,-1.051043,"2023Q2","v4_proxy_led_brand_calibrated",false
2023-05-01,86.9362,1.5853,-0.970522,"2023Q2","v4_proxy_led_brand_calibrated",false
2023-05-08,87.0094,1.5861,-0.939017,"2023Q2","v4_proxy_led_brand_calibrated",false
2023-05-15,86.7492,1.5853,-1.051043,"2023Q2","v4_proxy_led_brand_calibrated",false
2023-05-22,87.1232,1.5853,-0.89,"2023Q2","v4_proxy_led_brand_calibrated",false
2023-05-29,86.863,1.5855,-1.002024,"2023Q2","v4_proxy_led_brand_calibrated",false
2023-06-05,87.0094,1.5861,-0.939017,"2023Q2","v4_proxy_led_brand_calibrated",false
2023-06-12,86.9534,1.5854,-0.963094,"2023Q2","v4_proxy_led_brand_calibrated",false
2023-06-19,87.1964,1.5859,-0.858494,"2023Q2","v4_proxy_led_brand_calibrated",false
2023-06-26,87.0094,1.5861,-0.939017,"2023Q2","v4_proxy_led_brand_calibrated",false
2023-07-03,87.2136,1.586,-0.851068,"2023Q3","v4_proxy_led_brand_calibrated",false
2023-07-10,88.0927,1.5855,-0.472527,"2023Q3","v4_proxy_led_brand_calibrated",false
2023-07-17,87.8885,1.5854,-0.560477,"2023Q3","v4_proxy_led_brand_calibrated",false
2023-07-24,87.6988,1.5852,-0.64215,"2023Q3","v4_proxy_led_brand_calibrated",false
2023-07-31,87.7759,1.5853,-0.608943,"2023Q3","v4_proxy_led_brand_calibrated",false
2023-08-07,87.7903,1.5857,-0.602753,"2023Q3","v4_proxy_led_brand_calibrated",false
2023-08-14,87.9784,1.5854,-0.521749,"2023Q3","v4_proxy_led_brand_calibrated",false
2023-08-21,88.0238,1.5864,-0.502188,"2023Q3","v4_proxy_led_brand_calibrated",false
2023-08-28,88.5417,1.5852,-0.279204,"2023Q3","v4_proxy_led_brand_calibrated",false
2023-09-04,88.2751,1.5856,-0.393975,"2023Q3","v4_proxy_led_brand_calibrated",false
2023-09-11,87.9679,1.5852,-0.526264,"2023Q3","v4_proxy_led_brand_calibrated",false
2023-09-18,88.0839,1.5854,-0.47633,"2023Q3","v4_proxy_led_brand_calibrated",false
2023-09-25,87.9679,1.5852,-0.526264,"2023Q3","v4_proxy_led_brand_calibrated",false
2023-10-02,87.8926,1.5853,-0.558683,"2023Q4","v4_proxy_led_brand_calibrated",false
2023-10-09,88.0432,1.5863,-0.493846,"2023Q4","v4_proxy_led_brand_calibrated",false
2023-10-16,87.8926,1.5853,-0.558683,"2023Q4","v4_proxy_led_brand_calibrated",false
2023-10-23,87.5854,1.5855,-0.690971,"2023Q4","v4_proxy_led_brand_calibrated",false
2023-10-30,88.0839,1.5854,-0.47633,"2023Q4","v4_proxy_led_brand_calibrated",false
2023-11-06,88.3504,1.5852,-0.361557,"2023Q4","v4_proxy_led_brand_calibrated",false
2023-11-13,88.4257,1.5858,-0.329138,"2023Q4","v4_proxy_led_brand_calibrated",false
2023-11-20,89.9364,1.5853,0.321348,"2023Q4","v4_proxy_led_brand_calibrated",false
2023-11-27,88.7329,1.5852,-0.196849,"2023Q4","v4_proxy_led_brand_calibrated",false
2023-12-04,88.2751,1.5856,-0.393975,"2023Q4","v4_proxy_led_brand_calibrated",false
2023-12-11,88.2151,1.5861,-0.419833,"2023Q4","v4_proxy_led_brand_calibrated",false
2023-12-18,88.1286,1.5858,-0.457059,"2023Q4","v4_proxy_led_brand_calibrated",false
2023-12-25,88.512,1.5857,-0.291997,"2023Q4","v4_proxy_led_brand_calibrated",false
2024-01-01,88.082,1.5854,-0.477123,"2024Q1","v4_proxy_led_brand_calibrated",false
2024-01-08,88.47,1.5857,-0.310056,"2024Q1","v4_proxy_led_brand_calibrated",false
2024-01-15,88.2773,1.5856,-0.393042,"2024Q1","v4_proxy_led_brand_calibrated",false
2024-01-22,88.2773,1.5856,-0.393042,"2024Q1","v4_proxy_led_brand_calibrated",false
2024-01-29,88.3533,1.5852,-0.360308,"2024Q1","v4_proxy_led_brand_calibrated",false
2024-02-05,88.2773,1.5856,-0.393042,"2024Q1","v4_proxy_led_brand_calibrated",false
2024-02-12,87.9679,1.5852,-0.526281,"2024Q1","v4_proxy_led_brand_calibrated",false
2024-02-19,87.9679,1.5852,-0.526281,"2024Q1","v4_proxy_led_brand_calibrated",false
2024-02-26,88.2773,1.5856,-0.393042,"2024Q1","v4_proxy_led_brand_calibrated",false
2024-03-04,87.9679,1.5852,-0.526281,"2024Q1","v4_proxy_led_brand_calibrated",false
2024-03-11,87.9679,1.5852,-0.526281,"2024Q1","v4_proxy_led_brand_calibrated",false
2024-03-18,87.7752,1.5853,-0.609266,"2024Q1","v4_proxy_led_brand_calibrated",false
2024-03-25,87.9679,1.5852,-0.526281,"2024Q1","v4_proxy_led_brand_calibrated",false
2024-04-01,87.2764,1.5857,-0.824029,"2024Q2","v4_proxy_led_brand_calibrated",false
2024-04-08,87.3137,1.5852,-0.807977,"2024Q2","v4_proxy_led_brand_calibrated",false
2024-04-15,87.2764,1.5857,-0.824029,"2024Q2","v4_proxy_led_brand_calibrated",false
2024-04-22,87.6619,1.5862,-0.658053,"2024Q2","v4_proxy_led_brand_calibrated",false
2024-04-29,87.2764,1.5857,-0.824029,"2024Q2","v4_proxy_led_brand_calibrated",false
2024-05-06,87.1188,1.5852,-0.891906,"2024Q2","v4_proxy_led_brand_calibrated",false
2024-05-13,87.4752,1.5859,-0.738437,"2024Q2","v4_proxy_led_brand_calibrated",false
2024-05-20,87.5062,1.5852,-0.725061,"2024Q2","v4_proxy_led_brand_calibrated",false
2024-05-27,87.5917,1.5855,-0.68827,"2024Q2","v4_proxy_led_brand_calibrated",false
2024-06-03,87.1981,1.5858,-0.857762,"2024Q2","v4_proxy_led_brand_calibrated",false
2024-06-10,87.7704,1.5853,-0.611333,"2024Q2","v4_proxy_led_brand_calibrated",false
2024-06-17,87.38,1.5855,-0.779425,"2024Q2","v4_proxy_led_brand_calibrated",false
2024-06-24,87.9523,1.5855,-0.532997,"2024Q2","v4_proxy_led_brand_calibrated",false
2024-07-01,87.2961,1.5855,-0.815542,"2024Q3","v4_proxy_led_brand_calibrated",false
2024-07-08,87.9523,1.5855,-0.532997,"2024Q3","v4_proxy_led_brand_calibrated",false
2024-07-15,88.3691,1.5856,-0.353495,"2024Q3","v4_proxy_led_brand_calibrated",false
2024-07-22,88.3878,1.5857,-0.345474,"2024Q3","v4_proxy_led_brand_calibrated",false
2024-07-29,87.7517,1.5856,-0.619354,"2024Q3","v4_proxy_led_brand_calibrated",false
2024-08-05,87.9523,1.5855,-0.532997,"2024Q3","v4_proxy_led_brand_calibrated",false
2024-08-12,88.3426,1.5854,-0.364908,"2024Q3","v4_proxy_led_brand_calibrated",false
2024-08-19,88.8169,1.5857,-0.160701,"2024Q3","v4_proxy_led_brand_calibrated",false
2024-08-26,88.5511,1.5852,-0.275156,"2024Q3","v4_proxy_led_brand_calibrated",false
2024-09-02,88.6084,1.5859,-0.250451,"2024Q3","v4_proxy_led_brand_calibrated",false
2024-09-09,88.6084,1.5859,-0.250451,"2024Q3","v4_proxy_led_brand_calibrated",false
2024-09-16,88.6084,1.5859,-0.250451,"2024Q3","v4_proxy_led_brand_calibrated",false
2024-09-23,88.6943,1.5857,-0.2135,"2024Q3","v4_proxy_led_brand_calibrated",false
2024-09-30,88.2948,1.5857,-0.385498,"2024Q3","v4_proxy_led_brand_calibrated",false
2024-10-07,88.6879,1.586,-0.21623,"2024Q4","v4_proxy_led_brand_calibrated",false
2024-10-14,88.397,1.5863,-0.341497,"2024Q4","v4_proxy_led_brand_calibrated",false
2024-10-21,88.3425,1.5854,-0.36495,"2024Q4","v4_proxy_led_brand_calibrated",false
2024-10-28,87.9718,1.5857,-0.524579,"2024Q4","v4_proxy_led_brand_calibrated",false
2024-11-04,88.5544,1.5852,-0.273722,"2024Q4","v4_proxy_led_brand_calibrated",false
2024-11-11,88.9516,1.5852,-0.10268,"2024Q4","v4_proxy_led_brand_calibrated",false
2024-11-18,89.3876,1.5856,0.085047,"2024Q4","v4_proxy_led_brand_calibrated",false
2024-11-25,90.3286,1.5858,0.490261,"2024Q4","v4_proxy_led_brand_calibrated",false
2024-12-02,89.3488,1.5852,0.068363,"2024Q4","v4_proxy_led_brand_calibrated",false
2024-12-09,88.8864,1.5863,-0.130779,"2024Q4","v4_proxy_led_brand_calibrated",false
2024-12-16,88.3038,1.5856,-0.381634,"2024Q4","v4_proxy_led_brand_calibrated",false
2024-12-23,89.5342,1.5854,0.148176,"2024Q4","v4_proxy_led_brand_calibrated",false
2024-12-30,88.9516,1.5852,-0.10268,"2024Q4","v4_proxy_led_brand_calibrated",false
2025-01-06,89.3876,1.5856,0.085047,"2025Q1","v4_proxy_led_brand_calibrated",false
2025-01-13,88.7398,1.5853,-0.193907,"2025Q1","v4_proxy_led_brand_calibrated",false
2025-01-20,88.9516,1.5852,-0.10268,"2025Q1","v4_proxy_led_brand_calibrated",false
2025-01-27,88.7398,1.5853,-0.193907,"2025Q1","v4_proxy_led_brand_calibrated",false
2025-02-03,88.9516,1.5852,-0.10268,"2025Q1","v4_proxy_led_brand_calibrated",false
2025-02-10,89.031,1.5872,-0.068479,"2025Q1","v4_proxy_led_brand_calibrated",false
2025-02-17,88.7085,1.5858,-0.207382,"2025Q1","v4_proxy_led_brand_calibrated",false
2025-02-24,88.342,1.5853,-0.365194,"2025Q1","v4_proxy_led_brand_calibrated",false
2025-03-03,88.5524,1.5852,-0.274582,"2025Q1","v4_proxy_led_brand_calibrated",false
2025-03-10,88.5524,1.5852,-0.274582,"2025Q1","v4_proxy_led_brand_calibrated",false
2025-03-17,88.7387,1.5853,-0.194362,"2025Q1","v4_proxy_led_brand_calibrated",false
2025-03-24,88.7846,1.5859,-0.174608,"2025Q1","v4_proxy_led_brand_calibrated",false
2025-03-31,87.9631,1.5858,-0.528327,"2025Q1","v4_proxy_led_brand_calibrated",false
2025-04-07,88.3183,1.5855,-0.375393,"2025Q2","v4_proxy_led_brand_calibrated",false
2025-04-14,87.9366,1.5854,-0.53974,"2025Q2","v4_proxy_led_brand_calibrated",false
2025-04-21,88.3183,1.5855,-0.375393,"2025Q2","v4_proxy_led_brand_calibrated",false
2025-04-28,87.3024,1.5856,-0.812821,"2025Q2","v4_proxy_led_brand_calibrated",false
2025-05-05,88.1504,1.5852,-0.447689,"2025Q2","v4_proxy_led_brand_calibrated",false
2025-05-12,87.9631,1.5858,-0.528327,"2025Q2","v4_proxy_led_brand_calibrated",false
2025-05-19,88.5321,1.5857,-0.283345,"2025Q2","v4_proxy_led_brand_calibrated",false
2025-05-26,87.9825,1.5865,-0.519984,"2025Q2","v4_proxy_led_brand_calibrated",false
2025-06-02,88.1504,1.5852,-0.447689,"2025Q2","v4_proxy_led_brand_calibrated",false
2025-06-09,88.3183,1.5855,-0.375393,"2025Q2","v4_proxy_led_brand_calibrated",false
2025-06-16,88.3835,1.5862,-0.347296,"2025Q2","v4_proxy_led_brand_calibrated",false
2025-06-23,88.9525,1.5852,-0.102314,"2025Q2","v4_proxy_led_brand_calibrated",false
2025-06-30,88.3377,1.5853,-0.367052,"2025Q2","v4_proxy_led_brand_calibrated",false
2025-07-07,88.9525,1.5852,-0.102314,"2025Q3","v4_proxy_led_brand_calibrated",false
2025-07-14,89.1397,1.5853,-0.021676,"2025Q3","v4_proxy_led_brand_calibrated",false
2025-07-21,90.1291,1.5865,0.404335,"2025Q3","v4_proxy_led_brand_calibrated",false
2025-07-28,90.175,1.5852,0.424091,"2025Q3","v4_proxy_led_brand_calibrated",false
2025-08-04,91.4141,1.5858,0.957685,"2025Q3","v4_proxy_led_brand_calibrated",false
2025-08-11,92.0042,1.5852,1.21177,"2025Q3","v4_proxy_led_brand_calibrated",false
2025-08-18,92.5943,1.5855,1.46586,"2025Q3","v4_proxy_led_brand_calibrated",false
2025-08-25,93.7899,1.5888,1.980675,"2025Q3","v4_proxy_led_brand_calibrated",false
2025-09-01,93.622,1.5852,1.908364,"2025Q3","v4_proxy_led_brand_calibrated",false
2025-09-08,93.2175,1.5852,1.734212,"2025Q3","v4_proxy_led_brand_calibrated",false
2025-09-15,92.223,1.5855,1.305978,"2025Q3","v4_proxy_led_brand_calibrated",false
2025-09-22,93.2175,1.5852,1.734212,"2025Q3","v4_proxy_led_brand_calibrated",false
2025-09-29,92.1899,1.5854,1.291711,"2025Q3","v4_proxy_led_brand_calibrated",false
2025-10-06,91.8186,1.5857,1.131831,"2025Q4","v4_proxy_led_brand_calibrated",false
2025-10-13,91.4141,1.5858,0.957685,"2025Q4","v4_proxy_led_brand_calibrated",false
2025-10-20,92.0042,1.5852,1.21177,"2025Q4","v4_proxy_led_brand_calibrated",false
2025-10-27,91.1622,1.586,0.849208,"2025Q4","v4_proxy_led_brand_calibrated",false
2025-11-03,91.7854,1.5854,1.117565,"2025Q4","v4_proxy_led_brand_calibrated",false
2025-11-10,92.8131,1.5852,1.560066,"2025Q4","v4_proxy_led_brand_calibrated",false
2025-11-17,92.1899,1.5854,1.291711,"2025Q4","v4_proxy_led_brand_calibrated",false
2025-11-24,93.4032,1.5858,1.814154,"2025Q4","v4_proxy_led_brand_calibrated",false
2025-12-01,91.5998,1.5852,1.037624,"2025Q4","v4_proxy_led_brand_calibrated",false
2025-12-08,90.7909,1.5853,0.689328,"2025Q4","v4_proxy_led_brand_calibrated",false
2025-12-15,90.7909,1.5853,0.689328,"2025Q4","v4_proxy_led_brand_calibrated",false
2025-12-22,89.9821,1.5854,0.341032,"2025Q4","v4_proxy_led_brand_calibrated",false
2025-12-29,89.1548,1.5851,-0.01517,"2025Q4","v4_proxy_led_brand_calibrated",false
2026-01-05,89.9683,1.5851,0.33509,"2026Q1","v4_proxy_led_brand_calibrated",false
2026-01-12,90.7817,1.5851,0.685349,"2026Q1","v4_proxy_led_brand_calibrated",false
2026-01-19,90.375,1.5851,0.510219,"2026Q1","v4_proxy_led_brand_calibrated",false
2026-01-26,90.1716,1.5851,0.422653,"2026Q1","v4_proxy_led_brand_calibrated",false
2026-02-02,90.5783,1.5851,0.597783,"2026Q1","v4_proxy_led_brand_calibrated",false
2026-02-09,89.9683,1.5851,0.33509,"2026Q1","v4_proxy_led_brand_calibrated",false
2026-02-16,89.7649,1.5851,0.247523,"2026Q1","v4_proxy_led_brand_calibrated",false
2026-02-23,90.1716,1.5851,0.422653,"2026Q1","v4_proxy_led_brand_calibrated",false
2026-03-02,90.9851,1.5851,0.772915,"2026Q1","v4_proxy_led_brand_calibrated",false
2026-03-09,91.7985,1.5851,1.123175,"2026Q1","v4_proxy_led_brand_calibrated",false
2026-03-16,90.7817,1.5851,0.685349,"2026Q1","v4_proxy_led_brand_calibrated",false
2026-03-23,94.4421,1.5851,2.26152,"2026Q1","v4_proxy_led_brand_calibrated",false
2026-03-30,98.1025,1.5851,3.837687,"2026Q1","v4_proxy_led_brand_calibrated",false
2026-04-06,98.3059,1.5851,3.925254,"2026Q2","v4_proxy_led_brand_calibrated",false
2026-04-13,99.1193,1.5851,4.275513,"2026Q2","v4_proxy_led_brand_calibrated",false
2026-04-20,96.4757,1.5851,3.137168,"2026Q2","v4_proxy_led_brand_calibrated",false
2026-04-27,96.4757,1.5851,3.137168,"2026Q2","v4_proxy_led_brand_calibrated",false
2026-05-04,100.9495,1.5852,5.063599,"2026Q2","v4_proxy_led_brand_calibrated",false
2026-05-11,98.7126,1.5851,4.100383,"2026Q2","v4_proxy_led_brand_calibrated",false
2026-05-18,95.0511,1.5851,2.52375,"2026Q2","v4_proxy_led_brand_calibrated",false
2026-05-25,93.221,1.5851,1.735723,"2026Q2","v4_proxy_led_brand_calibrated",false
2026-06-01,94.6444,1.5851,2.348634,"2026Q2","v4_proxy_led_brand_calibrated",false
2026-06-08,92.611,1.5851,1.47305,"2026Q2","v4_proxy_led_brand_calibrated",false
2026-06-15,91.7976,1.5851,1.122817,"2026Q2","v4_proxy_led_brand_calibrated",false
2026-06-22,92.2043,1.5851,1.297934,"2026Q2","v4_proxy_led_brand_calibrated",false
2026-06-29,90.7809,1.5851,0.685024,"2026Q2","v4_proxy_led_brand_calibrated",false
2026-07-06,90.7809,1.5851,0.685024,"2026Q3","v4_proxy_led_brand_calibrated",false
2026-07-13,90.1709,1.5851,0.422346,"2026Q3","v4_proxy_led_brand_calibrated",false
2026-07-20,90.8826,1.5914,0.728795,"2026Q3","v4_proxy_led_brand_calibrated",false
2026-07-27,90.7809,1.5851,0.685024,"2026Q3","v4_proxy_led_brand_calibrated",false
2026-08-03,90.5776,1.5851,0.597463,"2026Q3","v4_proxy_led_brand_calibrated",false
2026-08-10,92.8143,1.5851,1.560607,"2026Q3","v4_proxy_led_brand_calibrated",false
2026-08-17,94.2377,1.5851,2.173517,"2026Q3","v4_proxy_led_brand_calibrated",false
2026-08-24,93.0177,1.5851,1.648167,"2026Q3","v4_proxy_led_brand_calibrated",false
2026-08-31,93.221,1.5851,1.735723,"2026Q3","v4_proxy_led_brand_calibrated",false
2026-09-07,92.001,1.5851,1.210373,"2026Q3","v4_proxy_led_brand_calibrated",false
2026-09-14,90.5776,1.5851,0.597463,"2026Q3","v4_proxy_led_brand_calibrated",false
2026-09-21,89.7642,1.5851,0.24723,"2026Q3","v4_proxy_led_brand_calibrated",false
2026-09-28,88.9509,1.5851,-0.103003,"2026Q3","v4_proxy_led_brand_calibrated",false
