DATE,MotoGP Imp,MotoGP Views,Ducati Imp,Ducati Views,F1 Imp,F1 Views,FWC Imp,FWC Views,FCWC Imp,FCWC Views,FIFA Imp,FIFA Views,FWWC Imp,FWWC Views,FIFAeWC Imp,FIFAeWC Views,FIFAe Imp,FIFAe Views,Infantino Imp,Infantino Views,Caroline Hurricanes Imp,Caroline Hurricanes Views,Montreal Canadiens Imp,Montreal Canadiens Views,NY Yankees Imp,NY Yankees Views
2024-10-01,"2,179,396","2,020,078",0,0,"7,400,040","3,845,931",0,0,0,0,0,0,0,0,0,0,0,0,0,0,"33,041",0,0,0,0,0
2024-10-02,"6,331,411","4,654,971",0,0,"2,424,719","1,975,569",0,0,0,0,0,0,0,0,0,0,0,0,0,0,0,0,0,0,0,0
2024-10-03,"15,095,397","13,380,085","16,459",0,"65,400","17,604",0,0,0,0,0,0,0,0,0,0,0,0,0,0,"40,111",0,0,0,0,0
2024-10-04,"61,839,900","41,581,657","2,001,821",0,0,0,0,0,0,0,0,0,0,0,0,0,0,0,0,0,"34,901",0,0,0,0,0
2024-10-05,"14,767,849","11,864,622","1,181,906",0,"725,957","718,830",0,0,0,0,0,0,0,0,0,0,0,0,0,0,0,0,0,0,0,0
2024-10-06,"25,801,247","14,389,045","2,672,182",0,"5,376,344",0,0,0,0,0,0,0,0,0,0,0,0,0,0,0,0,0,0,0,0,0
2024-10-07,"24,087,232","7,528,318",0,0,0,0,0,0,0,0,0,0,0,0,0,0,0,0,0,0,"130,271","9,569",0,0,0,0
2024-10-08,"1,838,812","1,511,164","1,094,818",0,"4,085,650","3,855,569",0,0,0,0,0,0,0,0,0,0,0,0,0,0,0,0,0,0,0,0
2024-10-09,"3,337,772","1,227,932","613,473",0,"16,900","4,450",0,0,0,0,0,0,0,0,0,0,0,0,0,0,"20,320",0,0,0,0,0
2024-10-10,"2,030,735","71,488",0,0,"8,270,618","2,819,927",0,0,0,0,0,0,0,0,0,0,0,0,0,0,"435,870","244,295",0,0,0,0
2024-10-11,"877,783","563,267","301,664",0,0,0,0,0,0,0,0,0,0,0,0,0,0,0,0,0,"669,680",0,0,0,0,0
2024-10-12,0,0,"467,644",0,"9,933,042","1,518,106",0,0,0,0,0,0,0,0,0,0,0,0,0,0,"741,531","280,738",0,0,0,0
2024-10-13,"1,923,479","1,118,475","683,908",0,"7,741,533","7,203,846",0,0,0,0,0,0,0,0,0,0,0,0,0,0,"53,618",0,0,0,0,0
2024-10-14,0,0,0,0,"12,713,822","9,001,472",0,0,0,0,0,0,0,0,0,0,0,0,0,0,"30,318","9,934",0,0,0,0
2024-10-15,"1,678,561","682,451",0,0,"2,759,471","2,437,830",0,0,0,0,0,0,0,0,0,0,0,0,0,0,"289,908","3,886",0,0,0,0
2024-10-16,"90,273","29,026",0,0,"6,042,933","5,799,845",0,0,0,0,"15,133",0,0,0,0,0,0,0,"210,621",0,"2,448,029","1,173,240",0,0,0,0
2024-10-17,"2,560,675","2,213,353","352,397",0,"4,006,830","177,911",0,0,0,0,0,0,0,0,0,0,0,0,0,0,"31,499","31,401",0,0,0,0
2024-10-18,"9,304,622","7,563,641","1,863,006",0,"10,703,606","3,695,629",0,0,0,0,0,0,0,0,0,0,0,0,0,0,"57,828","6,593",0,0,0,0
2024-10-19,"8,151,569","5,181,025","6,884,005",0,"22,193,147","7,603,413",0,0,0,0,0,0,0,0,0,0,0,0,0,0,"772,708","222,072",0,0,0,0
2024-10-20,"7,782,233","5,023,625","726,211",0,"8,223,335","7,060,683",0,0,0,0,0,0,0,0,0,0,0,0,0,0,"160,756","34,468",0,0,0,0
2024-10-21,"1,112,843","807,755",0,0,"16,883,372","13,745,066",0,0,0,0,0,0,0,0,0,0,0,0,0,0,"468,927","450,102",0,0,0,0
2024-10-22,"5,087,933","4,618,760","935,825",0,"10,348,383","7,413,551",0,0,0,0,0,0,0,0,0,0,0,0,0,0,"37,565","15,927",0,0,0,0
2024-10-23,"7,951,959","6,528,455","422,158",0,"3,670,035","3,133,523",0,0,0,0,0,0,0,0,0,0,0,0,0,0,"308,300","158,067","405,242","401,609",0,0
2024-10-24,"5,186,648","4,887,811","604,911",0,0,0,0,0,0,0,0,0,0,0,0,0,0,0,0,0,"23,320",0,0,0,0,0
2024-10-25,"2,981,772","2,031,359","1,460,363",0,"6,706,613","2,595,682",0,0,0,0,0,0,0,0,0,0,0,0,0,0,"847,816","26,436",0,0,0,0
2024-10-26,"8,000,061","2,897,984","1,765,135",0,"12,543,809","6,832,108",0,0,0,0,0,0,0,0,0,0,0,0,0,0,"13,693",0,0,0,0,0
2024-10-27,"14,913,749","7,888,458","4,033,788",0,"37,748,958","13,655,729",0,0,0,0,0,0,0,0,0,0,0,0,0,0,"458,052","294,991",0,0,0,0
2024-10-28,"1,570,014","50,955",0,0,"17,701,307","10,204,384",0,0,0,0,0,0,0,0,0,0,0,0,0,0,0,0,0,0,0,0
2024-10-29,"5,081,100","4,983,272","519,113",0,"6,454,429","4,344,132",0,0,0,0,0,0,0,0,0,0,0,0,0,0,"1,002,421","350,470",0,0,0,0
2024-10-30,"14,657,890","9,756,948","665,371",0,"4,166,386","3,798,538",0,0,0,0,0,0,0,0,0,0,0,0,0,0,"346,760","232,769",0,0,0,0
2024-10-31,"7,048,699","2,668,435","1,470,689",0,0,0,0,0,0,0,0,0,0,0,0,0,0,0,0,0,"184,140","104,867",0,0,0,0
2024-11-01,"13,898,077","10,311,539","747,961",0,"10,806,101","7,370,047",0,0,0,0,0,0,0,0,0,0,0,0,0,0,"1,800,734","1,194,386",0,0,0,0
2024-11-02,"36,938,941","26,243,121","3,588,426",0,"31,027,343","7,186,010",0,0,0,0,0,0,0,0,0,0,0,0,0,0,"13,305","3,956",0,0,0,0
2024-11-03,"52,551,306","35,492,032","2,492,043",0,"77,063,932","44,721,299",0,0,0,0,0,0,0,0,0,0,0,0,0,0,"246,545","172,290",0,0,0,0
2024-11-04,"1,312,523","132,666",0,0,"48,316,111","45,107,734",0,0,0,0,0,0,0,0,0,0,0,0,0,0,"385,976","152,012",0,0,0,0
2024-11-05,"20,785,871","6,348,313",0,0,"17,121,588","15,143,402",0,0,0,0,0,0,0,0,0,0,0,0,0,0,"38,750","11,230",0,0,0,0
2024-11-06,"7,690,912","4,512,545",0,0,"4,315,016","3,907,035",0,0,0,0,0,0,0,0,0,0,0,0,0,0,"690,045","328,944",0,0,0,0
2024-11-07,"6,689,383","2,604,413",0,0,"13,489,780","174,038",0,0,0,0,0,0,0,0,0,0,0,0,0,0,0,0,0,0,0,0
2024-11-08,"1,454,476","1,286,658","1,208,410",0,"82,800","13,918",0,0,0,0,0,0,0,0,0,0,0,0,0,0,"844,503","411,358",0,0,0,0
2024-11-09,0,0,0,0,0,0,0,0,0,0,0,0,0,0,0,0,0,0,0,0,"93,232","57,343",0,0,0,0
2024-11-10,"1,811,016","1,622,450",0,0,"1,146,021","1,111,640",0,0,0,0,0,0,0,0,0,0,0,0,0,0,"71,139","5,884",0,0,0,0
2024-11-11,"2,409,638",0,0,0,0,0,0,0,0,0,0,0,0,0,0,0,0,0,0,0,"21,170",0,0,0,0,0
2024-11-12,"3,843,180","1,828,809",0,0,"6,230,674","4,326,370",0,0,0,0,0,0,0,0,0,0,0,0,0,0,"90,481","45,070",0,0,0,0
2024-11-13,"10,934,119","6,343,726",0,0,"28,700","7,370",0,0,0,0,0,0,0,0,0,0,0,0,0,0,"56,219",0,0,0,0,0
2024-11-14,"8,956,096","6,779,502","1,236,651",0,0,0,0,0,0,0,0,0,0,0,0,0,0,0,0,0,"274,750","26,573",0,0,0,0
2024-11-15,"12,490,672","9,717,012","947,948",0,0,0,0,0,0,0,0,0,0,0,0,0,0,0,0,0,"45,858","45,098",0,0,0,0
2024-11-16,"19,992,238","10,027,376","3,925,445",0,"294,922","286,074",0,0,0,0,0,0,0,0,0,0,0,0,0,0,"44,491",0,0,0,0,0
2024-11-17,"18,300,630","9,278,000","4,724,272",0,"2,524,708","2,247,302",0,0,0,0,0,0,0,0,0,0,0,0,0,0,"626,900","315,708","54,937","18,031",0,0
2024-11-18,"24,713,764","15,232,340","1,771,526",0,0,0,0,0,0,0,0,0,0,0,0,0,0,0,0,0,"604,206","163,171",0,0,0,0
2024-11-19,"24,120,756","14,133,301","5,893,691",0,"1,019,743","345,186",0,0,0,0,0,0,0,0,0,0,0,0,0,0,"18,614",0,0,0,0,0
2024-11-20,"5,970,876","4,980,965",0,0,"28,300","7,299",0,0,0,0,0,0,0,0,0,0,0,0,0,0,"28,010",0,0,0,0,0
2024-11-21,"3,351,730","2,725,461",0,0,0,0,0,0,0,0,0,0,0,0,0,0,0,0,0,0,"167,144","51,797",0,0,0,0
2024-11-22,"256,308","81,195",0,0,"4,400",0,0,0,0,0,0,0,0,0,0,0,0,0,0,0,"129,106","14,441",0,0,0,0
2024-11-23,0,0,0,0,"19,543",235,0,0,0,0,0,0,0,0,0,0,0,0,0,0,"150,173","3,319",0,0,0,0
2024-11-24,"2,546,859","2,503,186",0,0,"26,002,803","9,358,827",0,0,0,0,0,0,0,0,0,0,0,0,0,0,"242,892","25,293",0,0,0,0
2024-11-25,"2,916,952","1,281,481","1,730,817",0,"1,971,555","1,764,203",0,0,0,0,0,0,0,0,0,0,0,0,0,0,"13,767","3,647",0,0,0,0
2024-11-26,0,0,0,0,"6,133,298","378,817",0,0,0,0,0,0,0,0,0,0,0,0,0,0,"634,484","259,511",0,0,0,0
2024-11-27,"294,340","291,255",0,0,"307,144","74,070",0,0,0,0,0,0,0,0,0,0,0,0,0,0,"234,902","82,699",0,0,0,0
2024-11-28,"1,565,051",0,"1,086,547",0,"2,085,165","2,058,624",0,0,0,0,0,0,0,0,0,0,0,0,0,0,"747,318","336,354",0,0,0,0
2024-11-29,0,0,0,0,"9,700","2,570",0,0,0,0,0,0,0,0,0,0,0,0,0,0,"139,589","27,139",0,0,0,0
2024-11-30,0,0,0,0,"2,354,317","912,499",0,0,0,0,0,0,0,0,0,0,0,0,0,0,"44,626",555,0,0,0,0
2024-12-01,"1,223,380","120,143",0,0,"226,352",0,0,0,0,0,0,0,0,0,0,0,0,0,0,0,"511,205",0,0,0,0,0
2024-12-02,"1,267,014","911,600",0,0,"7,600","1,996",0,0,0,0,0,0,0,0,0,0,0,0,0,0,"1,029,152","1,004,904",0,0,0,0
2024-12-03,"3,090,956","2,595,955","678,163",0,"24,500","6,436",0,0,0,0,0,0,0,0,0,0,0,0,0,0,"174,411","4,416",0,0,0,0
2024-12-04,"3,411,200","2,853,485","194,008",0,0,0,0,0,0,0,0,0,0,0,0,0,0,0,0,0,"170,639","23,365",0,0,0,0
2024-12-05,"130,207",0,0,0,"7,333,888","6,809,320",0,0,0,0,0,0,0,0,0,0,"71,278","63,386",0,0,"14,783","3,807",0,0,0,0
2024-12-06,"171,122","42,232",0,0,"24,260,349","4,268,458",0,0,0,0,0,0,0,0,0,0,0,0,0,0,"836,299","85,895",0,0,0,0
2024-12-07,0,0,0,0,"19,434,545","15,595,955",0,0,0,0,0,0,0,0,0,0,0,0,0,0,"279,340","4,064",0,0,0,0
2024-12-08,"16,112,995","6,765,073",0,0,"35,423,973","19,183,683",0,0,0,0,0,0,0,0,0,0,0,0,0,0,"2,154",689,0,0,0,0
2024-12-09,"1,735,543","150,207",0,0,"12,399,813","12,024,098",0,0,0,0,0,0,0,0,0,0,0,0,0,0,"177,962","144,568",0,0,0,0
2024-12-10,0,0,0,0,"2,643,968","2,408,897",0,0,0,0,0,0,0,0,0,0,"1,468,341","1,440,938",0,0,"405,670",0,0,0,0,0
2024-12-11,"723,643",0,0,0,"4,026,402","3,855,266",0,0,0,0,0,0,0,0,0,0,"510,160","488,051",0,0,"355,203","167,039",0,0,0,0
2024-12-12,"3,130,874","2,413,570",0,0,0,0,0,0,0,0,0,0,0,0,0,0,"87,493",0,0,0,"435,936","337,316",0,0,0,0
2024-12-13,"2,802,348","1,696,804",0,0,"2,980,890","1,923,476",0,0,0,0,0,0,0,0,0,0,0,0,0,0,"973,757","838,769",0,0,0,0
2024-12-14,"2,818,009","2,439,166",0,0,"15,533,771","15,062,027",0,0,0,0,0,0,0,0,0,0,0,0,0,0,"34,623",0,0,0,0,0
2024-12-15,"3,523,258","1,985,309","197,666",0,"30,600","7,755",0,0,0,0,0,0,0,0,0,0,0,0,0,0,"68,756","22,480",0,0,0,0
2024-12-16,"1,840,465","1,484,012",0,0,0,0,0,0,0,0,0,0,0,0,0,0,0,0,0,0,"1,165,298","932,517",0,0,0,0
2024-12-17,"1,864,896","102,255",0,0,"2,689,634","2,668,710",0,0,0,0,0,0,0,0,0,0,0,0,0,0,"121,577","86,189",0,0,0,0
2024-12-18,0,0,"200,531",0,"10,000","2,534",0,0,0,0,0,0,0,0,0,0,0,0,0,0,"1,256,315","485,141",0,0,0,0
2024-12-19,"4,829,836","1,958,004",0,0,"28,203,199","11,254,629",0,0,0,0,0,0,0,0,0,0,0,0,0,0,0,0,0,0,0,0
2024-12-20,"1,808,836","1,591,719",0,0,"5,172,471","5,013,132",0,0,0,0,0,0,0,0,0,0,0,0,0,0,0,0,0,0,0,0
2024-12-21,"1,007,182",0,0,0,"4,290,393","3,949,020",0,0,0,0,0,0,0,0,0,0,0,0,0,0,"138,363","6,797",0,0,0,0
2024-12-22,"1,419,645","1,182,330",0,0,"6,817,571","6,469,512",0,0,0,0,0,0,0,0,0,0,0,0,0,0,"668,734","377,016",0,0,0,0
2024-12-23,"1,500,308",0,0,0,"12,073,566","3,720,329",0,0,0,0,0,0,0,0,0,0,0,0,0,0,"99,023",0,0,0,0,0
2024-12-24,0,0,0,0,"1,684,417","1,299,984",0,0,0,0,0,0,0,0,0,0,0,0,0,0,"81,683","15,451",0,0,0,0
2024-12-25,0,0,0,0,"32,700",0,0,0,0,0,0,0,0,0,0,0,0,0,0,0,0,0,0,0,0,0
2024-12-26,"4,339,188","3,791,005",0,0,0,0,0,0,0,0,0,0,0,0,0,0,0,0,0,0,0,0,0,0,0,0
2024-12-27,"1,615,841",0,0,0,"427,239","114,490",0,0,0,0,0,0,0,0,0,0,0,0,0,0,0,0,0,0,0,0
2024-12-28,"1,586,094","1,325,951",0,0,"37,300","9,404",0,0,0,0,0,0,0,0,0,0,0,0,0,0,"99,856","17,234",0,0,0,0
2024-12-29,"2,829,308","1,685,874",0,0,0,0,0,0,0,0,0,0,0,0,0,0,0,0,0,0,"1,229,352","200,391",0,0,0,0
2024-12-30,"1,225,168","943,157",0,0,"653,140","646,802",0,0,0,0,0,0,0,0,0,0,0,0,0,0,0,0,0,0,0,0
2024-12-31,"143,818","141,014","246,177",0,"5,987,504","4,709,192",0,0,0,0,0,0,0,0,0,0,0,0,0,0,"213,570","104,689",0,0,0,0
2025-01-01,"2,640,732",0,0,0,"9,400","2,385",0,0,0,0,0,0,0,0,0,0,0,0,0,0,"164,545","8,696",0,0,0,0
2025-01-02,0,0,0,0,"107,280","106,408",0,0,0,0,0,0,0,0,0,0,0,0,0,0,"49,207","24,027",0,0,0,0
2025-01-03,"1,721,824","242,677",0,0,"190,369",0,0,0,0,0,0,0,0,0,0,0,0,0,0,0,"741,175","382,438",0,0,0,0
2025-01-04,"1,173,983",0,0,0,0,0,0,0,0,0,0,0,0,0,0,0,0,0,0,0,"136,718",0,0,0,0,0
2025-01-05,"2,523,244","2,190,385",0,0,0,0,0,0,0,0,0,0,0,0,0,0,0,0,0,0,"58,811","3,853",0,0,0,0
2025-01-06,"1,321,594",0,0,0,"639,011",0,0,0,0,0,0,0,0,0,0,0,0,0,0,0,"1,321,444","637,219",0,0,0,0
2025-01-07,0,0,0,0,0,0,0,0,0,0,0,0,0,0,0,0,0,0,0,0,"16,772",0,0,0,0,0
2025-01-08,"3,769,299",0,0,0,0,0,0,0,0,0,0,0,0,0,0,0,0,0,0,0,"51,802","7,655",0,0,0,0
2025-01-09,"2,717,519","2,480,076",0,0,"6,339,007",0,0,0,0,0,0,0,0,0,0,0,0,0,0,0,0,0,0,0,0,0
2025-01-10,"2,277,980","1,227,044",0,0,0,0,0,0,0,0,0,0,0,0,0,0,0,0,0,0,"1,407,164","1,025,965",0,0,0,0
2025-01-11,"2,285,277","1,812,621",0,0,0,0,0,0,0,0,0,0,0,0,0,0,0,0,0,0,"666,775","167,325",0,0,0,0
2025-01-12,"2,320,075","1,190,556",0,0,0,0,0,0,0,0,0,0,0,0,0,0,0,0,0,0,"1,173,594","952,344",0,0,0,0
2025-01-13,0,0,0,0,0,0,0,0,0,0,0,0,0,0,0,0,0,0,0,0,"182,374","10,041",0,0,0,0
2025-01-14,0,0,0,0,"3,086,364","3,055,752",0,0,0,0,0,0,0,0,0,0,0,0,0,0,"577,416","515,138",0,0,0,0
2025-01-15,0,0,0,0,"3,131,134","2,976,614",0,0,0,0,0,0,0,0,0,0,0,0,0,0,"169,416","3,240","34,204","14,039",0,0
2025-01-16,"1,708,407","1,409,917",0,0,"3,200",812,0,0,0,0,0,0,0,0,0,0,0,0,0,0,"77,312","4,824",0,0,0,0
2025-01-17,"2,874,113","1,157,521",0,0,0,0,0,0,0,0,0,0,0,0,0,0,0,0,0,0,0,0,0,0,0,0
2025-01-18,"25,111",0,0,0,0,0,0,0,0,0,0,0,0,0,0,0,0,0,0,0,"940,587","471,114",0,0,0,0
2025-01-19,"4,610","4,471",0,0,"396,502","84,126",0,0,0,0,0,0,0,0,0,0,"4,223","1,257",0,0,0,0,0,0,0,0
2025-01-20,"16,088,701","1,437,756","6,941,924","3,934,934",0,0,0,0,0,0,0,0,0,0,0,0,0,0,0,0,0,0,0,0,0,0
2025-01-21,"2,196,654",0,"403,465",0,"264,197","75,400",0,0,0,0,0,0,0,0,0,0,0,0,0,0,"774,229","308,737",0,0,0,0
2025-01-22,"5,008,258","3,980,153","750,599",0,"5,637,030","5,460,306",0,0,0,0,0,0,0,0,0,0,0,0,0,0,"568,532","154,886",0,0,0,0
2025-01-23,"2,087,357","1,266,503",0,0,"15,127","15,054",0,0,0,0,0,0,0,0,0,0,0,0,0,0,0,0,0,0,0,0
2025-01-24,"4,050,944","3,429,864","1,019,968",0,0,0,0,0,0,0,0,0,0,0,0,0,0,0,0,0,"913,716","576,059",0,0,0,0
2025-01-25,0,0,0,0,"6,607,001","5,889,862","3,031,589",0,0,0,0,0,0,0,0,0,0,0,0,0,"888,667",0,0,0,0,0
2025-01-26,"115,090","16,580","251,923",0,"14,000","3,549",0,0,0,0,0,0,0,0,0,0,0,0,0,0,"1,217,497","661,948",0,0,0,0
2025-01-27,"1,082,237","934,006","1,420,885","434,071","9,492","9,464",0,0,0,0,0,0,0,0,0,0,0,0,0,0,"141,077","28,667",0,0,0,0
2025-01-28,"1,235,591","1,148,593","336,163",0,0,0,0,0,0,0,0,0,0,0,0,0,"94,592","92,941",0,0,"214,723",0,0,0,0,0
2025-01-29,"1,923,037","1,205,822","563,609",0,"4,369,375",0,0,0,0,0,0,0,0,0,0,0,0,0,0,0,"1,393,923","432,275",0,0,0,0
2025-01-30,"3,022,823","2,241,557",0,0,0,0,0,0,0,0,0,0,0,0,0,0,"87,240","85,929",0,0,"192,529","186,753",0,0,0,0
2025-01-31,"1,845,639",0,"247,813",0,"3,364,173","2,980,598",0,0,0,0,0,0,0,0,0,0,0,0,0,0,"1,639,202","1,029,819",0,0,0,0
2025-02-01,0,0,0,0,"1,328,433","4,833",0,0,0,0,0,0,0,0,0,0,0,0,0,0,"310,652",0,0,0,0,0
2025-02-02,"273,206",0,"1,143,573",0,"3,291,401","3,076,817",0,0,0,0,0,0,0,0,0,0,0,0,0,0,"262,764","47,387",0,0,0,0
2025-02-03,0,0,"556,768",0,"21,500","5,440",0,0,0,0,0,0,0,0,0,0,0,0,0,0,"302,713","249,589",0,0,0,0
2025-02-04,"7,034,723","3,722,363","850,016",0,0,0,0,0,0,0,0,0,0,0,0,0,0,0,0,0,"33,090",0,0,0,0,0
2025-02-05,"22,689,608","11,256,093","4,556,749","2,880,008",0,0,0,0,0,0,0,0,0,0,0,0,0,0,0,0,"332,630","165,406",0,0,0,0
2025-02-06,"7,506,349","3,267,815","656,435",0,0,0,0,0,0,0,0,0,0,0,0,0,0,0,0,0,0,0,0,0,0,0
2025-02-07,"11,416,270","6,410,162","522,561",0,"1,311,254","1,293,968",0,0,0,0,0,0,0,0,0,0,0,0,0,0,0,0,0,0,0,0
2025-02-08,0,0,"963,070",0,"1,496,931","1,490,007",0,0,0,0,0,0,0,0,0,0,0,0,0,0,"1,472,414","523,110",0,0,0,0
2025-02-09,"17,080,996","10,056,499","3,980,433","1,648,920","2,895,869","2,860,710",0,0,0,0,0,0,0,0,0,0,0,0,0,0,"361,249",0,0,0,0,0
2025-02-10,"4,582,963","866,307","1,828,186","1,447,431",0,0,0,0,0,0,0,0,0,0,0,0,0,0,0,0,"193,754","173,274",0,0,0,0
2025-02-11,"1,270,967","927,971","542,475",0,"40,825","39,600",0,0,0,0,0,0,0,0,0,0,0,0,0,0,0,0,0,0,0,0
2025-02-12,"12,084,199","4,487,543","1,409,579","406,116",0,0,0,0,0,0,0,0,0,0,0,0,0,0,0,0,"82,756","63,243",0,0,0,0
2025-02-13,"7,162,595","962,667","999,870",0,0,0,0,0,0,0,0,0,0,0,0,0,0,0,0,0,0,0,0,0,0,0
2025-02-14,"10,501,691","8,881,873","239,650",0,"314,967","52,855",0,0,0,0,0,0,0,0,0,0,0,0,0,0,"11,049","3,508",0,0,0,0
2025-02-15,"1,790,605","1,701,717",0,0,0,0,0,0,0,0,0,0,0,0,0,0,0,0,0,0,0,0,0,0,0,0
2025-02-16,0,0,0,0,"242,240","2,015",0,0,0,0,0,0,0,0,0,0,0,0,0,0,"56,918","30,108",0,0,0,0
2025-02-17,"3,379,137","2,433,248","688,312",0,0,0,0,0,0,0,0,0,0,0,0,0,0,0,0,0,"64,649","33,312",0,0,0,0
2025-02-18,0,0,"341,710",0,"1,806,564","1,454,897",0,0,0,0,0,0,0,0,0,0,0,0,0,0,"20,397",0,0,0,0,0
2025-02-19,"1,267,980","822,511","229,777",0,"4,999,953","2,044,883",0,0,0,0,0,0,0,0,0,0,0,0,0,0,"61,277","57,674",0,0,0,0
2025-02-20,"28,158","28,123","401,626",0,"168,522","156,460",0,0,0,0,0,0,0,0,0,0,0,0,0,0,0,0,0,0,0,0
2025-02-21,"5,442,668","4,021,140","253,757",0,"2,871,889","2,845,666",0,0,0,0,0,0,0,0,0,0,0,0,0,0,0,0,0,0,0,0
2025-02-22,"1,781,816","1,303,415","523,565",0,"36,300",0,0,0,0,0,0,0,0,0,0,0,0,0,0,0,"351,179",0,0,0,0,0
2025-02-23,"8,914,512","5,094,629","417,800",0,"5,443,409","1,858,572",0,0,0,0,0,0,0,0,0,0,0,0,0,0,"78,169","4,045",0,0,0,0
2025-02-24,"8,638,006","7,965,449",0,0,"18,717","4,988",0,0,0,0,0,0,0,0,0,0,0,0,0,0,"1,007,343","545,012",0,0,0,0
2025-02-25,"5,939,167","3,548,164","416,118",0,0,0,0,0,0,0,0,0,0,0,0,0,0,0,0,0,"70,139","4,305",0,0,0,0
2025-02-26,"1,397,168","780,728","501,619","476,737","739,371","480,920",0,0,0,0,0,0,0,0,0,0,0,0,0,0,"190,547","1,975",0,0,0,0
2025-02-27,"13,535,228","8,439,809","410,134","126,723","4,325,131","2,347,342",0,0,0,0,0,0,0,0,0,0,0,0,0,0,"149,176",0,0,0,0,0
2025-02-28,"27,269,204","20,873,273","1,272,334",0,"12,394,407","7,936,871",0,0,0,0,0,0,0,0,0,0,0,0,0,0,"1,608,206","592,092",0,0,0,0
2025-03-01,"28,790,003","15,164,797","1,780,359",0,"1,295,023","1,259,446",0,0,0,0,0,0,0,0,0,0,0,0,0,0,"60,165","11,159",0,0,0,0
2025-03-02,"77,485,504","46,999,964","4,239,604",0,"31,400","7,215",0,0,0,0,0,0,0,0,0,0,0,0,0,0,"964,014","772,419",0,0,0,0
2025-03-03,"5,864,591","3,789,584","433,210",0,0,0,0,0,0,0,0,0,0,0,0,0,0,0,0,0,"1,271,663","521,128",0,0,0,0
2025-03-04,"5,194,160","4,048,061","988,479","716,506",0,0,0,0,0,0,0,0,0,0,0,0,0,0,0,0,"313,091",0,0,0,0,0
2025-03-05,"4,575,781","2,622,558","376,340",0,"1,449,537",0,0,0,0,0,0,0,0,0,0,0,0,0,0,0,"930,227","490,687",0,0,0,0
2025-03-06,"179,221","45,836","1,227,034","892,478",0,0,0,0,0,0,0,0,0,0,0,0,0,0,0,0,0,0,0,0,0,0
2025-03-07,"3,542,675","2,750,862",0,0,"2,167,340","2,100,008",0,0,0,0,0,0,0,0,0,0,0,0,0,0,"849,136","458,305",0,0,0,0
2025-03-08,"2,735,743","1,988,035","474,651",0,0,0,0,0,0,0,0,0,0,0,0,0,0,0,0,0,"345,938","277,325",0,0,0,0
2025-03-09,"4,825,737","1,606,233","474,533",0,"16,424,731","3,219,013",0,0,0,0,0,0,0,0,0,0,0,0,0,0,"651,186","265,860",0,0,0,0
2025-03-10,"668,316","204,020","601,801",0,"320,073","75,858",0,0,0,0,0,0,0,0,0,0,0,0,0,0,"2,648,938","966,035",0,0,0,0
2025-03-11,0,0,"373,233",0,"7,803,987","6,367,990",0,0,0,0,0,0,0,0,0,0,0,0,0,0,"423,176","375,043",0,0,0,0
2025-03-12,"1,615,792","525,005","535,997",0,"2,593,677","1,216,142",0,0,0,0,0,0,0,0,0,0,0,0,0,0,"1,207,591","487,565",0,0,0,0
2025-03-13,"7,306,041","4,323,384","186,341",0,"6,854,225","2,632,214",0,0,0,0,0,0,0,0,0,0,0,0,0,0,"59,928","39,083",0,0,0,0
2025-03-14,"26,721,688","14,291,839","760,693",0,"24,471,958","8,895,689",0,0,0,0,0,0,0,0,0,0,0,0,0,0,"12,639",0,0,0,0,0
2025-03-15,"16,537,623","7,199,889","1,432,691",0,"14,071,019","9,031,660",0,0,0,0,0,0,0,0,0,0,0,0,0,0,"541,934","210,886",0,0,0,0
2025-03-16,"34,816,767","15,213,379","736,306",0,"56,651,756","19,304,025",0,0,0,0,0,0,0,0,0,0,0,0,0,0,"1,390,064","530,964",0,0,0,0
2025-03-17,"4,052,790","1,719,616","459,083",0,"8,031,578","3,556,465",0,0,0,0,0,0,0,0,0,0,0,0,0,0,"36,664","26,998",0,0,0,0
2025-03-18,"2,726,404","1,415,496","170,571",0,"4,628,710","571,844",0,0,0,0,0,0,0,0,0,0,0,0,0,0,"149,645","36,997",0,0,0,0
2025-03-19,"4,944,794","2,134,627",0,0,"3,953,094","1,839,856",0,0,0,0,0,0,0,0,0,0,0,0,0,0,"52,186","52,117",0,0,0,0
2025-03-20,"827,125","343,926","441,216",0,"3,257,442","479,421",0,0,0,0,0,0,0,0,0,0,0,0,0,0,"177,679","77,861",0,0,0,0
2025-03-21,"1,328,771","869,602","2,394",0,"22,823,822","10,829,888",0,0,0,0,0,0,0,0,0,0,0,0,0,0,"658,302","290,048",0,0,0,0
2025-03-22,0,0,"532,153",0,"25,835,541","10,689,265",0,0,0,0,0,0,0,0,0,0,0,0,0,0,"892,521","182,776",0,0,0,0
2025-03-23,"91,080","28,207",0,0,"14,230,443","10,135,756",0,0,0,0,0,0,0,0,0,0,0,0,0,0,0,0,0,0,0,0
2025-03-24,0,0,0,0,"787,522","706,418",0,0,0,0,0,0,0,0,0,0,0,0,0,0,"1,084,847","357,957",0,0,0,0
2025-03-25,"2,997,095","31,826","853,434",0,"22,800","5,155",0,0,0,0,0,0,0,0,0,0,0,0,0,0,"262,857","194,664",0,0,0,0
2025-03-26,"793,864","160,235",0,0,"3,749,756","2,030,128","1,326,735",0,0,0,0,0,0,0,0,0,0,0,0,0,"195,953","67,957",0,0,0,0
2025-03-27,"4,370,142","2,887,793",0,0,"30,500","6,996",0,0,0,0,0,0,0,0,0,0,0,0,0,0,0,0,0,0,0,0
2025-03-28,"13,321,117","9,405,658","817,340","324,007",0,0,0,0,0,0,0,0,0,0,0,0,0,0,0,0,"34,959","3,270","22,040",0,0,0
2025-03-29,"23,991,153","9,019,465","3,779,117","2,597,306","1,746,697","1,116,947",0,0,0,0,0,0,0,0,0,0,0,0,0,0,"1,093,900","906,335","228,282","201,030",0,0
2025-03-30,"40,647,192","33,976,234","237,293",0,0,0,0,0,0,0,0,0,0,0,0,0,0,0,0,0,"91,108","47,716",0,0,0,0
2025-03-31,"35,207,480","24,690,546","1,542,610",0,"12,507,610","1,321,772",0,0,0,0,0,0,0,0,0,0,"711,755","699,997",0,0,"691,677","469,247",0,0,0,0
2025-04-01,"43,542,383","27,340,840","360,583",0,"302,531","91,881",0,0,0,0,0,0,0,0,0,0,0,0,0,0,"165,994","4,326",0,0,0,0
2025-04-02,"5,767,580","3,988,886","5,405",0,0,0,0,0,0,0,0,0,0,0,0,0,0,0,0,0,"22,582","11,995",0,0,0,0
2025-04-03,"1,140,432","1,112,236","102,876",0,"1,196,634","888,156",0,0,0,0,0,0,0,0,0,0,0,0,0,0,"668,011","322,776",0,0,0,0
2025-04-04,"1,848,420","1,816,521",0,0,"22,999,968","8,123,779",0,0,0,0,0,0,0,0,0,0,0,0,0,0,"153,185","146,862",0,0,0,0
2025-04-05,"38,372","12,185",0,0,"14,323,434","6,766,990",0,0,0,0,0,0,0,0,0,0,0,0,0,0,"39,716",0,0,0,0,0
2025-04-06,"1,829,989","1,207,508",0,0,"27,409,443","15,529,546",0,0,0,0,0,0,0,0,0,0,0,0,0,0,"127,211","9,220",0,0,0,0
2025-04-07,"3,668,283","2,130,663","13,382",0,"6,310,969","3,353,728",0,0,0,0,0,0,0,0,0,0,0,0,0,0,0,0,0,0,0,0
2025-04-08,"639,250","272,335","123,931",0,"4,301,354","1,774,228",0,0,0,0,0,0,0,0,0,0,0,0,0,0,0,0,0,0,0,0
2025-04-09,"8,539,966","5,758,865","205,963",0,0,0,0,0,0,0,0,0,0,0,0,0,0,0,0,0,"60,323",0,0,0,0,0
2025-04-10,"18,052,457","12,599,151",0,0,"226,667",0,0,0,0,0,0,0,0,0,0,0,0,0,0,0,"636,361",0,0,0,0,0
2025-04-11,"14,861,650","9,094,778","1,047,564",0,"1,017,197","752,726",0,0,0,0,0,0,0,0,0,0,0,0,0,0,"100,179","1,214",0,0,0,0
2025-04-12,"27,139,637","12,696,951","2,258,097",0,0,0,0,0,0,0,0,0,0,0,0,0,0,0,0,0,"138,567","64,451",0,0,0,0
2025-04-13,"37,546,894","21,939,800","5,234,017","4,387,010","1,686,898","1,279,977",0,0,0,0,0,0,0,0,0,0,0,0,0,0,"388,060","197,350",0,0,0,0
2025-04-14,"8,882,053","4,566,857",0,0,"7,035,794","3,591,394",0,0,0,0,0,0,0,0,0,0,0,0,0,0,"122,343","7,736",0,0,0,0
2025-04-15,"11,583,988","7,019,537",0,0,"2,007,281","1,767,046",0,0,0,0,0,0,0,0,0,0,0,0,0,0,"437,177",0,0,0,0,0
2025-04-16,"4,257,335","2,841,177","5,859",0,"11,600","2,627",0,0,0,0,0,0,0,0,0,0,0,0,0,0,"55,068",0,0,0,0,0
2025-04-17,"221,051","190,213","750,241",0,"3,826,942","3,800,014",0,0,0,0,0,0,0,0,0,0,0,0,0,0,"136,623",0,0,0,0,0
2025-04-18,0,0,"278,176",0,"19,864,845","8,010,957",0,0,0,0,0,0,0,0,0,0,0,0,0,0,"1,106,980","472,315",0,0,0,0
2025-04-19,"1,275,621","1,124,465","185,704",0,"20,424,787","7,068,672",0,0,0,0,0,0,0,0,0,0,0,0,0,0,"478,632","215,890",0,0,0,0
2025-04-20,"2,129,961","1,644,883",0,0,"23,836,902","18,583,715",0,0,0,0,0,0,0,0,0,0,0,0,0,0,"916,286","423,311",0,0,0,0
2025-04-21,"4,049,935","2,074,055","446,391",0,"1,033,345","579,446",0,0,0,0,0,0,0,0,0,0,0,0,0,0,"392,157","206,584",0,0,0,0
2025-04-22,"825,803",0,0,0,"2,298,282","745,745",0,0,0,0,0,0,0,0,0,0,0,0,0,0,"324,520","245,324",0,0,0,0
2025-04-23,"3,626,495","2,545,600","455,370",0,"6,632,473","2,777,762",0,0,0,0,0,0,0,0,0,0,0,0,0,0,"1,623,214","1,289,161",0,0,0,0
2025-04-24,"9,044,773","4,293,132","448,001",0,"2,175,471","834,157",0,0,0,0,0,0,0,0,0,0,0,0,0,0,"205,497",0,0,0,0,0
2025-04-25,"8,644,857","4,551,119","658,268",0,"1,088,321","554,363",0,0,0,0,0,0,0,0,0,0,0,0,0,0,"26,225",0,0,0,0,0
2025-04-26,"32,340,315","22,336,010","1,548,293",0,"762,221","244,091",0,0,0,0,0,0,0,0,0,0,0,0,0,0,"165,984","15,669",0,0,0,0
2025-04-27,"13,499,637","3,634,179","5,043,126",0,0,0,0,0,0,0,0,0,0,0,0,0,0,0,0,0,"838,882","404,000",0,0,0,0
2025-04-28,"4,571,847","1,563,549","564,402",0,"26,100",0,0,0,0,0,0,0,0,0,0,0,"7,479","2,472",0,0,"1,041,642","545,963",0,0,0,0
2025-04-29,"26,685,019","10,605,059",0,0,0,0,0,0,0,0,0,0,0,0,0,0,0,0,0,0,"240,323",0,0,0,0,0
2025-04-30,"1,304,298","145,242",0,0,"194,379","193,584",0,0,0,0,0,0,0,0,0,0,0,0,0,0,"2,154,391","858,503",0,0,0,0
2025-05-01,0,0,"193,779",0,0,0,0,0,0,0,0,0,0,0,0,0,0,0,0,0,"1,776,972","745,021",0,0,0,0
2025-05-02,"3,450,942","2,798,605","316,454",0,0,0,0,0,0,0,0,0,0,0,0,0,0,0,0,0,"867,821","661,512",0,0,0,0
2025-05-03,"6,713,015","4,698,184","193,500",0,"13,468,574","4,392,804",0,0,0,0,0,0,0,0,0,0,"44,176",0,0,0,"26,629","7,895",0,0,0,0
2025-05-04,0,0,"178,525",0,"5,809,634","2,392,305",0,0,0,0,0,0,0,0,0,0,0,0,0,0,"34,793",0,0,0,0,0
2025-05-05,"3,740,037","1,720,708",0,0,"14,400",0,0,0,0,0,0,0,0,0,0,0,0,0,0,0,0,0,0,0,0,0
2025-05-06,"2,043,299","1,244,639",0,0,0,0,0,0,0,0,0,0,0,0,0,0,0,0,0,0,"327,326","280,296",0,0,0,0
2025-05-07,"3,769,737","1,513,949","155,998",0,0,0,0,0,0,0,0,0,0,0,0,0,0,0,0,0,"2,483,915","903,337",0,0,0,0
2025-05-08,"6,579,052","2,933,542","1,823",0,0,0,0,0,0,0,0,0,0,0,0,0,0,0,0,0,"588,740","483,796",0,0,0,0
2025-05-09,"7,741,189","2,155,530","1,213,109",0,"114,929","111,481",0,0,0,0,0,0,0,0,0,0,0,0,0,0,"236,070","4,220",0,0,0,0
2025-05-10,"106,312,783","65,540,536","1,076,080",0,0,0,0,0,0,0,0,0,0,0,0,0,0,0,0,0,"637,433","248,671",0,0,0,0
2025-05-11,"9,793,063","7,181,107","1,840,331",0,"1,734,833","350,678",0,0,0,0,0,0,0,0,0,0,0,0,0,0,"2,050,151","1,590,322",0,0,0,0
2025-05-12,"19,727,499","5,882,802",0,0,0,0,0,0,0,0,0,0,0,0,0,0,0,0,0,0,"608,376","181,526",0,0,0,0
2025-05-13,"11,653,019","5,965,802","222,961",0,0,0,0,0,0,0,0,0,0,0,0,0,0,0,0,0,"2,058,081","1,271,025",0,0,0,0
2025-05-14,"2,655,105","599,766","203,116",0,0,0,0,0,0,0,0,0,0,0,0,0,0,0,0,0,"787,383","655,229",0,0,0,0
2025-05-15,"5,579,688","3,918,077","250,726",0,"3,639,301","775,546",0,0,0,0,0,0,0,0,0,0,0,0,0,0,"95,334",0,0,0,0,0
2025-05-16,0,0,"275,844",0,"6,732,099","2,246,337",0,0,0,0,0,0,0,0,0,0,0,0,0,0,"3,039,821","1,183,414",0,0,0,0
2025-05-17,"2,957,992","2,031,934","597,198",0,"6,274,649","2,513,382",0,0,0,0,0,0,0,0,0,0,0,0,0,0,"609,303","192,053",0,0,0,0
2025-05-18,"2,077,167","1,314,106","120,229",0,"287,766","5,838",0,0,0,0,0,0,0,0,0,0,0,0,0,0,"346,466","249,841",0,0,0,0
2025-05-19,"2,343,915","2,270,876","247,857",0,"312,537","581,049",0,0,0,0,0,0,0,0,0,0,0,0,0,0,"148,422","38,007",0,0,0,0
2025-05-20,"296,406","213,800","385,551",0,"683,108","595,630",0,0,0,0,0,0,0,0,0,0,0,0,0,0,"982,997","581,558",0,0,0,0
2025-05-21,"3,301,998","1,723,742","147,071",0,0,0,0,0,0,0,0,0,0,0,0,0,0,0,0,0,"133,273","22,969",0,0,0,0
2025-05-22,"2,751,476","1,990,356","352,245",0,"1,599,132","1,274,303",0,0,0,0,0,0,0,0,0,0,0,0,0,0,"350,215",0,0,0,0,0
2025-05-23,"13,733,904","8,670,888","332,467",0,"8,275,560","2,755,096",0,0,0,0,"72,847",0,0,0,0,0,0,0,0,0,"633,082","65,236",0,0,0,0
2025-05-24,"4,476,835","2,718,878","632,478",0,"16,024,698","7,544,755",0,0,0,0,0,0,0,0,0,0,0,0,0,0,"110,775",0,0,0,0,0
2025-05-25,"44,960,041","31,454,962","1,447,231",0,"2,258,804","1,111,491",0,0,0,0,0,0,0,0,0,0,0,0,0,0,"428,187","31,712",0,0,0,0
2025-05-26,"94,119,333","90,480,862",0,0,"16,030,799","3,643,305",0,0,0,0,0,0,0,0,0,0,0,0,0,0,"353,864",0,0,0,0,0
2025-05-27,"2,385,882","2,158,383","273,048",0,"2,139,040","2,100,802",0,0,0,0,0,0,0,0,0,0,0,0,0,0,"1,810,526","573,125",0,0,0,0
2025-05-28,"1,427,914","786,867","385,103",0,"1,996,876","700,451",0,0,0,0,0,0,0,0,0,0,0,0,0,0,"901,849","119,449",0,0,0,0
2025-05-29,0,0,0,0,"1,122,540","1,104,253",0,0,0,0,0,0,0,0,0,0,0,0,"66,008",0,"793,762","373,497",0,0,0,0
2025-05-30,"677,078","643,627",0,0,"11,449,999","3,728,940",0,0,0,0,0,0,0,0,0,0,0,0,0,0,"416,394","1,970,824",0,0,0,0
2025-05-31,0,0,0,0,"14,265,730","5,686,533",0,0,0,0,0,0,0,0,0,0,0,0,0,0,"81,321","12,620",0,0,0,0
2025-06-01,"1,969,011","1,289,133","132,190",0,"21,327,389","11,409,742",0,0,0,0,0,0,0,0,0,0,0,0,0,0,"259,012","8,305",0,0,0,0
2025-06-02,"12,069,794","8,640,441",0,0,"12,408,629","4,427,113",0,0,0,0,0,0,0,0,0,0,0,0,0,0,"575,351","18,217",0,0,0,0
2025-06-03,"5,030,445","3,133,058",0,0,"3,757,188","885,342",0,0,0,0,0,0,0,0,0,0,0,0,0,0,"25,203","6,254",0,0,0,0
2025-06-04,"2,769,760","1,184,405","382,300",0,0,0,0,0,0,0,0,0,0,0,0,0,0,0,0,0,"246,776","195,944",0,0,0,0
2025-06-05,"5,809,667","2,285,739","7,648",0,0,0,0,0,0,0,0,0,0,0,0,0,0,0,0,0,0,0,0,0,0,0
2025-06-06,"26,339,504","17,873,584","1,249,503",0,0,0,0,0,0,0,0,0,0,0,0,0,0,0,0,0,0,0,0,0,0,0
2025-06-07,"45,034,272","25,324,184","924,715",0,0,0,0,0,0,0,0,0,0,0,0,0,0,0,0,0,"198,381","8,462",0,0,0,0
2025-06-08,"26,419,751","12,270,801","1,336,956",0,0,0,0,0,0,0,0,0,0,0,0,0,"738,084","569,684",0,0,"172,858","167,672",0,0,0,0
2025-06-09,"7,512,151","1,102,201","568,135",0,0,0,0,0,0,0,0,0,0,0,0,0,0,0,0,0,"150,590","99,628",0,0,0,0
2025-06-10,"117,168,776","118,404,698","245,397",0,"18,100","5,187",0,0,0,0,0,0,0,0,0,0,0,0,0,0,"217,711","211,179",0,0,0,0
2025-06-11,"7,267,272","3,270,473","544,477","13,216","102,600","29,406",0,0,0,0,0,0,0,0,0,0,0,0,0,0,"106,371",0,0,0,0,0
2025-06-12,"8,347,329","5,132,512","186,063",0,0,0,0,0,0,0,0,0,0,0,0,0,0,0,0,0,"174,298","151,694",0,0,0,0
2025-06-13,"93,219","29,997","238,617",0,"20,010,167","3,612,360",0,0,0,0,0,0,0,0,0,0,0,0,0,0,"134,539","112,726",0,0,0,0
2025-06-14,"1,800,936","1,213,919","157,329",0,"6,143,518","2,492,275",0,0,0,0,0,0,0,0,0,0,0,0,0,0,0,0,0,0,0,0
2025-06-15,"2,370,634","1,429,182","217,356",0,"24,236,191","4,885,963","165,800",0,"5,668,519","5,350,601",0,0,0,0,0,0,0,0,0,0,"36,457",0,0,0,0,0
2025-06-16,"2,192,205","1,936,808","21,155",0,"3,871,702","1,004,746",0,0,"1,751,459","1,740,019",0,0,0,0,0,0,0,0,"424,993",0,0,0,0,0,0,0
2025-06-17,"2,939,248","2,006,398","158,237",0,"11,300","3,240",0,0,0,0,0,0,0,0,0,0,0,0,"310,867",0,0,0,0,0,0,0
2025-06-18,"3,503,088","2,289,101","137,623",0,"1,056,341","288,842",0,0,"17,680,912","17,084,851",0,0,0,0,0,0,0,0,"124,295",0,"96,803",0,0,0,0,0
2025-06-19,"9,782,649","3,605,250","861,676","614,429","6,298,673","1,720,834",0,0,"2,205,293","1,936,026","87,256",0,0,0,0,0,0,0,"188,531",0,0,0,0,0,0,0
2025-06-20,"10,359,074","6,700,363","858,882",0,"240,983","240,807",0,0,0,0,0,0,0,0,0,0,0,0,0,0,"22,996",0,0,0,0,0
2025-06-21,"103,775,340","57,336,251","1,826,628",0,"4,085,494","1,297,178",0,0,"7,683,161","7,599,146",0,0,0,0,0,0,0,0,"313,336",0,"146,524","10,835",0,0,0,0
2025-06-22,"114,337,918","64,825,494","944,008",0,"4,856,362","10,963",0,0,"3,291,982","3,242,511",0,0,0,0,0,0,0,0,"174,016",0,"105,488","29,522",0,0,0,0
2025-06-23,"14,990,564","8,422,611","567,662","14,135",0,0,0,0,"9,253,273","10,786,200","292,188","1,191",0,0,0,0,0,0,0,0,"165,399","25,800",0,0,0,0
2025-06-24,"27,865,792","22,958,404",0,0,"423,500",0,0,0,"25,243,895","26,107,073","1,207,692","391,243",0,0,0,0,0,0,"344,569",0,0,0,0,0,0,0
2025-06-25,"2,208,226","634,649","275,041",0,"9,700",0,0,0,"3,810,772","3,784,927","2,044,599","664,598",0,0,0,0,0,0,"215,206",0,"97,425","94,502",0,0,0,0
2025-06-26,"3,701,191","1,219,959",0,0,"5,396,847","2,408,499",0,0,"4,624,175","4,532,495","2,104,854","687,100",0,0,0,0,0,0,"143,257",0,"22,835",0,0,0,0,0
2025-06-27,"29,591,747","16,316,559","888,774",0,"18,262,972","5,795,532",0,0,"56,094,655","59,368,180","21,442,041","7,091,705",0,0,0,0,0,0,"466,222",0,"110,566",0,0,0,0,0
2025-06-28,"42,944,426","31,201,562","713,284",0,"3,828,346","1,273,977",0,0,"238,886","162,232",0,0,0,0,0,0,0,0,"4,545,955",0,"664,686","13,329",0,0,0,0
2025-06-29,"89,863,917","48,883,819","1,131,582",0,"46,868,709","15,016,698",0,0,"31,574,596","32,181,402","4,002,726","1,310,871",0,0,0,0,0,0,"3,979,437",0,"207,615",0,0,0,0,0
2025-06-30,"1,747,034","1,125,337","48,276","15,434","9,005,928","1,135,788","10,389",0,"18,220,429","18,189,697","2,382,171","778,923",0,0,0,0,0,0,"234,929",0,0,0,0,0,0,0
2025-07-01,"36,657,638","33,915,875",0,0,"28,725,270","5,368,944",0,0,"69,054","66,565","113,247","37,180",0,0,0,0,0,0,"749,176",0,"98,263","12,274",0,0,0,0
2025-07-02,"12,319,288","6,370,115","236,939",0,"3,163,632","1,004,479",0,0,"37,690,535","38,300,043","4,184,502","1,356,506",0,0,0,0,0,0,"112,727",0,"288,734","191,703",0,0,0,0
2025-07-03,"5,947,938","3,454,829","25,346",0,"11,362,601","4,790,244",0,0,"46,375,807","46,453,777","182,544","59,642",0,0,0,0,0,0,0,0,"441,046",0,0,0,0,0
2025-07-04,"4,330,979","3,750,329","332,254",0,"16,898,994","5,693,008",0,0,"385,396","337,269",0,0,0,0,0,0,0,0,"384,604",0,0,0,0,0,0,0
2025-07-05,0,0,0,0,"41,413,469","34,440,898",0,0,"706,642","429,239",0,0,0,0,0,0,0,0,"839,617",0,"229,143",0,0,0,0,0
2025-07-06,"2,165,533","1,314,531",0,0,"5,870,035","4,874,696",0,0,"29,180,752","29,662,449","3,046,110","1,001,506",0,0,0,0,0,0,0,0,0,0,0,0,0,0
2025-07-07,"5,241,906","3,511,207","205,244",0,"231,147","60,113",0,0,"1,210,180","1,171,469","171,834","55,894",0,0,0,0,0,0,0,0,0,0,0,0,0,0
2025-07-08,"3,420,976","1,425,406",0,0,"4,137,637","3,590,806",0,0,0,0,0,0,0,0,0,0,0,0,0,0,"158,486","89,524",0,0,0,0
2025-07-09,"2,530,748","1,081,299","20,982",0,"3,085,413","1,007,418",0,0,0,0,0,0,0,0,0,0,0,0,0,0,"20,903",0,0,0,0,0
2025-07-10,"6,133,024","4,332,894","155,236",0,0,0,0,0,"168,391","126,616",0,0,0,0,0,0,0,0,0,0,"257,480","19,127",0,0,0,0
2025-07-11,"17,755,692","9,456,317","863,195",0,"246,369","209,793",0,0,"1,448,292","1,387,012","7,011","2,248",0,0,0,0,0,0,0,0,"96,258","6,238",0,0,0,0
2025-07-12,"37,660,772","17,975,114","1,616,779",0,"221,024",0,0,0,"10,370,101","10,240,439",0,0,0,0,0,0,0,0,0,0,"199,755",0,0,0,0,0
2025-07-13,"263,185,041","193,833,985","3,179,593",0,0,0,0,0,0,0,"6,386",0,0,0,0,0,0,0,0,0,0,0,0,0,0,0
2025-07-14,"24,750,670","21,860,364",0,0,0,0,0,0,"3,950,861","3,517,702","456,204","149,349",0,0,0,0,0,0,0,0,0,0,0,0,0,0
2025-07-15,"48,947,407","21,234,011",0,0,0,0,"12,718","2,385","480,637","447,325",0,0,0,0,0,0,"107,431","106,304",0,0,0,0,"83,215","20,842",0,0
2025-07-16,"2,053,405","1,451,063","12,201",0,0,0,0,0,0,0,0,0,0,0,0,0,0,0,0,0,"774,936","219,968",0,0,0,0
2025-07-17,"9,883,737","5,333,012","313,623",0,0,0,0,0,0,0,0,0,0,0,0,0,0,0,0,0,"168,465",0,0,0,0,0
2025-07-18,"19,013,836","13,326,310","531,879",0,0,0,0,0,0,0,0,0,0,0,0,0,0,0,0,0,"35,102",0,0,0,0,0
2025-07-19,"46,192,098","32,746,381","1,751,926",0,"3,875,278","3,443,816",0,0,0,0,0,0,0,0,0,0,0,0,0,0,0,0,0,0,0,0
2025-07-20,"40,695,348","19,436,805","2,176,151",0,"21,587","6,515",0,0,0,0,0,0,0,0,0,0,0,0,0,0,0,0,0,0,0,0
2025-07-21,"8,278,591","4,502,020",0,0,0,0,0,0,0,0,0,0,0,0,0,0,0,0,0,0,0,0,0,0,0,0
2025-07-22,"20,598,631","17,637,269","94,977","30,578",0,0,0,0,0,0,0,0,0,0,0,0,0,0,0,0,"276,512","268,216",0,0,0,0
2025-07-23,"2,924,304","2,119,413","351,653",0,0,0,0,0,"2,590,373","2,499,445",0,0,0,0,0,0,0,0,0,0,0,0,0,0,0,0
2025-07-24,"3,181,556","2,095,067",0,0,"402,434","211,606",0,0,0,0,0,0,0,0,0,0,0,0,0,0,0,0,0,0,0,0
2025-07-25,"4,275,589","4,113,943","137,052",0,"4,118,716","1,326,300",0,0,"1,666,541","1,344,251",0,0,0,0,0,0,0,0,0,0,"813,332",0,0,0,0,0
2025-07-26,"2,182,190","1,665,763","365,542",0,"12,912,593","10,459,677",0,0,0,0,0,0,0,0,0,0,0,0,0,0,0,0,0,0,0,0
2025-07-27,"6,770,790","5,297,942","259,716",0,"12,222,490","10,226,428",0,0,0,0,0,0,0,0,0,0,0,0,0,0,0,0,0,0,0,0
2025-07-28,"440,946","10,579",0,0,"12,041,632","11,491,920","589,111","526,570",0,0,0,0,0,0,0,0,0,0,"63,619","61,710","74,450","25,084",0,0,0,0
2025-07-29,"213,876",0,0,0,"179,600","53,634",0,0,0,0,0,0,0,0,0,0,0,0,0,0,"52,460","37,537",0,0,0,0
2025-07-30,"9,984,600","9,074,869",0,0,0,0,0,0,0,0,0,0,0,0,0,0,"8,333","2,236","130,195","126,289","82,249",0,0,0,0,0
2025-07-31,"2,183,646","1,967,405",0,0,0,0,0,0,0,0,0,0,0,0,0,0,0,0,0,0,"48,861",0,0,0,0,0
2025-08-01,"1,482,838","1,373,750",0,0,"18,612,889","10,161,543",0,0,0,0,0,0,0,0,0,0,0,0,0,0,0,0,0,0,0,0
2025-08-02,0,0,0,0,"40,642,812","34,605,195",0,0,0,0,0,0,0,0,0,0,0,0,0,0,"35,451",0,0,0,0,0
2025-08-03,0,0,"514,029","498,608","98,917,714","90,336,974",0,0,0,0,0,0,0,0,0,0,0,0,0,0,"76,000",0,0,0,0,0
2025-08-04,"11,473,358","9,921,286",0,0,"29,988,186","25,377,549",0,0,0,0,0,0,0,0,0,0,0,0,0,0,"25,092","25,003",0,0,0,0
2025-08-05,"2,642,913","1,685,710","1,964,160",0,"23,752,821","11,905,075",0,0,"300,946",0,0,0,0,0,0,0,0,0,0,0,0,0,0,0,0,0
2025-08-06,"2,306,559","1,973,687",0,0,0,0,0,0,0,0,0,0,0,0,0,0,0,0,0,0,"124,251",0,0,0,0,0
2025-08-07,"8,365,082","6,876,729",0,0,"4,238,019","3,873,003",0,0,"7,068,265","7,024,559",0,0,0,0,0,0,0,0,0,0,"7,962",0,0,0,0,0
2025-08-08,"2,921,953","949,176",0,0,0,0,0,0,"210,055","206,803",0,0,0,0,0,0,0,0,0,0,0,0,0,0,0,0
2025-08-09,"3,044,189","2,317,649","1,175,537","1,140,270",0,0,0,0,0,0,0,0,0,0,0,0,0,0,0,0,0,0,0,0,0,0
2025-08-10,"2,044,026","1,451,752",0,0,"426,069",0,0,0,0,0,0,0,0,0,0,0,0,0,0,0,"31,080",0,0,0,0,0
2025-08-11,"1,249,662","1,222,467","54,558","49,990","267,956",0,"31,882","16,484","573,410","518,724",0,0,0,0,0,0,0,0,0,0,"21,359",0,0,0,0,0
2025-08-12,"8,835,478","3,436,541","4,998",0,0,0,0,0,0,0,0,0,0,0,0,0,0,0,0,0,"1,819,157",0,0,0,0,0
2025-08-13,"11,501,659","9,542,005","296,025",0,0,0,0,0,0,0,0,0,0,0,0,0,0,0,0,0,"278,528",0,0,0,0,0
2025-08-14,"11,003,407","9,437,349","1,393,432",0,"4,667,982","3,894,197",0,0,0,0,0,0,0,0,0,0,0,0,0,0,0,0,0,0,0,0
2025-08-15,"16,307,829","8,909,249","860,831",0,"12,234","3,933",0,0,0,0,0,0,0,0,0,0,0,0,0,0,"10,069",0,0,0,0,0
2025-08-16,"22,576,355","16,065,687","1,471,385",0,"12,138,839","10,627,453",0,0,0,0,0,0,0,0,0,0,0,0,0,0,"28,916",0,0,0,0,0
2025-08-17,"36,028,984","24,138,988","2,931,464","1,434,130","352,613","152,647",0,0,0,0,0,0,0,0,0,0,0,0,0,0,0,0,0,0,0,0
2025-08-18,"12,622,836","2,874,761",0,0,"534,253",0,0,0,0,0,0,0,0,0,0,0,0,0,0,0,"17,923",0,0,0,0,0
2025-08-19,"47,424,701","44,627,960","147,388",0,"2,489,541","2,414,854",0,0,0,0,0,0,0,0,0,0,0,0,0,0,"593,174",0,0,0,0,0
2025-08-20,"2,102,319","1,964,645","21,619",0,"292,962","83,917",0,0,0,0,0,0,0,0,0,0,0,0,0,0,"14,583",0,0,0,0,0
2025-08-21,"5,498,684","2,670,267","177,452",0,"34,300","10,143",0,0,0,0,0,0,0,0,0,0,0,0,0,0,"359,925","353,289",0,0,0,0
2025-08-22,"22,975,098","15,929,941","1,040,430",0,"1,902,228","2,898",0,0,0,0,0,0,0,0,0,0,0,0,0,0,"165,117",0,0,0,0,0
2025-08-23,"28,598,790","18,388,967","1,178,958",0,0,0,0,0,0,0,0,0,0,0,0,0,0,0,0,0,0,0,0,0,0,0
2025-08-24,"37,015,471","25,682,172","1,492,930",0,0,0,0,0,0,0,0,0,0,0,0,0,0,0,0,0,"45,255","6,538",0,0,0,0
2025-08-25,"5,810,308","826,285","662,937",0,"7,931,929","7,788,279",0,0,0,0,0,0,0,0,0,0,0,0,0,0,"66,345","7,988",0,0,0,0
2025-08-26,"28,883,124","27,890,240",0,0,"21,800","6,593",0,0,"2,544,353","2,511,280",0,0,0,0,0,0,0,0,0,0,0,0,0,0,0,0
2025-08-27,"7,901,455","6,230,486","339,800",0,"2,738,726","2,566,805","9,051","2,288","937,600","918,812",0,0,0,0,0,0,0,0,0,0,"224,722",0,0,0,0,0
2025-08-28,"2,824,641","2,404,819","63,703",0,"10,906,314","10,678,885",0,0,0,0,"279,019","95,570",341441,339776,0,0,0,0,0,0,0,0,0,0,0,0
2025-08-29,"10,711,751","10,204,690",0,0,"3,085,434","2,816,469",0,0,0,0,0,0,0,0,0,0,0,0,0,0,"37,445","12,382",0,0,0,0
2025-08-30,"1,141,547","1,074,024",0,0,"2,350,612","1,921,175",0,0,0,0,0,0,0,0,0,0,0,0,0,0,0,0,0,0,0,0
2025-08-31,"1,247,209","1,124,685",0,0,"20,024,942","13,594,457",0,0,0,0,0,0,0,0,0,0,0,0,0,0,0,0,0,0,0,0
2025-09-01,"2,292,984","1,984,368",0,0,"12,070,983","11,810,308",0,0,0,0,0,0,0,0,0,0,0,0,0,0,0,0,0,0,0,0
2025-09-02,"3,630,142","845,015",0,0,"2,801,708","898,081","56,567","9,215",0,0,0,0,0,0,0,0,0,0,0,0,"27,643",0,0,0,0,0
2025-09-03,"1,863,644","1,586,495","96,425",0,0,0,0,0,0,0,0,0,0,0,0,0,0,0,0,0,"913,658","179,037",0,0,0,0
2025-09-04,"6,191,946","5,393,606",0,0,0,0,0,0,0,0,0,0,0,0,0,0,0,0,0,0,"260,813","130,377",0,0,0,0
2025-09-05,"59,209,128","53,419,307","1,914,456","1,043,994","12,114,179","4,789,317","759,939","673,750",0,0,0,0,0,0,0,0,0,0,0,0,0,0,0,0,0,0
2025-09-06,"56,879,983","45,875,191","3,005,923",0,"2,436,587","813,166",0,0,0,0,"299,487","98,660",96871,95036,0,0,0,0,0,0,0,0,0,0,0,0
2025-09-07,"102,619,085","88,555,213","1,073,792",0,"26,839,289","25,801,094",0,0,0,0,700,212,0,0,0,0,0,0,0,0,"200,924","165,853",0,0,0,0
2025-09-08,"37,803,071","31,755,967",0,0,"436,561","285,675",0,0,"1,032,900","1,027,128",0,0,0,0,0,0,0,0,0,0,0,0,0,0,0,0
2025-09-09,"44,492,540","44,023,039",0,0,0,0,0,0,0,0,0,0,0,0,0,0,0,0,0,0,"440,262",0,0,0,0,0
2025-09-10,"9,278,721","3,756,416","164,699",0,0,0,0,0,0,0,0,0,0,0,0,0,0,0,0,0,"112,107",0,0,0,0,0
2025-09-11,"17,692,475","14,505,344","177,403",0,0,0,0,0,0,0,0,0,0,0,0,0,0,0,0,0,"308,043",0,0,0,0,0
2025-09-12,"12,131,883","7,687,766","604,135",0,0,0,0,0,0,0,0,0,0,0,0,0,0,0,0,0,"420,372","286,315",0,0,0,0
2025-09-13,"34,400,005","27,500,572","1,559,862","1,072,083",0,0,0,0,0,0,0,0,0,0,0,0,0,0,0,0,"330,825",0,0,0,0,0
2025-09-14,"90,609,887","45,456,060","1,042,547",0,0,0,0,0,0,0,0,0,0,0,0,0,0,0,0,0,0,0,0,0,0,0
2025-09-15,"16,600,312","8,126,465",0,0,"636,775","329,081",0,0,0,0,0,0,0,0,0,0,0,0,0,0,"69,386","69,143",0,0,0,0
2025-09-16,"37,069,125","31,113,114","317,780",0,0,0,0,0,0,0,0,0,4633,4536,0,0,0,0,0,0,"219,813","22,201",0,0,0,0
2025-09-17,"11,038,857","8,625,586","9,392",0,0,0,0,0,0,0,0,0,0,0,0,0,0,0,0,0,"29,689",0,0,0,0,0
2025-09-18,"10,224,359","9,494,889","391,731",0,0,0,0,0,0,0,0,0,0,0,0,0,0,0,0,0,"42,358","41,893",0,0,0,0
2025-09-19,"13,084,863","12,587,928",0,0,"24,090,346","15,233,760",0,0,"898,249","880,006",0,0,0,0,0,0,0,0,0,0,"367,825","300,154",0,0,0,0
2025-09-20,"2,999,209","2,547,340",0,0,"23,132,857","9,725,363",0,0,0,0,0,0,0,0,0,0,0,0,0,0,"114,188","82,672",0,0,0,0
2025-09-21,"2,483,934","1,816,213",0,0,"12,457,000","12,095,877",0,0,0,0,0,0,0,0,0,0,0,0,0,0,0,0,0,0,0,0
2025-09-22,"3,524,973","3,467,224",0,0,"57,223","17,820",0,0,0,0,0,0,0,0,0,0,0,0,0,0,0,0,0,0,0,0
2025-09-23,"18,044,644","10,162,867",0,0,0,0,0,0,0,0,"1,232",0,0,0,0,0,0,0,0,0,"532,445","237,521",0,0,0,0
2025-09-24,"4,267,399","3,112,102","77,855",0,0,0,0,0,0,0,"1,353",0,0,0,0,0,0,0,0,0,"121,653","48,809",0,0,0,0
2025-09-25,"13,860,408","7,419,910","1,115,624",0,"7,630,288",0,0,0,0,0,0,0,0,0,0,0,0,0,0,0,"17,643","4,642",0,0,0,0
2025-09-26,"10,519,047","4,152,489","1,013,455",0,0,0,0,0,0,0,0,0,0,0,0,0,0,0,0,0,"65,556","63,887",0,0,0,0
2025-09-27,"57,998,577","31,920,378","1,760,066",0,"5,552,061","5,385,498",0,0,0,0,"7,887","7,863",0,0,0,0,0,0,0,0,"83,697",0,0,0,0,0
2025-09-28,"247,330,616","152,955,023","5,195,608",0,"13,400","4,107","1,849,128","1,844,634",0,0,"5,006,898","1,679,872",0,0,0,0,0,0,0,0,"5,364",0,0,0,0,0
2025-09-29,"30,325,601","24,514,938",0,0,"687,445","445,412","11,274,977","10,887,560","1,969,802","1,948,042","5,535,796","1,822,462",0,0,0,0,0,0,0,0,0,0,0,0,0,0
2025-09-30,"38,893,353","30,652,675","1,257,542",0,0,0,"6,106,196","6,006,823",0,0,"5,276,145","1,746,883",0,0,0,0,0,0,0,0,"37,645",0,0,0,0,0
2025-10-01,"18,934,346","10,499,146","1,929,482",0,0,0,"2,284",184,0,0,0,0,0,0,0,0,0,0,0,0,"372,001","173,884",0,0,0,0
2025-10-02,"25,917,563","16,128,092",0,0,0,0,"13,726,825","10,262,967",0,0,"6,619,776","2,184,254",0,0,0,0,0,0,0,0,0,0,0,0,0,0
2025-10-03,"31,365,678","24,008,089","1,084,282",0,"22,830,798","7,197,334","3,079,613","2,510,870","15,860,519","16,069,649","3,188,157","1,129,156",0,0,0,0,0,0,0,0,"292,536","283,759",0,0,0,0
2025-10-04,"59,864,751","54,344,653","2,091,830",0,"21,390,289","16,689,858","13,762,943","11,797,726",0,0,"4,347,252","1,484,718",0,0,0,0,0,0,0,0,"44,613",0,0,0,0,0
2025-10-05,"35,209,961","31,003,174","1,274,504",0,"17,173,704","12,659,650","8,495,131","8,058,859",0,0,"6,139,286","2,128,708",0,0,0,0,0,0,0,0,"45,190",0,0,0,0,0
2025-10-06,"13,825,693","1,689,873","255,355",0,"20,178,412","17,756,464","16,578,132","13,566,403",0,0,"4,569,214","1,598,100",0,0,0,0,0,0,0,0,"473,401",0,0,0,0,0
2025-10-07,"82,772,775","46,710,078","173,175",0,"147,016","83,739",0,0,0,0,"2,080,128","686,209",0,0,0,0,0,0,"51,603","51,283",0,0,0,0,0,0
2025-10-08,"9,417,930","7,511,612","13,070",0,0,0,"498,759","207,504",0,0,0,0,0,0,0,0,0,0,0,0,"250,716","161,093",0,0,0,0
2025-10-09,"2,356,071","1,633,106",0,0,0,0,"14,468,711","13,878,794",0,0,"4,180,167","1,379,535",0,0,0,0,0,0,0,0,"485,907","334,228",0,0,0,0
2025-10-10,"6,395,314","1,688,777","506,552",0,"72,188",0,"9,561,870","8,206,488",0,0,"6,526,182","2,240,120",0,0,0,0,0,0,0,0,"1,716,948","1,313,471",0,0,0,0
2025-10-11,"1,528,483","1,136,942","110,585",0,"4,981,960","4,832,501",0,0,0,0,0,0,0,0,0,0,0,0,0,0,"21,655","21,289",0,0,0,0
2025-10-12,"2,898,535","1,738,888","122,388",0,0,0,"5,651,788","4,984,169",0,0,"8,186,623","2,707,347",0,0,0,0,0,0,0,0,"984,781","701,300",0,0,0,0
2025-10-13,"1,667,691","1,647,501",0,0,"5,809,980",0,"4,501,740","4,205,538","2,895,732","2,850,908","7,803,861","2,576,081",0,0,0,0,0,0,0,0,"71,081",0,0,0,0,0
2025-10-14,"5,428,759","2,279,805","569,926",0,"1,118,643","1,100,011",0,0,0,0,0,0,0,0,0,0,0,0,0,0,"80,434","40,189",0,0,0,0
2025-10-15,"1,697,082","1,612,188","22,259",0,"9,258,815","8,735,059",0,0,0,0,"109,468","57,090",0,0,0,0,0,0,0,0,"1,129,178","444,274",0,0,0,0
2025-10-16,"9,960,529","1,910,498","420,502",0,"4,264,979","3,871,398","1,416,976","1,209,352",0,0,"5,894,793","1,944,305",0,0,0,0,0,0,0,0,"93,232","79,806",0,0,0,0
2025-10-17,"496,846","90,926","961,422",0,"3,955,504","1,348,021","17,750","5,206",0,0,"148,198","73,128",1885,0,0,0,0,0,0,0,"1,356,006","634,502",0,0,0,0
2025-10-18,"396,221","252,063","1,111,334",0,"21,973,256","20,898,748","77,876","19,607",0,0,"5,398,796","1,946,837",3849286,1780374,0,0,0,0,0,0,"544,134","127,397",0,0,0,0
2025-10-19,"5,424,509","1,255,608","879,730",0,"36,221,310","32,770,316","5,389,393","5,150,711",0,0,"2,385,246","869,995",2274142,1845180,0,0,0,0,0,0,"1,011,502","683,178",0,0,0,0
2025-10-20,"4,659,770",0,0,0,"17,924,465","15,609,678","9,031,585","8,085,125",0,0,"14,527,577","4,853,858",4424389,4140206,0,0,0,0,0,0,"173,458","138,263",0,0,0,0
2025-10-21,"639,923","602,727","98,376",0,"5,128,422","4,895,486","3,044",244,0,0,"18,013,828","8,891,593",962610,736357,0,0,0,0,0,0,"201,622","30,626",0,0,0,0
2025-10-22,"7,799,999","2,926,157","103,493",0,"3,248,592","2,888,240","9,898",795,0,0,"2,712,115","1,219,411",1559223,1217427,0,0,0,0,0,0,0,0,0,0,0,0
2025-10-23,"4,306,885","2,053,229","1,168,950",0,"1,129,290","1,110,059","6,471",519,0,0,"1,038,708","439,293",9898609,7177669,0,0,0,0,0,0,"106,049",0,0,0,0,0
2025-10-24,"6,241,374","3,046,288","389,002",0,"14,840,120","10,141,970","11,771","2,708",0,0,"554,721","186,772",219234,182586,0,0,0,0,0,0,"1,782,041","636,906",0,0,0,0
2025-10-25,"23,654,131","12,852,425","775,425",0,"7,683,614","5,091,803","74,235","5,970","814,417","810,248","6,826,734","2,875,406",5004782,3932382,0,0,0,0,0,0,"42,169",0,0,0,0,0
2025-10-26,"16,742,434","13,467,512","305,974",0,"5,109,559","3,996,545","3,045",243,0,0,"841,683","336,250",5510608,5468251,0,0,0,0,0,0,"238,340","68,708",0,0,0,0
2025-10-27,"10,168,643","1,648,434",0,0,"12,834,519","4,003,746","33,110","7,387",0,0,"120,405","120,340",1491086,1479760,0,0,0,0,"79,830","78,582","205,229","166,670",0,0,0,0
2025-10-28,"25,014,943","23,928,431",0,0,"3,631,348","498,354","10,892","2,739",0,0,"3,097,589","2,105,974",1326275,1097648,0,0,0,0,0,0,"40,150","30,628",0,0,0,0
2025-10-29,"1,339,434","998,385","5,211",0,"9,141","8,866","8,628","3,550",0,0,"2,257,690","1,171,542",3982162,3961972,0,0,0,0,0,0,"5,291,070","5,199,995",0,0,0,0
2025-10-30,0,0,"809,828",0,"355,370","86,390","31,927",274,0,0,"1,218,229","414,930",364438,340057,0,0,0,0,0,0,"344,185","256,138",0,0,0,0
2025-10-31,"620,054","591,783","31,718",0,0,0,0,0,0,0,0,0,283523,279374,0,0,0,0,0,0,"907,266","630,763",0,0,0,0
2025-11-01,"6,889,856","6,283,642",0,0,"5,190,110",0,0,0,0,0,0,0,0,0,0,0,0,0,0,0,"211,339","135,466",0,0,0,0
2025-11-02,"3,557,511","2,466,778",0,0,"45,460",0,0,0,0,0,"943,611","312,366",579460,560068,0,0,0,0,0,0,"15,721","5,396",0,0,0,0
2025-11-03,"4,609,953","2,666,294",0,0,"63,400","19,416","9,287,837","8,736,375",0,0,"11,983,863","4,630,127",0,0,0,0,0,0,0,0,0,0,0,0,0,0
2025-11-04,"5,011,872","2,546,450",0,0,"7,828,567","7,477,909","2,254,805","2,160,353","1,573,933","1,555,180","9,066,594","3,302,217",981084,979675,0,0,0,0,0,0,"12,785","3,379",0,0,0,0
2025-11-05,"8,503,281","7,990,546","10,650",0,"16,763,241","16,310,726","35,730,827","34,948,135",0,0,"5,139,799","1,741,780",802566,801094,0,0,0,0,0,0,"798,006","195,190",0,0,0,0
2025-11-06,"535,731",0,"2,304,503",0,"25,540,712","16,475,011","4,677,875","4,210,206",0,0,"9,038,647","3,636,218",0,0,0,0,0,0,0,0,0,0,0,0,0,0
2025-11-07,"905,741","252,329","210,886",0,"16,120,919","12,879,843","4,463,559","4,212,966",0,0,"10,859,203","4,187,758",0,0,0,0,0,0,0,0,"324,721","89,199",0,0,0,0
2025-11-08,"1,035,975","529,126","604,161",0,"4,132,702","3,141,839","1,678,178","1,615,740",0,0,"5,530,373","2,044,792",0,0,0,0,0,0,0,0,0,0,0,0,0,0
2025-11-09,"4,689,931","3,844,027","415,108",0,"31,084,007","29,751,630","8,267,107","1,874,302",0,0,"10,856,515","4,830,048",2612993,2555772,0,0,0,0,"98,899","98,714","622,374","493,773",0,0,0,0
2025-11-10,"2,933,770","550,496",0,0,"4,895,325","4,263,469","2,953,490","2,815,814",0,0,"10,940,517","4,431,977",0,0,0,0,0,0,0,0,"532,812","271,845",0,0,0,0
2025-11-11,"2,310,926","1,744,225","289,920",0,"8,867,926","286,304","11,122,005","10,564,733",0,0,"6,663,000","2,202,532",0,0,0,0,0,0,0,0,"59,077","41,325",0,0,0,0
2025-11-12,"9,640,736","4,053,842","13,057",0,"4,500","1,399","10,569","2,258",0,0,0,0,0,0,0,0,0,0,0,0,"157,548","32,806",0,0,0,0
2025-11-13,"2,615,714","1,875,756","123,143",0,"5,125,317","4,971,557",0,0,0,0,"75,792","24,874",4582264,775464,0,0,0,0,0,0,"164,370","82,681",0,0,0,0
2025-11-14,"698,651","320,882","1,879,547","1,742,838","26,200","8,150","10,882,632","10,488,828",0,0,"10,167,335","4,209,924",0,0,0,0,0,0,0,0,"159,572","81,176",0,0,0,0
2025-11-15,"35,910,911","32,650,294","369,971",0,0,0,"3,239,840","4,671,525",0,0,"18,188,475","13,104,989",0,0,0,0,0,0,0,0,"602,652","474,199",0,0,0,0
2025-11-16,"21,526,628","11,031,060","847,072",0,0,0,"1,437,749","1,432,997",0,0,"33,896","33,778",0,0,0,0,0,0,0,0,"62,052","23,434",0,0,0,0
2025-11-17,"4,821,761","2,592,304",0,0,"4,540,951","4,363,064","630,663","620,483",0,0,"50,390","4,812",0,0,0,0,0,0,0,0,"11,341","3,170",0,0,0,0
2025-11-18,"8,452,463","2,679,104","4,846,496",0,0,0,0,0,0,0,"10,821,423","4,514,450",2205588,2205609,0,0,0,0,0,0,"676,827","114,071",0,0,0,0
2025-11-19,"25,249,551","24,590,360",0,0,"4,671,264","4,632,474","6,638,121","5,630,014",0,0,"141,451","41,420",0,0,0,0,0,0,0,0,0,0,0,0,0,0
2025-11-20,"1,430,873",0,0,0,"6,216,290","6,184,699","18,102,970","17,239,522",0,0,"41,905","41,841",0,0,0,0,0,0,0,0,"321,005","56,819",0,0,0,0
2025-11-21,"2,009,866","1,987,348",0,0,"6,406,736","6,781,850","9,537,124","9,401,268",0,0,"9,586,663","3,804,672",0,0,0,0,0,0,"178,687","175,410","141,949","137,690",0,0,0,0
2025-11-22,"571,572",0,0,0,"5,226,016","5,151,857","2,777,957","2,582,960",0,0,"25,664","23,032",0,0,0,0,0,0,"88,229","87,754","762,424","545,217",0,0,0,0
2025-11-23,"2,035,257","1,491,062","235,955",0,"7,596,804","5,648,113","1,717,463","1,650,087",0,0,"1,116,905","801,548",3442446,3398632,0,0,0,0,0,0,"193,447",0,0,0,0,0
2025-11-24,"2,003,092","1,496,673",0,0,"260,225","256,494","20,769,871","20,209,700",0,0,"6,635,766","2,400,477",1151420,1139395,0,0,0,0,"153,142","120,075","81,048","41,901",0,0,0,0
2025-11-25,"2,273,767","2,226,719","11,360",0,0,0,"8,623","2,189",0,0,"1,303,257","431,086",725149,718499,0,0,0,0,0,0,"133,465","123,745",0,0,0,0
2025-11-26,"1,647,575","1,293,699",0,0,"3,460,262","3,202,480","861,691","850,370",0,0,"2,490,926","1,070,616",623339,596608,0,0,0,0,0,0,"36,003","24,916",0,0,0,0
2025-11-27,"2,950,121","2,278,822","264,714",0,"3,560,621","3,539,113","11,239,004","10,688,475",0,0,"7,158,530","2,458,689",0,0,0,0,0,0,0,0,"28,947","18,686",0,0,0,0
2025-11-28,"17,592,705","15,607,359",0,0,0,0,"7,121","1,987",0,0,"808,290","281,792",459383,453173,0,0,0,0,0,0,"12,092","4,177",0,0,0,0
2025-11-29,"3,574,139","3,381,758",0,0,0,0,0,0,0,0,"1,162,236","433,132",86648,81533,0,0,0,0,0,0,"635,803","536,160",0,0,0,0
2025-11-30,"1,783,904",0,0,0,0,0,0,0,0,0,0,0,0,0,0,0,0,0,0,0,"195,944","150,464",0,0,0,0
2025-12-01,"4,105,731","3,671,116",0,0,0,0,0,0,0,0,"2,137,168","707,361",0,0,0,0,0,0,0,0,"418,900","328,382",0,0,0,0
2025-12-02,"1,273,120",0,0,0,0,0,"1,167",414,0,0,"1,771,051","596,537",2417979,2362788,0,0,0,0,0,0,0,0,0,0,0,0
2025-12-03,"11,874,104","11,212,215",0,0,0,0,0,0,0,0,0,0,0,0,0,0,0,0,0,0,"23,618","3,700",0,0,0,0
2025-12-04,"8,673,057","7,135,505",0,0,"10,401,235","5,050,539",0,0,0,0,0,0,0,0,0,0,0,0,0,0,0,0,0,0,0,0
2025-12-05,"2,402,852","2,375,428",0,0,"38,285,397","28,415,761","1,046,025",0,0,0,"1,586,346","525,021",0,0,0,0,0,0,0,0,"40,941","23,936",0,0,0,0
2025-12-06,"4,991,793","4,020,522",0,0,"37,145,175","35,374,683","13,879,637",0,0,0,"4,228,041","1,390,053",0,0,0,0,0,0,0,0,"21,844",0,0,0,0,0
2025-12-07,0,0,0,0,"32,166,510","30,295,185",0,0,0,0,"1,997,201","711,288",431179,423599,0,0,0,0,0,0,"1,110,455","933,448",0,0,0,0
2025-12-08,"12,528,621","10,899,436",0,0,"5,696,788","4,835,244","1,309",410,0,0,"993,612","329,204",159767,154568,0,0,"1,194,993","1,187,548",0,0,"2,154",664,0,0,0,0
2025-12-09,"23,801,644","16,184,130",0,0,"632,425","215,678",0,0,0,0,"108,571",0,0,0,0,0,"2,046,689","2,023,622",0,0,"114,988","50,409",0,0,0,0
2025-12-10,"12,890,691","10,883,924",0,0,"10,416,392","7,711,905",0,0,0,0,0,0,0,0,0,0,"638,488","629,372",0,0,"265,311","163,154",0,0,0,0
2025-12-11,0,0,0,0,"8,380,330","8,022,927",0,0,0,0,0,0,0,0,0,0,"4,252,943","3,976,231",0,0,"33,038","8,793",0,0,0,0
2025-12-12,"3,190,732","1,153,441",0,0,"22,500","7,035",0,0,0,0,0,0,0,0,0,0,"29,487,765","29,246,835",0,0,"432,503","312,779",0,0,0,0
2025-12-13,"3,616,108","3,084,544",0,0,0,0,0,0,0,0,0,0,0,0,"73,477","72,651","1,798,130","1,739,091",0,0,0,0,0,0,0,0
2025-12-14,"13,246,534","10,370,060",0,0,"12,300","3,981",0,0,0,0,0,0,0,0,"225,208","223,246","7,248","16,234",0,0,"307,687","182,743","220,313","209,153",0,0
2025-12-15,"18,577,497","18,543,919",0,0,"21,646,365","5,441,865",0,0,0,0,0,0,0,0,"15,382","15,370","123,237","40,148",0,0,"998,186","650,136",0,0,0,0
2025-12-16,"3,393,087",0,"660,045",0,"55,200",0,0,0,0,0,"4,258,272","1,390,295",0,0,"997,966","986,809","376,562","118,786",0,0,"30,139",0,0,0,0,0
2025-12-17,"4,990,357","4,267,937",0,0,0,0,0,0,0,0,0,0,0,0,"340,168","338,999","235,056","208,928",0,0,"57,452","4,259",0,0,0,0
2025-12-18,"7,788,019","5,361,911","620,255",0,0,0,0,0,0,0,0,0,0,0,"1,628,029","1,605,430","109,711","45,509",0,0,"648,356","31,475",0,0,0,0
2025-12-19,"2,504,907","1,279,840","374,857",0,"12,090,775","11,394,787",0,0,0,0,0,0,0,0,0,0,"73,703","55,728",0,0,"49,553","2,563",0,0,0,0
2025-12-20,"2,076,069",0,"324,032",0,"43,100","13,475",0,0,0,0,"576,721",0,0,0,0,0,0,0,0,0,"44,885","10,085",0,0,0,0
2025-12-21,"12,045,973","11,283,260","655,420",0,"1,358,932","345,580",0,0,0,0,0,0,0,0,0,0,0,0,0,0,"10,389","3,462",0,0,0,0
2025-12-22,"1,497,851",0,"197,892","196,650","38,000","11,881",0,0,"3,999,037","3,981,905",0,0,0,0,0,0,0,0,0,0,"120,282","81,670",0,0,0,0
2025-12-23,"6,236,155","6,036,555",0,0,0,0,0,0,0,0,0,0,0,0,0,0,0,0,0,0,"68,644",0,0,0,0,0
2025-12-24,0,0,0,0,0,0,0,0,0,0,0,0,0,0,0,0,0,0,0,0,"182,865","147,429",0,0,0,0
2025-12-25,0,0,0,0,0,0,0,0,0,0,0,0,0,0,0,0,0,0,0,0,0,0,0,0,0,0
2025-12-26,"2,674,934","2,636,077",0,0,"6,355,826",0,0,0,0,0,0,0,0,0,0,0,0,0,"258,614","257,280",0,0,0,0,0,0
2025-12-27,"2,153,216","1,687,381","122,174",0,0,0,0,0,0,0,0,0,0,0,0,0,0,0,0,0,0,0,0,0,0,0
2025-12-28,"2,071,074",0,0,0,0,0,0,0,0,0,0,0,0,0,0,0,0,0,0,0,"228,465","140,159",0,0,0,0
2025-12-29,"1,315,038","1,289,601","466,388",0,0,0,0,0,0,0,0,0,0,0,0,0,0,0,0,0,"100,190","94,032",0,0,0,0
2025-12-30,"4,743,217","1,374,513",0,0,0,0,0,0,0,0,0,0,0,0,0,0,0,0,0,0,"843,254","463,497",0,0,0,0
2025-12-31,"1,216,220","1,190,684",0,0,"5,795,249","5,698,579",0,0,0,0,0,0,1378265,1368410,0,0,0,0,"113,177","111,113","124,283","61,982",0,0,0,0
2026-01-01,0,0,"173,894",0,0,0,0,0,0,0,0,0,0,0,0,0,0,0,0,0,"234,985","89,395",0,0,0,0
2026-01-02,"8,769,795","4,976,138",0,0,0,0,0,0,0,0,0,0,0,0,0,0,0,0,0,0,"47,862","26,698","3,144,955","2,932,977",0,0
2026-01-03,"1,193,598","1,158,481","365,426",0,0,0,0,0,0,0,0,0,0,0,0,0,0,0,0,0,"6,736",0,0,0,0,0
2026-01-04,0,0,0,0,0,0,0,0,"279,802","276,569",0,0,0,0,0,0,0,0,0,0,"300,224","228,671",0,0,0,0
2026-01-05,"2,337,231","1,836,866",0,0,0,0,0,0,0,0,0,0,0,0,0,0,0,0,0,0,"699,294","136,963",0,0,0,0
2026-01-06,0,0,0,0,0,0,0,0,"26,561","26,313",0,0,0,0,0,0,0,0,0,0,0,0,0,0,0,0
2026-01-07,"405,675",0,"128,805",0,"6,569,183","6,554,306",0,0,0,0,"37,642",0,0,0,0,0,0,0,"201,577","200,220","701,724","345,218",0,0,0,0
2026-01-08,"3,033,215","1,205,928",0,0,"2,822,319","1,232,346",0,0,0,0,0,0,0,0,0,0,0,0,0,0,"171,926","147,879",0,0,0,0
2026-01-09,"3,119,936",0,"1,662,921",0,"418,616","418,509",0,0,0,0,0,0,0,0,0,0,0,0,0,0,"218,964","146,621",0,0,0,0
2026-01-10,0,0,0,0,"580,807","573,106",0,0,0,0,0,0,0,0,0,0,0,0,0,0,"12,190","3,013",0,0,0,0
2026-01-11,"2,113,503","1,808,941","165,682",0,368,356,0,0,0,0,0,0,0,0,0,0,0,0,0,0,"346,279","298,014",0,0,0,0
2026-01-12,"129,854",0,0,0,0,0,0,0,0,0,0,0,0,0,0,0,"125,377","123,910",0,0,"24,543","6,652",0,0,0,0
2026-01-13,"2,147,832","11,775","572,822",0,0,0,0,0,0,0,0,0,0,0,0,0,0,0,0,0,"99,565","20,744","42,630","13,724",0,0
2026-01-14,0,0,0,0,0,0,0,0,0,0,0,0,0,0,0,0,0,0,0,0,"104,527","10,007",0,0,0,0
2026-01-15,"6,979,554","4,308,227","226,233",0,0,0,0,0,0,0,0,0,0,0,0,0,0,0,0,0,0,0,0,0,0,0
2026-01-16,"314,797",0,"179,518",0,0,0,0,0,0,0,0,0,0,0,0,0,0,0,0,0,0,0,0,0,0,0
2026-01-17,"1,622,182","1,217,211",0,0,0,0,0,0,0,0,"122,346","40,398",0,0,0,0,0,0,0,0,"515,859","368,618",0,0,0,0
2026-01-18,"1,001,841","985,194",0,0,0,0,0,0,0,0,0,0,0,0,0,0,0,0,0,0,"881,360","179,189",0,0,0,0
2026-01-19,"8,760,036","375,090","5,165,711","2,745,850","132,882","42,778",0,0,0,0,0,0,0,0,0,0,0,0,0,0,"447,913","240,850",0,0,0,0
2026-01-20,"1,269,807",0,0,0,0,0,0,0,0,0,0,0,0,0,0,0,0,0,0,0,"800,461","729,173",0,0,0,0
2026-01-21,0,0,0,0,0,0,0,0,0,0,0,0,0,0,0,0,0,0,0,0,"163,170","129,819",0,0,0,0
2026-01-22,0,0,"78,901",0,0,0,0,0,0,0,0,0,0,0,0,0,0,0,0,0,0,0,0,0,0,0
2026-01-23,"2,749,259","2,100,547","697,723",0,0,0,0,0,0,0,0,0,0,0,0,0,0,0,0,0,"199,080","147,442",0,0,0,0
2026-01-24,"1,980,222","1,567,288",0,0,0,0,"449,717","407,154",0,0,0,0,0,0,0,0,0,0,0,0,0,0,0,0,0,0
2026-01-25,0,0,0,0,0,0,0,0,0,0,"786,576","260,620",0,0,0,0,0,0,0,0,"955,210","294,375",0,0,0,0
2026-01-26,"53,253","21,670","272,108",0,"218,416","57,120",0,0,0,0,0,0,0,0,0,0,0,0,0,0,"1,251",376,0,0,0,0
2026-01-27,"1,219,101","910,278",0,0,0,0,0,0,0,0,0,0,0,0,0,0,0,0,0,0,"144,977","140,240",0,0,0,0
2026-01-28,"448,809","103,714",0,0,0,0,0,0,"1,325,584","1,281,851","1,427,706","471,900",0,0,0,0,0,0,0,0,0,0,0,0,0,0
2026-01-29,"7,545,300",0,"459,487",0,0,0,"16,103","5,458","308,104","298,470",0,0,0,0,0,0,0,0,"118,952","118,449","141,572","73,289",0,0,0,0
2026-01-30,"11,444,456","3,658,429","7,904",0,0,0,0,0,"125,004","98,628",0,0,0,0,0,0,0,0,0,0,"700,981","573,663",0,0,0,0
2026-01-31,"1,256,012",0,"39,639",0,"8,448,703",0,0,0,0,0,0,0,0,0,0,0,0,0,0,0,"265,378","185,091",0,0,0,0
2026-02-01,0,0,0,0,"21,000",0,0,0,"361,766","339,459","907,641","301,868",0,0,0,0,0,0,0,0,"335,012","300,410",0,0,0,0
2026-02-02,"4,185,202","1,860,933","1,700,495",0,"2,733,043",0,"6,724","2,455","3,824,001","3,752,111","1,286,366","512,170",0,0,0,0,0,0,"70,972","70,653","409,564","305,634","44,683","12,615",0,0
2026-02-03,"17,019,688","11,547,311","4,152,761","1,516,673",0,0,0,0,0,0,0,0,0,0,0,0,0,0,0,0,"134,490","130,455",0,0,0,0
2026-02-04,"5,621,744","589,248","1,529,198",0,0,0,0,0,0,0,0,0,0,0,0,0,0,0,0,0,"1,089,770","969,515",0,0,0,0
2026-02-05,"17,252,735","10,904,971","1,429,425",0,"4,982,062","4,832,600",0,0,0,0,0,0,0,0,0,0,0,0,0,0,"131,549","119,984",0,0,0,0
2026-02-06,"4,761,042","2,920,368","1,863,753",0,0,0,0,0,0,0,0,0,0,0,0,0,0,0,0,0,"746,855","604,096",0,0,0,0
2026-02-07,"34,344,321","23,902,531","1,015,209","938,596",0,0,0,0,0,0,0,0,0,0,0,0,0,0,0,0,0,0,0,0,0,0
2026-02-08,"4,187,003","3,859,759","755,784","713,894",0,0,0,0,0,0,0,0,0,0,0,0,0,0,0,0,"214,433","166,130",0,0,0,0
2026-02-09,"3,851,532","1,028,538",0,0,0,0,0,0,0,0,0,0,0,0,0,0,0,0,0,0,0,0,0,0,0,0
2026-02-10,0,0,"218,930","202,563",0,0,0,0,0,0,0,0,0,0,0,0,0,0,0,0,0,0,0,0,0,0
2026-02-11,"4,932,739","4,017,510","218,017","207,048","32,339,798","29,915,604",0,0,0,0,0,0,0,0,0,0,0,0,0,0,0,0,0,0,0,0
2026-02-12,"2,635,196","2,367,676","100,534","95,359","21,915,627","20,189,343",0,0,0,0,0,0,0,0,0,0,0,0,0,0,0,0,0,0,0,0
2026-02-13,0,0,0,0,"13,936,420","13,575,946",0,0,0,0,0,0,0,0,0,0,0,0,0,0,0,0,0,0,0,0
2026-02-14,"1,811,930","1,148,979",0,0,"10,100","3,238",0,0,"42,728","41,952",0,0,0,0,0,0,0,0,0,0,0,0,0,0,0,0
2026-02-15,"599,950","593,514",0,0,0,0,0,0,0,0,0,0,0,0,0,0,0,0,0,0,0,0,0,0,0,0
2026-02-16,0,0,"235,668",0,"3,936,463","3,600,554",0,0,0,0,0,0,0,0,0,0,0,0,0,0,"388,445",0,0,0,0,0
2026-02-17,"8,246,103","4,542,182","274,363",0,"11,349,614","8,991,911",0,0,0,0,0,0,0,0,0,0,0,0,0,0,"263,951","49,065",0,0,0,0
2026-02-18,"2,699,917","2,398,351","575,029",0,"9,601,096","9,158,549",0,0,"3,045,121","3,038,435",0,0,0,0,0,0,0,0,0,0,0,0,0,0,0,0
2026-02-19,"2,257,528","1,761,402",0,0,"9,601,698","8,889,215",0,0,0,0,0,0,0,0,0,0,0,0,0,0,0,0,0,0,0,0
2026-02-20,"3,684,685","2,133,914","204,938",0,"24,008,269","22,406,612",0,0,0,0,0,0,0,0,0,0,"2,828",923,0,0,"28,010","10,655",0,0,0,0
2026-02-21,"20,648,298","14,502,695","499,094","193,513","3,202,838","1,670,117",0,0,0,0,0,0,0,0,0,0,0,0,0,0,"15,971",0,0,0,0,0
2026-02-22,"17,144,612","7,800,833","585,626","563,485",0,0,0,0,0,0,0,0,0,0,0,0,0,0,0,0,0,0,0,0,0,0
2026-02-23,"9,961,709","8,860,540",0,0,0,0,0,0,0,0,0,0,0,0,0,0,"9,621","3,108",0,0,"41,139","27,199",0,0,0,0
2026-02-24,"5,189,420","4,374,484",0,0,0,0,0,0,0,0,0,0,0,0,0,0,0,0,0,0,0,0,0,0,0,0
2026-02-25,"3,031,105","2,262,919",0,0,0,0,"251,338","210,803","3,599,222","3,403,220",0,0,0,0,0,0,0,0,0,0,"130,357","70,620",0,0,0,0
2026-02-26,"13,089,793","9,024,620","359,956","342,851","961,707",0,0,0,0,0,0,0,0,0,0,0,"428,151","415,292","191,358","191,183","193,163","170,787","327,354","308,932",0,0
2026-02-27,"43,654,826","37,692,795","547,070","529,606",0,0,0,0,0,0,"67,443","21,601",0,0,0,0,0,0,0,0,"223,877","163,140",0,0,0,0
2026-02-28,"45,131,659","32,918,782","1,000,423","832,094",0,0,0,0,0,0,0,0,0,0,0,0,0,0,0,0,0,0,0,0,0,0
2026-03-01,"38,910,176","31,319,017","1,275,145","1,233,268","6,533,675",0,0,0,0,0,0,0,0,0,0,0,0,0,0,0,"529,036","359,985","1,206,703","1,194,947",0,0
2026-03-02,"28,944,386","24,746,167","849,551",0,"261,410","82,225",0,0,0,0,0,0,0,0,"99,885","98,962",0,0,0,0,"105,407","92,706",0,0,0,0
2026-03-03,"13,385,812","10,985,548","2,859","2,773",0,0,0,0,0,0,0,0,0,0,0,0,"406,250","397,595",0,0,"62,685","8,646",0,0,0,0
2026-03-04,"1,153,048","1,028,448",0,0,"2,204,157","2,188,897",0,0,0,0,0,0,0,0,0,0,0,0,0,0,"37,997",0,0,0,0,0
2026-03-05,"7,222,405","3,902,872",0,0,"151,054","139,051",0,0,0,0,0,0,0,0,0,0,0,0,0,0,"478,011","205,503",0,0,0,0
2026-03-06,"6,104,355","5,659,049","149,464","144,960","26,045,170","10,368,623",0,0,0,0,0,0,0,0,0,0,0,0,0,0,0,0,0,0,0,0
2026-03-07,"1,745,907",0,0,0,"57,762,690","33,913,807",0,0,0,0,0,0,0,0,0,0,"436,026","396,568",0,0,"524,125","34,488",0,0,0,0
2026-03-08,0,0,0,0,"57,926,415","32,326,720",0,0,0,0,0,0,0,0,0,0,0,0,0,0,"83,284","57,827",0,0,0,0
2026-03-09,"1,801,946","1,418,531",0,0,"25,655,579","17,757,819",0,0,0,0,0,0,0,0,0,0,0,0,0,0,0,0,0,0,0,0
2026-03-10,"598,670","483,774",0,0,"33,206,808","12,224,923",0,0,0,0,0,0,0,0,0,0,0,0,0,0,"167,419","88,486",0,0,0,0
2026-03-11,"323,667","14,657",0,0,"8,540,795","8,262,090",0,0,0,0,0,0,0,0,0,0,0,0,0,0,"299,174","175,746",0,0,0,0
2026-03-12,0,0,"159,298",0,"1,344,593","1,322,222",0,0,0,0,0,0,0,0,0,0,0,0,0,0,"28,970","5,355",0,0,0,0
2026-03-13,0,0,"83,686",0,"5,275,302","1,716,241",0,0,0,0,0,0,0,0,0,0,0,0,0,0,"327,711","5,865",0,0,0,0
2026-03-14,0,0,0,0,"23,451,630","9,446,314",0,0,0,0,0,0,0,0,0,0,"2,114,978","2,080,420",0,0,0,0,0,0,0,0
2026-03-15,"1,227,381","838,949",0,0,"44,239,641","23,731,841",0,0,0,0,0,0,0,0,0,0,0,0,0,0,"583,956","84,168",0,0,0,0
2026-03-16,0,0,0,0,"178,983","49,647",0,0,0,0,0,0,0,0,0,0,0,0,0,0,"100,900","97,873",0,0,0,0
2026-03-17,"3,047,171","2,464,773","4,019",0,"3,251,937","2,861,324",0,0,0,0,0,0,0,0,0,0,0,0,0,0,"126,226","74,205",0,0,0,0
2026-03-18,"3,320,267","827,100","245,786","228,187","4,061,825","3,899,280",0,0,0,0,0,0,0,0,0,0,0,0,0,0,"60,079","7,831",0,0,0,0
2026-03-19,"8,410,440","7,367,705",3,0,"188,322","182,672",0,0,0,0,0,0,0,0,0,0,0,0,0,0,"327,243","242,754",0,0,0,0
2026-03-20,"29,854,938","25,784,667","207,283","195,100",219,212,0,0,0,0,0,0,0,0,0,0,0,0,"429,765","416,853","49,269","5,451",0,0,0,0
2026-03-21,"43,506,204","34,311,368","2,250,117","1,085,538",0,0,0,0,0,0,0,0,0,0,0,0,0,0,0,0,"450,070","240,299",0,0,0,0
2026-03-22,"32,117,674","28,465,478","1,033,963","989,432",0,0,0,0,0,0,0,0,0,0,0,0,0,0,0,0,"88,341","26,362",0,0,0,0
2026-03-23,"5,109,542","2,726,424",0,0,"8,832,347","39,609",0,0,0,0,"1,229,376","405,887",0,0,0,0,0,0,0,0,"311,996","285,036",0,0,0,0
2026-03-24,"2,141,376","1,655,306","303,095","287,263","1,946,410",0,0,0,0,0,"1,371,224","143,404",0,0,0,0,0,0,0,0,"43,831","13,866",0,0,0,0
2026-03-25,"10,727,478","5,785,739","19,280","8,960","16,793,572","16,486,058",0,0,0,0,"134,152","43,258",0,0,0,0,0,0,0,0,"58,763","4,000","65,537","41,296",0,0
2026-03-26,"5,891,122","4,242,521","238,133","221,180","40,527","6,711",0,0,0,0,0,0,0,0,0,0,0,0,0,0,"17,627","5,919",0,0,0,0
2026-03-27,"19,259,495","15,251,960","856,376","695,519","9,991,997","2,704,723","6,245,072","6,107,959",0,0,"4,963,563","1,635,810",0,0,0,0,0,0,0,0,"9,321",0,0,0,0,0
2026-03-28,"58,130,925","48,399,428","2,300,433","1,996,577","28,597,394","13,582,411",0,0,0,0,0,0,0,0,0,0,0,0,0,0,"130,717","37,584",0,0,0,0
2026-03-29,"67,952,545","58,114,320","189,980","36,707","15,346,939","14,460,023",0,0,0,0,0,0,0,0,0,0,0,0,0,0,"489,860","327,863",0,0,0,0
2026-03-30,"35,506,899","30,891,446","899,707","678,149","10,416","3,267",0,0,0,0,0,0,0,0,0,0,0,0,0,0,"256,459","156,612","1,059,376","977,954",0,0
2026-03-31,"3,895,759","1,589,921",0,0,"9,270,552","8,858,923",0,0,0,0,0,0,0,0,0,0,0,0,0,0,"137,614","135,716",0,0,0,0
2026-04-01,"26,800,072","26,184,468","6,873",0,"8,709","2,724",0,0,0,0,"6,622,440","2,184,094",0,0,0,0,"403,048","399,182",0,0,"509,177","12,570",0,0,0,0
2026-04-02,"3,550,501","153,084",0,0,0,0,"3,791,794","3,748,652",0,0,0,0,0,0,0,0,0,0,0,0,"310,851","5,363",0,0,0,0
2026-04-03,0,0,0,0,0,0,"820,050",0,0,0,0,0,0,0,0,0,0,0,0,0,"94,741","26,944","431,191","452,989","10,184,955","10,066,518"
2026-04-04,0,0,"246,640",0,0,0,0,0,0,0,0,0,0,0,0,0,0,0,0,0,0,0,0,0,"1,831,678","1,086,867"
2026-04-05,0,0,0,0,0,0,0,0,0,0,0,0,0,0,0,0,0,0,0,0,"987,145","768,353",0,0,0,0
2026-04-06,"80,760","79,291","577,752","555,201",0,0,0,0,0,0,0,0,0,0,0,0,0,0,0,0,"72,772","60,827",0,0,0,0
2026-04-07,0,0,0,0,0,0,0,0,0,0,"1,132,233","376,097",0,0,0,0,0,0,0,0,"56,058","11,108",0,0,0,0
2026-04-08,"1,521,059","1,192,288",0,0,"8,814,261","8,505,203","2,296,264","2,258,241",0,0,"222,747","73,196",0,0,0,0,0,0,0,0,"582,348","317,217",0,0,0,0
2026-04-09,"360,504","90,497","383,850","381,707","11,610","3,636",0,0,"31,602","31,433","63,819","21,007",0,0,0,0,0,0,0,0,"133,844",0,0,0,0,0
2026-04-10,"6,110,421","5,777,590","51,984","6,666",0,0,0,0,"2,221,317","2,190,829","163,566","53,909",0,0,0,0,0,0,0,0,"829,458","147,454",0,0,0,0
2026-04-11,0,0,"105,302","100,698","2,515,697","2,512,299",0,0,0,0,0,0,0,0,0,0,0,0,"71,918","70,998","29,298","8,695",0,0,0,0
2026-04-12,0,0,"29,168",0,"9,720","3,037",0,0,0,0,0,0,0,0,0,0,0,0,0,0,"672,576","182,442",0,0,0,0
2026-04-13,"1,118,728","988,387","740,720","728,062",0,0,0,0,0,0,0,0,0,0,0,0,0,0,0,0,"133,675","120,907",0,0,0,0
2026-04-14,"369,596","76,055","503,972","486,579","1,118,251",0,0,0,0,0,0,0,0,0,0,0,0,0,0,0,"106,115","8,845",0,0,0,0
2026-04-15,"1,078,761","655,184",0,0,"8,916","2,782",0,0,0,0,0,0,0,0,0,0,0,0,0,0,"56,744","8,735","328,690","117,016",0,0
2026-04-16,"2,291,347","231,149","657,555","638,968",0,0,0,0,0,0,0,0,0,0,0,0,0,0,0,0,"510,116","255,828",0,0,0,0
2026-04-17,"3,015,983","3,015,970","207,840","34,148","7,749,081","7,292,257",0,0,0,0,0,0,0,0,0,0,0,0,0,0,1,0,0,0,0,0
2026-04-18,0,0,"73,790",0,"158,924","14,609",0,0,0,0,"63,825","20,971",0,0,0,0,0,0,0,0,"934,656","288,068",0,0,0,0
2026-04-19,0,0,"390,007","235,285",0,0,0,0,0,0,"16,692","5,417",0,0,0,0,0,0,0,0,"602,126","325,342",0,0,0,0
2026-04-20,"623,295","594,261","944,128","910,699",0,0,0,0,0,0,0,0,0,0,0,0,0,0,0,0,"387,260",0,0,0,0,0
2026-04-21,"2,563,004",0,0,0,0,0,0,0,0,0,0,0,0,0,0,0,0,0,0,0,"625,226","408,547",0,0,0,0
2026-04-22,"4,968,242","4,597,284","217,885","202,920","397,412","93,074",0,0,0,0,0,0,0,0,0,0,0,0,0,0,"317,018","289,810",0,0,0,0
2026-04-23,"4,753,140","2,978,108","458,765","447,641","13,486,043","12,140,651","458,220",0,0,0,0,0,0,0,0,0,"25,404","8,188",0,0,"245,080","113,659",0,0,0,0
2026-04-24,"7,625,337","6,770,529","2,054,712","1,354,760",0,0,0,0,0,0,"112,668","36,786",0,0,0,0,0,0,0,0,"636,784","151,992",0,0,0,0
2026-04-25,"45,926,911","31,592,846","8,181,369","7,158,648","553,156","543,617",0,0,0,0,0,0,0,0,0,0,0,0,0,0,"267,400","90,520",0,0,0,0
2026-04-26,"16,585,363","14,951,120","3,646,345","3,186,537",0,0,0,0,0,0,0,0,0,0,0,0,0,0,0,0,"408,034","146,491",0,0,0,0
2026-04-27,"13,112,373","10,757,151","1,637,327","288,402",0,0,"3,573,920","3,550,375",0,0,0,0,0,0,0,0,0,0,0,0,"414,566","215,994",0,0,0,0
2026-04-28,"39,646,528","35,618,946",0,0,0,0,0,0,0,0,0,0,0,0,0,0,"12,129","3,962",0,0,"166,656","101,760",0,0,0,0
2026-04-29,"3,229,968","2,557,567","448,122","421,128",0,0,0,0,0,0,0,0,0,0,0,0,0,0,0,0,"288,688",0,0,0,0,0
2026-04-30,"672,992","664,838","144,833","42,613",0,0,0,0,0,0,0,0,0,0,0,0,0,0,0,0,"883,198","98,849",0,0,0,0
2026-05-01,"1,064,057","97,459","298,286",0,"3,378,086","2,957,504",0,0,0,0,0,0,0,0,0,0,0,0,0,0,0,0,0,0,0,0
2026-05-02,0,0,"1,219,630","364,172","7,110",0,0,0,0,0,0,0,0,0,0,0,0,0,0,0,"865,171","320,408",0,0,0,0
2026-05-03,"16,450,710","16,303,059","570,170","37,270","629,204","244,678",0,0,0,0,"119,631","39,357",0,0,0,0,0,0,"351,531","340,968","899,711","725,859",0,0,0,0
2026-05-04,"5,012,486","4,809,878","130,182","125,741","9,154,340","7,917,115",0,0,0,0,0,0,0,0,0,0,0,0,0,0,"344,875","229,292",0,0,0,0
2026-05-05,"4,484,092","2,234,389","582,649","571,415","10,505,854","10,231,289","1,241",230,0,0,0,0,0,0,0,0,0,0,0,0,"2,318,744","1,468,458",0,0,0,0
2026-05-06,"3,677,797","1,636,234","147,933","105,380","9,102","2,908",0,0,0,0,0,0,0,0,0,0,0,0,0,0,"31,999","7,344",0,0,0,0
2026-05-07,"976,890","721,426","2,590,052","2,115,366","5,826,809","5,636,975",0,0,0,0,0,0,0,0,0,0,0,0,0,0,"81,220",0,0,0,0,0
2026-05-08,"39,864,734","36,602,169","1,675,808","1,233,938","17,402","5,560",0,0,0,0,0,0,0,0,0,0,0,0,0,0,"1,008,175","181,816",0,0,0,0
2026-05-09,"286,251,415","276,284,338","3,878,920","3,388,916","4,580,501","4,356,561",0,0,0,0,0,0,0,0,0,0,0,0,0,0,"254,828","66,112",0,0,0,0
2026-05-10,"17,725,186","14,395,874","2,438,282","1,474,608","6,568,882","6,338,424","5,474,896","5,372,881","497,851","495,957",0,0,0,0,"264,709","260,637",0,0,0,0,"911,703","250,940",0,0,0,0
2026-05-11,"3,735,610","793,904","474,015","337,549","1,617,325","1,600,019",0,0,0,0,0,0,0,0,0,0,"89,613","66,140",0,0,"88,666","67,961",0,0,0,0
2026-05-12,"535,547","103,758","680,789","742,461","17,950,071",0,0,0,0,0,0,0,0,0,0,0,0,0,0,0,"112,142","10,415",0,0,0,0
2026-05-13,"9,008,067","5,946,353","2,800,969","2,710,459","12,111,582","11,420,516",0,0,0,0,0,0,0,0,0,0,0,0,0,0,"327,667","13,185",0,0,0,0
2026-05-14,"3,464,943","1,745,457","543,998","419,932","3,373,557","3,354,927",0,0,0,0,"2,373",0,0,0,0,0,0,0,0,0,"284,793","67,732",0,0,0,0
2026-05-15,"485,988","81,533","6,415,688","5,469,778","17,474,933",0,0,0,0,0,0,0,0,0,0,0,0,0,0,0,0,0,"140,675","51,224",0,0
2026-05-16,"11,807,993","11,415,470","1,966,562","1,608,566",0,0,0,0,0,0,0,0,0,0,0,0,0,0,0,0,"172,654","167,458",0,0,0,0
2026-05-17,"19,914,283","16,134,457","3,907,510","1,478,679",0,0,0,0,0,0,0,0,0,0,0,0,0,0,0,0,0,0,0,0,0,0
2026-05-18,"6,665,779","3,723,961","1,806,908","1,585,864","10,637,176","33,984","2,919,116","1,792,476",0,0,"144,639","47,689",0,0,0,0,0,0,0,0,0,0,0,0,0,0
2026-05-19,"2,585,261",0,0,0,"22,719",0,0,0,0,0,0,0,0,0,0,0,0,0,0,0,"282,174","227,931",0,0,0,0
2026-05-20,"219,357","70,520","751,474","613,053","475,079","86,936",0,0,0,0,0,0,191551,189485,0,0,0,0,0,0,"123,220","13,831",0,0,0,0
2026-05-21,"2,151,753","1,884,345","173,224","132,102","5,113,078","1,799,981","443,823",0,0,0,"762,660","249,134",0,0,0,0,0,0,0,0,"989,048","583,574","494,074","443,276",0,0
2026-05-22,"1,337,517","1,190,604","157,927","150,430","13,902,445","10,892,900","9,096",0,0,0,"317,297","187,796",0,0,0,0,0,0,0,0,"106,894","16,955","5,054,798","4,256,033",0,0
2026-05-23,"1,026,946","858,090","134,748","129,633","140,892,093","119,033,359",0,0,0,0,0,0,0,0,0,0,0,0,0,0,"277,881","3,509","298,372","278,796",0,0
2026-05-24,0,0,"902,087","883,168","91,883,751","83,636,841",0,0,0,0,0,0,0,0,0,0,0,0,0,0,"2,684,480","2,302,298","937,486","818,505",0,0
2026-05-25,"4,560,114","4,010,915",0,0,"145,132,313","114,649,449",0,0,0,0,0,0,0,0,0,0,0,0,"34,583","33,929","458,572",0,0,0,0,0
2026-05-26,"10,539,597","5,602,763","971,565","835,905","68,385,162","24,456,857",0,0,0,0,0,0,0,0,0,0,0,0,0,0,"2,836,590","2,283,058",0,0,0,0
2026-05-27,"12,246,980","11,440,486","1,266,606","359,843","38,016,194","34,861,187",0,0,0,0,0,0,0,0,0,0,0,0,0,0,"238,993","95,444","32,380","13,835",0,0
2026-05-28,"9,142,202","6,814,623","4,395,317","4,212,146","17,751,990","17,097,718",0,0,0,0,0,0,0,0,0,0,0,0,0,0,"1,835,825","1,061,541",0,0,0,0
2026-05-29,"23,263,674","19,577,668","3,135,545","2,949,697","8,205,638","3,782,005",0,0,0,0,0,0,0,0,0,0,0,0,0,0,"1,154,227","147,537","668,866","631,683",0,0
2026-05-30,"56,028,382","50,196,477","3,840,146","3,629,561","14,585,505","592,091",0,0,0,0,0,0,0,0,0,0,0,0,0,0,"2,002,072","841,026","892,735","533,872",0,0
2026-05-31,"53,157,307","41,620,933","6,786,054","5,157,564","4,560,756",0,0,0,"276,841","276,449",0,0,0,0,0,0,0,0,0,0,"1,450,161","349,534",0,0,0,0
2026-06-01,"27,781,646","23,854,225",0,0,0,0,0,0,0,0,0,0,0,0,0,0,0,0,0,0,"631,011","6,466",0,0,0,0
2026-06-02,"50,424,152","47,714,599","1,372,207","1,323,803","257,639","249,909",0,0,0,0,0,0,0,0,0,0,0,0,0,0,"2,975,989","1,485,541",0,0,0,0
2026-06-03,"4,605,999","3,583,356","163,887","129,168","199,672","56,718",0,0,0,0,0,0,0,0,0,0,0,0,0,0,"895,443","242,198",0,0,0,0
2026-06-04,"6,982,883","5,115,363","1,070,879","505,826","323,348",0,0,0,0,0,"240,720","79,538",0,0,0,0,0,0,0,0,"40,929","5,298",0,0,0,0
2026-06-05,"25,839,077","20,770,852","3,026,142","2,967,044","32,020,995","5,634,343",0,0,0,0,0,0,0,0,0,0,0,0,0,0,"5,123,011","3,545,702",0,0,0,0
2026-06-06,"35,745,699","24,629,549","5,782,932","5,610,567","20,900,680","16,357,019",0,0,0,0,0,0,0,0,0,0,0,0,0,0,"691,236","172,411",0,0,0,0
2026-06-07,"65,611,955","52,989,544","10,519,476","5,144,878","20,374,466","18,353,289",0,0,0,0,"204,564","67,564",0,0,0,0,0,0,0,0,"2,690,890","880,528",0,0,0,0
2026-06-08,"11,671,142","5,452,531","369,705","358,171","29,699,809","28,365,557","1,869,332","1,844,996",0,0,"17,127","5,555",0,0,0,0,0,0,0,0,"354,471","234,497",0,0,0,0
2026-06-09,"31,482,986","29,806,115","711,347","374,547","4,823,412","3,592,352",0,0,0,0,"74,151","24,183",0,0,0,0,"374,565","312,691",0,0,"111,961","4,887",0,0,0,0
2026-06-10,"12,463,279","9,464,265","695,029","659,348","25,857,443","24,002,876",0,0,0,0,0,0,0,0,0,0,0,0,"141,564",0,"1,595,447","644,419",0,0,0,0
2026-06-11,"5,458,763","762,925","986,709","958,774","29,356,576","16,619,764","2,900,601","2,854,583",0,0,"4,455,690","1,473,117",0,0,0,0,0,0,0,0,"361,794","104,223",0,0,0,0
TOTAL,"7,242,823,275","5,055,745,928","385,951,684","122,859,731","4,042,991,170","2,557,100,381","346,431,005","296,912,015","380,280,291","383,903,881","372,573,174","144,093,462","64,426,278","52,842,963","3,644,824","3,602,104","48,713,100","47,049,206","16,656,581","2,611,463","220,551,821","105,337,307","16,218,738","13,944,378","12,016,633","11,153,385"