"property_id","week","impressions","views","view_rate","days_observed","measurement_scope"
"carolina_hurricanes",2024-09-30,108053,0,0,6,"impressions_views_only"
"ducati",2024-09-30,5872368,0,0,6,"impressions_views_only"
"f1",2024-09-30,15992460,6557934,0.4100641177154734,6,"impressions_views_only"
"fcwc",2024-09-30,0,0,,6,"impressions_views_only"
"fifa",2024-09-30,0,0,,6,"impressions_views_only"
"fifae",2024-09-30,0,0,,6,"impressions_views_only"
"fifaewc",2024-09-30,0,0,,6,"impressions_views_only"
"fwc",2024-09-30,0,0,,6,"impressions_views_only"
"fwwc",2024-09-30,0,0,,6,"impressions_views_only"
"infantino",2024-09-30,0,0,,6,"impressions_views_only"
"montreal_canadiens",2024-09-30,0,0,,6,"impressions_views_only"
"motogp",2024-09-30,126015200,87890458,0.6974591795275491,6,"impressions_views_only"
"ny_yankees",2024-09-30,0,0,,6,"impressions_views_only"
"carolina_hurricanes",2024-10-07,2051290,534602,0.2606174651073227,7,"impressions_views_only"
"ducati",2024-10-07,3161507,0,0,7,"impressions_views_only"
"f1",2024-10-07,30047743,15401898,0.5125808617306131,7,"impressions_views_only"
"fcwc",2024-10-07,0,0,,7,"impressions_views_only"
"fifa",2024-10-07,0,0,,7,"impressions_views_only"
"fifae",2024-10-07,0,0,,7,"impressions_views_only"
"fifaewc",2024-10-07,0,0,,7,"impressions_views_only"
"fwc",2024-10-07,0,0,,7,"impressions_views_only"
"fwwc",2024-10-07,0,0,,7,"impressions_views_only"
"infantino",2024-10-07,0,0,,7,"impressions_views_only"
"montreal_canadiens",2024-10-07,0,0,,7,"impressions_views_only"
"motogp",2024-10-07,34095813,12020644,0.352554843024274,7,"impressions_views_only"
"ny_yankees",2024-10-07,0,0,,7,"impressions_views_only"
"carolina_hurricanes",2024-10-14,3791046,1481594,0.39081403918601887,7,"impressions_views_only"
"ducati",2024-10-14,9825619,0,0,7,"impressions_views_only"
"f1",2024-10-14,66643144,35776783,0.5368411640363185,7,"impressions_views_only"
"fcwc",2024-10-14,0,0,,7,"impressions_views_only"
"fifa",2024-10-14,15133,0,0,7,"impressions_views_only"
"fifae",2024-10-14,0,0,,7,"impressions_views_only"
"fifaewc",2024-10-14,0,0,,7,"impressions_views_only"
"fwc",2024-10-14,0,0,,7,"impressions_views_only"
"fwwc",2024-10-14,0,0,,7,"impressions_views_only"
"infantino",2024-10-14,210621,0,0,7,"impressions_views_only"
"montreal_canadiens",2024-10-14,0,0,,7,"impressions_views_only"
"motogp",2024-10-14,29567933,20693121,0.6998501045034159,7,"impressions_views_only"
"ny_yankees",2024-10-14,0,0,,7,"impressions_views_only"
"carolina_hurricanes",2024-10-21,2157673,945523,0.4382142243055366,7,"impressions_views_only"
"ducati",2024-10-21,9222180,0,0,7,"impressions_views_only"
"f1",2024-10-21,87901170,47375659,0.5389650558689947,7,"impressions_views_only"
"fcwc",2024-10-21,0,0,,7,"impressions_views_only"
"fifa",2024-10-21,0,0,,7,"impressions_views_only"
"fifae",2024-10-21,0,0,,7,"impressions_views_only"
"fifaewc",2024-10-21,0,0,,7,"impressions_views_only"
"fwc",2024-10-21,0,0,,7,"impressions_views_only"
"fwwc",2024-10-21,0,0,,7,"impressions_views_only"
"infantino",2024-10-21,0,0,,7,"impressions_views_only"
"montreal_canadiens",2024-10-21,405242,401609,0.9910349865018927,7,"impressions_views_only"
"motogp",2024-10-21,45234965,29660582,0.6557003415388959,7,"impressions_views_only"
"ny_yankees",2024-10-21,0,0,,7,"impressions_views_only"
"carolina_hurricanes",2024-10-28,3593905,2058738,0.5728415191831726,7,"impressions_views_only"
"ducati",2024-10-28,9483603,0,0,7,"impressions_views_only"
"f1",2024-10-28,147219498,77624410,0.5272699000780454,7,"impressions_views_only"
"fcwc",2024-10-28,0,0,,7,"impressions_views_only"
"fifa",2024-10-28,0,0,,7,"impressions_views_only"
"fifae",2024-10-28,0,0,,7,"impressions_views_only"
"fifaewc",2024-10-28,0,0,,7,"impressions_views_only"
"fwc",2024-10-28,0,0,,7,"impressions_views_only"
"fwwc",2024-10-28,0,0,,7,"impressions_views_only"
"infantino",2024-10-28,0,0,,7,"impressions_views_only"
"montreal_canadiens",2024-10-28,0,0,,7,"impressions_views_only"
"motogp",2024-10-28,131746027,89506302,0.6793852083296599,7,"impressions_views_only"
"ny_yankees",2024-10-28,0,0,,7,"impressions_views_only"
"carolina_hurricanes",2024-11-04,2123645,966771,0.45524134212639117,7,"impressions_views_only"
"ducati",2024-11-04,1208410,0,0,7,"impressions_views_only"
"f1",2024-11-04,84471316,65457767,0.7749111781329416,7,"impressions_views_only"
"fcwc",2024-11-04,0,0,,7,"impressions_views_only"
"fifa",2024-11-04,0,0,,7,"impressions_views_only"
"fifae",2024-11-04,0,0,,7,"impressions_views_only"
"fifaewc",2024-11-04,0,0,,7,"impressions_views_only"
"fwc",2024-11-04,0,0,,7,"impressions_views_only"
"fwwc",2024-11-04,0,0,,7,"impressions_views_only"
"infantino",2024-11-04,0,0,,7,"impressions_views_only"
"montreal_canadiens",2024-11-04,0,0,,7,"impressions_views_only"
"motogp",2024-11-04,39744181,16507045,0.4153323728069777,7,"impressions_views_only"
"ny_yankees",2024-11-04,0,0,,7,"impressions_views_only"
"carolina_hurricanes",2024-11-11,1159869,432449,0.37284296761099744,7,"impressions_views_only"
"ducati",2024-11-11,10834316,0,0,7,"impressions_views_only"
"f1",2024-11-11,9079004,6867116,0.7563732761875642,7,"impressions_views_only"
"fcwc",2024-11-11,0,0,,7,"impressions_views_only"
"fifa",2024-11-11,0,0,,7,"impressions_views_only"
"fifae",2024-11-11,0,0,,7,"impressions_views_only"
"fifaewc",2024-11-11,0,0,,7,"impressions_views_only"
"fwc",2024-11-11,0,0,,7,"impressions_views_only"
"fwwc",2024-11-11,0,0,,7,"impressions_views_only"
"infantino",2024-11-11,0,0,,7,"impressions_views_only"
"montreal_canadiens",2024-11-11,54937,18031,0.3282123159255147,7,"impressions_views_only"
"motogp",2024-11-11,76926573,43974425,0.5716415444634457,7,"impressions_views_only"
"ny_yankees",2024-11-11,0,0,,7,"impressions_views_only"
"carolina_hurricanes",2024-11-18,1340145,258021,0.19253215137167992,7,"impressions_views_only"
"ducati",2024-11-18,7665217,0,0,7,"impressions_views_only"
"f1",2024-11-18,27074789,9711547,0.3586933586075223,7,"impressions_views_only"
"fcwc",2024-11-18,0,0,,7,"impressions_views_only"
"fifa",2024-11-18,0,0,,7,"impressions_views_only"
"fifae",2024-11-18,0,0,,7,"impressions_views_only"
"fifaewc",2024-11-18,0,0,,7,"impressions_views_only"
"fwc",2024-11-18,0,0,,7,"impressions_views_only"
"fwwc",2024-11-18,0,0,,7,"impressions_views_only"
"infantino",2024-11-18,0,0,,7,"impressions_views_only"
"montreal_canadiens",2024-11-18,0,0,,7,"impressions_views_only"
"motogp",2024-11-18,60960293,39656448,0.6505291567414219,7,"impressions_views_only"
"ny_yankees",2024-11-18,0,0,,7,"impressions_views_only"
"carolina_hurricanes",2024-11-25,2325891,709905,0.30521851625893043,7,"impressions_views_only"
"ducati",2024-11-25,2817364,0,0,7,"impressions_views_only"
"f1",2024-11-25,13087531,5190783,0.396620493200742,7,"impressions_views_only"
"fcwc",2024-11-25,0,0,,7,"impressions_views_only"
"fifa",2024-11-25,0,0,,7,"impressions_views_only"
"fifae",2024-11-25,0,0,,7,"impressions_views_only"
"fifaewc",2024-11-25,0,0,,7,"impressions_views_only"
"fwc",2024-11-25,0,0,,7,"impressions_views_only"
"fwwc",2024-11-25,0,0,,7,"impressions_views_only"
"infantino",2024-11-25,0,0,,7,"impressions_views_only"
"montreal_canadiens",2024-11-25,0,0,,7,"impressions_views_only"
"motogp",2024-11-25,5999723,1692879,0.2821595263648005,7,"impressions_views_only"
"ny_yankees",2024-11-25,0,0,,7,"impressions_views_only"
"carolina_hurricanes",2024-12-02,2506778,1127140,0.4496369443165689,7,"impressions_views_only"
"ducati",2024-12-02,872171,0,0,7,"impressions_views_only"
"f1",2024-12-02,86484855,45865848,0.5303338717513025,7,"impressions_views_only"
"fcwc",2024-12-02,0,0,,7,"impressions_views_only"
"fifa",2024-12-02,0,0,,7,"impressions_views_only"
"fifae",2024-12-02,71278,63386,0.8892785992872976,7,"impressions_views_only"
"fifaewc",2024-12-02,0,0,,7,"impressions_views_only"
"fwc",2024-12-02,0,0,,7,"impressions_views_only"
"fwwc",2024-12-02,0,0,,7,"impressions_views_only"
"infantino",2024-12-02,0,0,,7,"impressions_views_only"
"montreal_canadiens",2024-12-02,0,0,,7,"impressions_views_only"
"motogp",2024-12-02,24183494,13168345,0.5445178848019232,7,"impressions_views_only"
"ny_yankees",2024-12-02,0,0,,7,"impressions_views_only"
"carolina_hurricanes",2024-12-09,2451907,1510172,0.6159173247598706,7,"impressions_views_only"
"ducati",2024-12-09,197666,0,0,7,"impressions_views_only"
"f1",2024-12-09,37615444,35281519,0.9379530120660013,7,"impressions_views_only"
"fcwc",2024-12-09,0,0,,7,"impressions_views_only"
"fifa",2024-12-09,0,0,,7,"impressions_views_only"
"fifae",2024-12-09,2065994,1928989,0.9336856738209307,7,"impressions_views_only"
"fifaewc",2024-12-09,0,0,,7,"impressions_views_only"
"fwc",2024-12-09,0,0,,7,"impressions_views_only"
"fwwc",2024-12-09,0,0,,7,"impressions_views_only"
"infantino",2024-12-09,0,0,,7,"impressions_views_only"
"montreal_canadiens",2024-12-09,0,0,,7,"impressions_views_only"
"motogp",2024-12-09,14733675,8685056,0.5894697690834093,7,"impressions_views_only"
"ny_yankees",2024-12-09,0,0,,7,"impressions_views_only"
"carolina_hurricanes",2024-12-16,3350287,1887660,0.5634323268424466,7,"impressions_views_only"
"ducati",2024-12-16,200531,0,0,7,"impressions_views_only"
"f1",2024-12-16,47183268,29357537,0.6222022815375993,7,"impressions_views_only"
"fcwc",2024-12-16,0,0,,7,"impressions_views_only"
"fifa",2024-12-16,0,0,,7,"impressions_views_only"
"fifae",2024-12-16,0,0,,7,"impressions_views_only"
"fifaewc",2024-12-16,0,0,,7,"impressions_views_only"
"fwc",2024-12-16,0,0,,7,"impressions_views_only"
"fwwc",2024-12-16,0,0,,7,"impressions_views_only"
"infantino",2024-12-16,0,0,,7,"impressions_views_only"
"montreal_canadiens",2024-12-16,0,0,,7,"impressions_views_only"
"motogp",2024-12-16,12770860,6318320,0.4947450680690259,7,"impressions_views_only"
"ny_yankees",2024-12-16,0,0,,7,"impressions_views_only"
"carolina_hurricanes",2024-12-23,1509914,233076,0.15436375846571393,7,"impressions_views_only"
"ducati",2024-12-23,0,0,,7,"impressions_views_only"
"f1",2024-12-23,14255222,5144207,0.36086474135583435,7,"impressions_views_only"
"fcwc",2024-12-23,0,0,,7,"impressions_views_only"
"fifa",2024-12-23,0,0,,7,"impressions_views_only"
"fifae",2024-12-23,0,0,,7,"impressions_views_only"
"fifaewc",2024-12-23,0,0,,7,"impressions_views_only"
"fwc",2024-12-23,0,0,,7,"impressions_views_only"
"fwwc",2024-12-23,0,0,,7,"impressions_views_only"
"infantino",2024-12-23,0,0,,7,"impressions_views_only"
"montreal_canadiens",2024-12-23,0,0,,7,"impressions_views_only"
"motogp",2024-12-23,11870739,6802830,0.5730755263004266,7,"impressions_views_only"
"ny_yankees",2024-12-23,0,0,,7,"impressions_views_only"
"carolina_hurricanes",2024-12-30,1364026,523703,0.3839391624499826,7,"impressions_views_only"
"ducati",2024-12-30,246177,0,0,7,"impressions_views_only"
"f1",2024-12-30,6947693,5464787,0.7865613808785161,7,"impressions_views_only"
"fcwc",2024-12-30,0,0,,7,"impressions_views_only"
"fifa",2024-12-30,0,0,,7,"impressions_views_only"
"fifae",2024-12-30,0,0,,7,"impressions_views_only"
"fifaewc",2024-12-30,0,0,,7,"impressions_views_only"
"fwc",2024-12-30,0,0,,7,"impressions_views_only"
"fwwc",2024-12-30,0,0,,7,"impressions_views_only"
"infantino",2024-12-30,0,0,,7,"impressions_views_only"
"montreal_canadiens",2024-12-30,0,0,,7,"impressions_views_only"
"motogp",2024-12-30,9428769,3517233,0.37303204691938047,7,"impressions_views_only"
"ny_yankees",2024-12-30,0,0,,7,"impressions_views_only"
"carolina_hurricanes",2025-01-06,4637551,2790508,0.6017201751527907,7,"impressions_views_only"
"ducati",2025-01-06,0,0,,7,"impressions_views_only"
"f1",2025-01-06,6978018,0,0,7,"impressions_views_only"
"fcwc",2025-01-06,0,0,,7,"impressions_views_only"
"fifa",2025-01-06,0,0,,7,"impressions_views_only"
"fifae",2025-01-06,0,0,,7,"impressions_views_only"
"fifaewc",2025-01-06,0,0,,7,"impressions_views_only"
"fwc",2025-01-06,0,0,,7,"impressions_views_only"
"fwwc",2025-01-06,0,0,,7,"impressions_views_only"
"infantino",2025-01-06,0,0,,7,"impressions_views_only"
"montreal_canadiens",2025-01-06,0,0,,7,"impressions_views_only"
"motogp",2025-01-06,14691744,6710297,0.45673930882541924,7,"impressions_views_only"
"ny_yankees",2025-01-06,0,0,,7,"impressions_views_only"
"carolina_hurricanes",2025-01-13,1947105,1004357,0.5158206670929405,7,"impressions_views_only"
"ducati",2025-01-13,0,0,,7,"impressions_views_only"
"f1",2025-01-13,6617200,6117304,0.9244550565193738,7,"impressions_views_only"
"fcwc",2025-01-13,0,0,,7,"impressions_views_only"
"fifa",2025-01-13,0,0,,7,"impressions_views_only"
"fifae",2025-01-13,4223,1257,0.297655695003552,7,"impressions_views_only"
"fifaewc",2025-01-13,0,0,,7,"impressions_views_only"
"fwc",2025-01-13,0,0,,7,"impressions_views_only"
"fwwc",2025-01-13,0,0,,7,"impressions_views_only"
"infantino",2025-01-13,0,0,,7,"impressions_views_only"
"montreal_canadiens",2025-01-13,34204,14039,0.41044907028417726,7,"impressions_views_only"
"motogp",2025-01-13,4612241,2571909,0.557626758879252,7,"impressions_views_only"
"ny_yankees",2025-01-13,0,0,,7,"impressions_views_only"
"carolina_hurricanes",2025-01-20,4362641,1701630,0.3900458460826825,7,"impressions_views_only"
"ducati",2025-01-20,9367879,3934934,0.4200453485789046,7,"impressions_views_only"
"f1",2025-01-20,12537355,11444171,0.9128058509948869,7,"impressions_views_only"
"fcwc",2025-01-20,0,0,,7,"impressions_views_only"
"fifa",2025-01-20,0,0,,7,"impressions_views_only"
"fifae",2025-01-20,0,0,,7,"impressions_views_only"
"fifaewc",2025-01-20,0,0,,7,"impressions_views_only"
"fwc",2025-01-20,3031589,0,0,7,"impressions_views_only"
"fwwc",2025-01-20,0,0,,7,"impressions_views_only"
"infantino",2025-01-20,0,0,,7,"impressions_views_only"
"montreal_canadiens",2025-01-20,0,0,,7,"impressions_views_only"
"motogp",2025-01-20,29547004,10130856,0.3428725294787925,7,"impressions_views_only"
"ny_yankees",2025-01-20,0,0,,7,"impressions_views_only"
"carolina_hurricanes",2025-01-27,4154870,1724901,0.4151516172587831,7,"impressions_views_only"
"ducati",2025-01-27,3712043,434071,0.11693587601221214,7,"impressions_views_only"
"f1",2025-01-27,12362874,6071712,0.49112463655295685,7,"impressions_views_only"
"fcwc",2025-01-27,0,0,,7,"impressions_views_only"
"fifa",2025-01-27,0,0,,7,"impressions_views_only"
"fifae",2025-01-27,181832,178870,0.9837102380219104,7,"impressions_views_only"
"fifaewc",2025-01-27,0,0,,7,"impressions_views_only"
"fwc",2025-01-27,0,0,,7,"impressions_views_only"
"fwwc",2025-01-27,0,0,,7,"impressions_views_only"
"infantino",2025-01-27,0,0,,7,"impressions_views_only"
"montreal_canadiens",2025-01-27,0,0,,7,"impressions_views_only"
"motogp",2025-01-27,9382533,5529978,0.5893907327584139,7,"impressions_views_only"
"ny_yankees",2025-01-27,0,0,,7,"impressions_views_only"
"carolina_hurricanes",2025-02-03,2502096,938105,0.3749276606493116,7,"impressions_views_only"
"ducati",2025-02-03,12086032,4528928,0.3747241443676469,7,"impressions_views_only"
"f1",2025-02-03,5725554,5650125,0.9868259036592791,7,"impressions_views_only"
"fcwc",2025-02-03,0,0,,7,"impressions_views_only"
"fifa",2025-02-03,0,0,,7,"impressions_views_only"
"fifae",2025-02-03,0,0,,7,"impressions_views_only"
"fifaewc",2025-02-03,0,0,,7,"impressions_views_only"
"fwc",2025-02-03,0,0,,7,"impressions_views_only"
"fwwc",2025-02-03,0,0,,7,"impressions_views_only"
"infantino",2025-02-03,0,0,,7,"impressions_views_only"
"montreal_canadiens",2025-02-03,0,0,,7,"impressions_views_only"
"motogp",2025-02-03,65727946,34712932,0.5281304850146998,7,"impressions_views_only"
"ny_yankees",2025-02-03,0,0,,7,"impressions_views_only"
"carolina_hurricanes",2025-02-10,344477,270133,0.7841829788345811,7,"impressions_views_only"
"ducati",2025-02-10,5019760,1853547,0.369250123511881,7,"impressions_views_only"
"f1",2025-02-10,598032,94470,0.1579681354843888,7,"impressions_views_only"
"fcwc",2025-02-10,0,0,,7,"impressions_views_only"
"fifa",2025-02-10,0,0,,7,"impressions_views_only"
"fifae",2025-02-10,0,0,,7,"impressions_views_only"
"fifaewc",2025-02-10,0,0,,7,"impressions_views_only"
"fwc",2025-02-10,0,0,,7,"impressions_views_only"
"fwwc",2025-02-10,0,0,,7,"impressions_views_only"
"infantino",2025-02-10,0,0,,7,"impressions_views_only"
"montreal_canadiens",2025-02-10,0,0,,7,"impressions_views_only"
"motogp",2025-02-10,37393020,17828078,0.47677555864704163,7,"impressions_views_only"
"ny_yankees",2025-02-10,0,0,,7,"impressions_views_only"
"carolina_hurricanes",2025-02-17,575671,95031,0.1650786647234271,7,"impressions_views_only"
"ducati",2025-02-17,2856547,0,0,7,"impressions_views_only"
"f1",2025-02-17,15326637,8360478,0.5454867887847804,7,"impressions_views_only"
"fcwc",2025-02-17,0,0,,7,"impressions_views_only"
"fifa",2025-02-17,0,0,,7,"impressions_views_only"
"fifae",2025-02-17,0,0,,7,"impressions_views_only"
"fifaewc",2025-02-17,0,0,,7,"impressions_views_only"
"fwc",2025-02-17,0,0,,7,"impressions_views_only"
"fwwc",2025-02-17,0,0,,7,"impressions_views_only"
"infantino",2025-02-17,0,0,,7,"impressions_views_only"
"montreal_canadiens",2025-02-17,0,0,,7,"impressions_views_only"
"motogp",2025-02-17,20814271,13703066,0.6583495525738086,7,"impressions_views_only"
"ny_yankees",2025-02-17,0,0,,7,"impressions_views_only"
"carolina_hurricanes",2025-02-24,4049590,1926962,0.4758412580038967,7,"impressions_views_only"
"ducati",2025-02-24,8620168,603460,0.07000559617863596,7,"impressions_views_only"
"f1",2025-02-24,18804049,12036782,0.6401164983137408,7,"impressions_views_only"
"fcwc",2025-02-24,0,0,,7,"impressions_views_only"
"fifa",2025-02-24,0,0,,7,"impressions_views_only"
"fifae",2025-02-24,0,0,,7,"impressions_views_only"
"fifaewc",2025-02-24,0,0,,7,"impressions_views_only"
"fwc",2025-02-24,0,0,,7,"impressions_views_only"
"fwwc",2025-02-24,0,0,,7,"impressions_views_only"
"infantino",2025-02-24,0,0,,7,"impressions_views_only"
"montreal_canadiens",2025-02-24,0,0,,7,"impressions_views_only"
"motogp",2025-02-24,163054280,103772184,0.6364272314716302,7,"impressions_views_only"
"ny_yankees",2025-02-24,0,0,,7,"impressions_views_only"
"carolina_hurricanes",2025-03-03,4361241,2013305,0.4616358050380614,7,"impressions_views_only"
"ducati",2025-03-03,3974247,1608984,0.4048525418777444,7,"impressions_views_only"
"f1",2025-03-03,20041608,5319021,0.2653989140991082,7,"impressions_views_only"
"fcwc",2025-03-03,0,0,,7,"impressions_views_only"
"fifa",2025-03-03,0,0,,7,"impressions_views_only"
"fifae",2025-03-03,0,0,,7,"impressions_views_only"
"fifaewc",2025-03-03,0,0,,7,"impressions_views_only"
"fwc",2025-03-03,0,0,,7,"impressions_views_only"
"fwwc",2025-03-03,0,0,,7,"impressions_views_only"
"infantino",2025-03-03,0,0,,7,"impressions_views_only"
"montreal_canadiens",2025-03-03,0,0,,7,"impressions_views_only"
"motogp",2025-03-03,26917908,16851169,0.6260207516869438,7,"impressions_views_only"
"ny_yankees",2025-03-03,0,0,,7,"impressions_views_only"
"carolina_hurricanes",2025-03-10,6284270,2609576,0.41525523250910606,7,"impressions_views_only"
"ducati",2025-03-10,4627062,0,0,7,"impressions_views_only"
"f1",2025-03-10,112766695,47523578,0.4214327466101583,7,"impressions_views_only"
"fcwc",2025-03-10,0,0,,7,"impressions_views_only"
"fifa",2025-03-10,0,0,,7,"impressions_views_only"
"fifae",2025-03-10,0,0,,7,"impressions_views_only"
"fifaewc",2025-03-10,0,0,,7,"impressions_views_only"
"fwc",2025-03-10,0,0,,7,"impressions_views_only"
"fwwc",2025-03-10,0,0,,7,"impressions_views_only"
"infantino",2025-03-10,0,0,,7,"impressions_views_only"
"montreal_canadiens",2025-03-10,0,0,,7,"impressions_views_only"
"motogp",2025-03-10,87666227,41757516,0.4763238641489613,7,"impressions_views_only"
"ny_yankees",2025-03-10,0,0,,7,"impressions_views_only"
"carolina_hurricanes",2025-03-17,1966997,666797,0.33899238280485433,7,"impressions_views_only"
"ducati",2025-03-17,1605417,0,0,7,"impressions_views_only"
"f1",2025-03-17,82760630,38102495,0.4603939699347383,7,"impressions_views_only"
"fcwc",2025-03-17,0,0,,7,"impressions_views_only"
"fifa",2025-03-17,0,0,,7,"impressions_views_only"
"fifae",2025-03-17,0,0,,7,"impressions_views_only"
"fifaewc",2025-03-17,0,0,,7,"impressions_views_only"
"fwc",2025-03-17,0,0,,7,"impressions_views_only"
"fwwc",2025-03-17,0,0,,7,"impressions_views_only"
"infantino",2025-03-17,0,0,,7,"impressions_views_only"
"montreal_canadiens",2025-03-17,0,0,,7,"impressions_views_only"
"motogp",2025-03-17,13970964,6511474,0.46607191887403043,7,"impressions_views_only"
"ny_yankees",2025-03-17,0,0,,7,"impressions_views_only"
"carolina_hurricanes",2025-03-24,2763624,1577899,0.570952850315383,7,"impressions_views_only"
"ducati",2025-03-24,5687184,2921313,0.5136659900576453,7,"impressions_views_only"
"f1",2025-03-24,6337275,3865644,0.6099852065753814,7,"impressions_views_only"
"fcwc",2025-03-24,0,0,,7,"impressions_views_only"
"fifa",2025-03-24,0,0,,7,"impressions_views_only"
"fifae",2025-03-24,0,0,,7,"impressions_views_only"
"fifaewc",2025-03-24,0,0,,7,"impressions_views_only"
"fwc",2025-03-24,1326735,0,0,7,"impressions_views_only"
"fwwc",2025-03-24,0,0,,7,"impressions_views_only"
"infantino",2025-03-24,0,0,,7,"impressions_views_only"
"montreal_canadiens",2025-03-24,250322,201030,0.8030856257140803,7,"impressions_views_only"
"motogp",2025-03-24,86120563,55481211,0.6442272213199535,7,"impressions_views_only"
"ny_yankees",2025-03-24,0,0,,7,"impressions_views_only"
"carolina_hurricanes",2025-03-31,1868376,964426,0.5161841085520259,7,"impressions_views_only"
"ducati",2025-03-31,2011474,0,0,7,"impressions_views_only"
"f1",2025-03-31,78739620,32722124,0.41557381150683737,7,"impressions_views_only"
"fcwc",2025-03-31,0,0,,7,"impressions_views_only"
"fifa",2025-03-31,0,0,,7,"impressions_views_only"
"fifae",2025-03-31,711755,699997,0.9834802705987313,7,"impressions_views_only"
"fifaewc",2025-03-31,0,0,,7,"impressions_views_only"
"fwc",2025-03-31,0,0,,7,"impressions_views_only"
"fwwc",2025-03-31,0,0,,7,"impressions_views_only"
"infantino",2025-03-31,0,0,,7,"impressions_views_only"
"montreal_canadiens",2025-03-31,0,0,,7,"impressions_views_only"
"motogp",2025-03-31,89374656,60168722,0.6732190611172814,7,"impressions_views_only"
"ny_yankees",2025-03-31,0,0,,7,"impressions_views_only"
"carolina_hurricanes",2025-04-07,1323490,263015,0.1987283621334502,7,"impressions_views_only"
"ducati",2025-04-07,8882954,4387010,0.4938683685629803,7,"impressions_views_only"
"f1",2025-04-07,13543085,7160659,0.5287317476040355,7,"impressions_views_only"
"fcwc",2025-04-07,0,0,,7,"impressions_views_only"
"fifa",2025-04-07,0,0,,7,"impressions_views_only"
"fifae",2025-04-07,0,0,,7,"impressions_views_only"
"fifaewc",2025-04-07,0,0,,7,"impressions_views_only"
"fwc",2025-04-07,0,0,,7,"impressions_views_only"
"fwwc",2025-04-07,0,0,,7,"impressions_views_only"
"infantino",2025-04-07,0,0,,7,"impressions_views_only"
"montreal_canadiens",2025-04-07,0,0,,7,"impressions_views_only"
"motogp",2025-04-07,110448137,64492543,0.5839169835884149,7,"impressions_views_only"
"ny_yankees",2025-04-07,0,0,,7,"impressions_views_only"
"carolina_hurricanes",2025-04-14,3253109,1119252,0.3440561014094517,7,"impressions_views_only"
"ducati",2025-04-14,1219980,0,0,7,"impressions_views_only"
"f1",2025-04-14,77008151,42824425,0.5561024962149786,7,"impressions_views_only"
"fcwc",2025-04-14,0,0,,7,"impressions_views_only"
"fifa",2025-04-14,0,0,,7,"impressions_views_only"
"fifae",2025-04-14,0,0,,7,"impressions_views_only"
"fifaewc",2025-04-14,0,0,,7,"impressions_views_only"
"fwc",2025-04-14,0,0,,7,"impressions_views_only"
"fwwc",2025-04-14,0,0,,7,"impressions_views_only"
"infantino",2025-04-14,0,0,,7,"impressions_views_only"
"montreal_canadiens",2025-04-14,0,0,,7,"impressions_views_only"
"motogp",2025-04-14,28350009,17387132,0.6133025213501696,7,"impressions_views_only"
"ny_yankees",2025-04-14,0,0,,7,"impressions_views_only"
"carolina_hurricanes",2025-04-21,3576479,2160738,0.6041522961549614,7,"impressions_views_only"
"ducati",2025-04-21,8599449,0,0,7,"impressions_views_only"
"f1",2025-04-21,13990113,5735564,0.4099726714144482,7,"impressions_views_only"
"fcwc",2025-04-21,0,0,,7,"impressions_views_only"
"fifa",2025-04-21,0,0,,7,"impressions_views_only"
"fifae",2025-04-21,0,0,,7,"impressions_views_only"
"fifaewc",2025-04-21,0,0,,7,"impressions_views_only"
"fwc",2025-04-21,0,0,,7,"impressions_views_only"
"fwwc",2025-04-21,0,0,,7,"impressions_views_only"
"infantino",2025-04-21,0,0,,7,"impressions_views_only"
"montreal_canadiens",2025-04-21,0,0,,7,"impressions_views_only"
"motogp",2025-04-21,72031815,39434095,0.5474538577155108,7,"impressions_views_only"
"ny_yankees",2025-04-21,0,0,,7,"impressions_views_only"
"carolina_hurricanes",2025-04-28,6142571,2818894,0.45891109764950216,7,"impressions_views_only"
"ducati",2025-04-28,1446660,0,0,7,"impressions_views_only"
"f1",2025-04-28,19498687,6978693,0.35790579129763966,7,"impressions_views_only"
"fcwc",2025-04-28,0,0,,7,"impressions_views_only"
"fifa",2025-04-28,0,0,,7,"impressions_views_only"
"fifae",2025-04-28,51655,2472,0.047855967476526956,7,"impressions_views_only"
"fifaewc",2025-04-28,0,0,,7,"impressions_views_only"
"fwc",2025-04-28,0,0,,7,"impressions_views_only"
"fwwc",2025-04-28,0,0,,7,"impressions_views_only"
"infantino",2025-04-28,0,0,,7,"impressions_views_only"
"montreal_canadiens",2025-04-28,0,0,,7,"impressions_views_only"
"motogp",2025-04-28,42725121,19810639,0.4636766037479449,7,"impressions_views_only"
"ny_yankees",2025-04-28,0,0,,7,"impressions_views_only"
"carolina_hurricanes",2025-05-05,6323635,3510642,0.5551620231085443,7,"impressions_views_only"
"ducati",2025-05-05,4287341,0,0,7,"impressions_views_only"
"f1",2025-05-05,1864162,462159,0.24791783117561672,7,"impressions_views_only"
"fcwc",2025-05-05,0,0,,7,"impressions_views_only"
"fifa",2025-05-05,0,0,,7,"impressions_views_only"
"fifae",2025-05-05,0,0,,7,"impressions_views_only"
"fifaewc",2025-05-05,0,0,,7,"impressions_views_only"
"fwc",2025-05-05,0,0,,7,"impressions_views_only"
"fwwc",2025-05-05,0,0,,7,"impressions_views_only"
"infantino",2025-05-05,0,0,,7,"impressions_views_only"
"montreal_canadiens",2025-05-05,0,0,,7,"impressions_views_only"
"motogp",2025-05-05,139979160,82290011,0.5878733019972402,7,"impressions_views_only"
"ny_yankees",2025-05-05,0,0,,7,"impressions_views_only"
"carolina_hurricanes",2025-05-12,7544764,3733088,0.4947918848091206,7,"impressions_views_only"
"ducati",2025-05-12,1670074,0,0,7,"impressions_views_only"
"f1",2025-05-12,16933815,5541103,0.32722118435804337,7,"impressions_views_only"
"fcwc",2025-05-12,0,0,,7,"impressions_views_only"
"fifa",2025-05-12,0,0,,7,"impressions_views_only"
"fifae",2025-05-12,0,0,,7,"impressions_views_only"
"fifaewc",2025-05-12,0,0,,7,"impressions_views_only"
"fwc",2025-05-12,0,0,,7,"impressions_views_only"
"fwwc",2025-05-12,0,0,,7,"impressions_views_only"
"infantino",2025-05-12,0,0,,7,"impressions_views_only"
"montreal_canadiens",2025-05-12,0,0,,7,"impressions_views_only"
"motogp",2025-05-12,44650470,19712487,0.44148442334425597,7,"impressions_views_only"
"ny_yankees",2025-05-12,0,0,,7,"impressions_views_only"
"carolina_hurricanes",2025-05-19,2786951,739482,0.2653372807774518,7,"impressions_views_only"
"ducati",2025-05-19,3544900,0,0,7,"impressions_views_only"
"f1",2025-05-19,29153839,13862324,0.47548880269250304,7,"impressions_views_only"
"fcwc",2025-05-19,0,0,,7,"impressions_views_only"
"fifa",2025-05-19,72847,0,0,7,"impressions_views_only"
"fifae",2025-05-19,0,0,,7,"impressions_views_only"
"fifaewc",2025-05-19,0,0,,7,"impressions_views_only"
"fwc",2025-05-19,0,0,,7,"impressions_views_only"
"fwwc",2025-05-19,0,0,,7,"impressions_views_only"
"infantino",2025-05-19,0,0,,7,"impressions_views_only"
"montreal_canadiens",2025-05-19,0,0,,7,"impressions_views_only"
"motogp",2025-05-19,71864575,49043502,0.6824433596107679,7,"impressions_views_only"
"ny_yankees",2025-05-19,0,0,,7,"impressions_views_only"
"carolina_hurricanes",2025-05-26,4616728,3057820,0.6623348830600373,7,"impressions_views_only"
"ducati",2025-05-26,790341,0,0,7,"impressions_views_only"
"f1",2025-05-26,68332373,28374026,0.41523548435819724,7,"impressions_views_only"
"fcwc",2025-05-26,0,0,,7,"impressions_views_only"
"fifa",2025-05-26,0,0,,7,"impressions_views_only"
"fifae",2025-05-26,0,0,,7,"impressions_views_only"
"fifaewc",2025-05-26,0,0,,7,"impressions_views_only"
"fwc",2025-05-26,0,0,,7,"impressions_views_only"
"fwwc",2025-05-26,0,0,,7,"impressions_views_only"
"infantino",2025-05-26,66008,0,0,7,"impressions_views_only"
"montreal_canadiens",2025-05-26,0,0,,7,"impressions_views_only"
"motogp",2025-05-26,100579218,95358872,0.9480971705307949,7,"impressions_views_only"
"ny_yankees",2025-05-26,0,0,,7,"impressions_views_only"
"carolina_hurricanes",2025-06-02,1218569,396549,0.32542186778097915,7,"impressions_views_only"
"ducati",2025-06-02,3901122,0,0,7,"impressions_views_only"
"f1",2025-06-02,16165817,5312455,0.32862273524437396,7,"impressions_views_only"
"fcwc",2025-06-02,0,0,,7,"impressions_views_only"
"fifa",2025-06-02,0,0,,7,"impressions_views_only"
"fifae",2025-06-02,738084,569684,0.7718416873960146,7,"impressions_views_only"
"fifaewc",2025-06-02,0,0,,7,"impressions_views_only"
"fwc",2025-06-02,0,0,,7,"impressions_views_only"
"fwwc",2025-06-02,0,0,,7,"impressions_views_only"
"infantino",2025-06-02,0,0,,7,"impressions_views_only"
"montreal_canadiens",2025-06-02,0,0,,7,"impressions_views_only"
"motogp",2025-06-02,123473193,70712212,0.5726928273410732,7,"impressions_views_only"
"ny_yankees",2025-06-02,0,0,,7,"impressions_views_only"
"carolina_hurricanes",2025-06-09,819966,575227,0.701525429103158,7,"impressions_views_only"
"ducati",2025-06-09,2157374,13216,0.006125966105088872,7,"impressions_views_only"
"f1",2025-06-09,50510576,11025191,0.21827490147805878,7,"impressions_views_only"
"fcwc",2025-06-09,5668519,5350601,0.9439151566749622,7,"impressions_views_only"
"fifa",2025-06-09,0,0,,7,"impressions_views_only"
"fifae",2025-06-09,0,0,,7,"impressions_views_only"
"fifaewc",2025-06-09,0,0,,7,"impressions_views_only"
"fwc",2025-06-09,165800,0,0,7,"impressions_views_only"
"fwwc",2025-06-09,0,0,,7,"impressions_views_only"
"infantino",2025-06-09,0,0,,7,"impressions_views_only"
"montreal_canadiens",2025-06-09,0,0,,7,"impressions_views_only"
"motogp",2025-06-09,144560317,130582982,0.9033113976915256,7,"impressions_views_only"
"ny_yankees",2025-06-09,0,0,,7,"impressions_views_only"
"carolina_hurricanes",2025-06-16,371811,40357,0.10854170532878263,7,"impressions_views_only"
"ducati",2025-06-16,4808209,614429,0.1277874984219696,7,"impressions_views_only"
"f1",2025-06-16,20420855,4566610,0.22362481884328544,7,"impressions_views_only"
"fcwc",2025-06-16,32612807,31602553,0.9690227829821579,7,"impressions_views_only"
"fifa",2025-06-16,87256,0,0,7,"impressions_views_only"
"fifae",2025-06-16,0,0,,7,"impressions_views_only"
"fifaewc",2025-06-16,0,0,,7,"impressions_views_only"
"fwc",2025-06-16,0,0,,7,"impressions_views_only"
"fwwc",2025-06-16,0,0,,7,"impressions_views_only"
"infantino",2025-06-16,1536038,0,0,7,"impressions_views_only"
"montreal_canadiens",2025-06-16,0,0,,7,"impressions_views_only"
"motogp",2025-06-16,246889522,138699665,0.5617883816065714,7,"impressions_views_only"
"ny_yankees",2025-06-16,0,0,,7,"impressions_views_only"
"carolina_hurricanes",2025-06-23,1268526,133631,0.10534352468928504,7,"impressions_views_only"
"ducati",2025-06-23,3576343,14135,0.0039523613926292864,7,"impressions_views_only"
"f1",2025-06-23,74790074,24494706,0.32751279267353045,7,"impressions_views_only"
"fcwc",2025-06-23,130840252,136922509,1.0464861302774011,7,"impressions_views_only"
"fifa",2025-06-23,31094100,10146708,0.32632261425801035,7,"impressions_views_only"
"fifae",2025-06-23,0,0,,7,"impressions_views_only"
"fifaewc",2025-06-23,0,0,,7,"impressions_views_only"
"fwc",2025-06-23,0,0,,7,"impressions_views_only"
"fwwc",2025-06-23,0,0,,7,"impressions_views_only"
"infantino",2025-06-23,9694646,0,0,7,"impressions_views_only"
"montreal_canadiens",2025-06-23,0,0,,7,"impressions_views_only"
"motogp",2025-06-23,211165863,129637563,0.6139134477432083,7,"impressions_views_only"
"ny_yankees",2025-06-23,0,0,,7,"impressions_views_only"
"carolina_hurricanes",2025-06-30,1057186,203977,0.19294334204198693,7,"impressions_views_only"
"ducati",2025-06-30,642815,15434,0.02401001843454182,7,"impressions_views_only"
"f1",2025-06-30,116439929,57308057,0.49216842961146084,7,"impressions_views_only"
"fcwc",2025-06-30,132628615,133439039,1.00611047623471,7,"impressions_views_only"
"fifa",2025-06-30,9908574,3233757,0.32635947412816413,7,"impressions_views_only"
"fifae",2025-06-30,0,0,,7,"impressions_views_only"
"fifaewc",2025-06-30,0,0,,7,"impressions_views_only"
"fwc",2025-06-30,10389,0,0,7,"impressions_views_only"
"fwwc",2025-06-30,0,0,,7,"impressions_views_only"
"infantino",2025-06-30,2321053,0,0,7,"impressions_views_only"
"montreal_canadiens",2025-06-30,0,0,,7,"impressions_views_only"
"motogp",2025-06-30,63168410,49931016,0.7904428178578502,7,"impressions_views_only"
"ny_yankees",2025-06-30,0,0,,7,"impressions_views_only"
"carolina_hurricanes",2025-07-07,732882,114889,0.15676329886666612,7,"impressions_views_only"
"ducati",2025-07-07,6041029,0,0,7,"impressions_views_only"
"f1",2025-07-07,7921590,4868130,0.6145395053265822,7,"impressions_views_only"
"fcwc",2025-07-07,13196964,12925536,0.9794325422119815,7,"impressions_views_only"
"fifa",2025-07-07,185231,58142,0.3138891438258175,7,"impressions_views_only"
"fifae",2025-07-07,0,0,,7,"impressions_views_only"
"fifaewc",2025-07-07,0,0,,7,"impressions_views_only"
"fwc",2025-07-07,0,0,,7,"impressions_views_only"
"fwwc",2025-07-07,0,0,,7,"impressions_views_only"
"infantino",2025-07-07,0,0,,7,"impressions_views_only"
"montreal_canadiens",2025-07-07,0,0,,7,"impressions_views_only"
"motogp",2025-07-07,335928159,231616222,0.6894814137924056,7,"impressions_views_only"
"ny_yankees",2025-07-07,0,0,,7,"impressions_views_only"
"carolina_hurricanes",2025-07-14,978503,219968,0.22480053714705014,7,"impressions_views_only"
"ducati",2025-07-14,4785780,0,0,7,"impressions_views_only"
"f1",2025-07-14,3896865,3450331,0.88541199143414,7,"impressions_views_only"
"fcwc",2025-07-14,4431498,3965027,0.8947374003102337,7,"impressions_views_only"
"fifa",2025-07-14,456204,149349,0.32737328037456925,7,"impressions_views_only"
"fifae",2025-07-14,107431,106304,0.9895095456618667,7,"impressions_views_only"
"fifaewc",2025-07-14,0,0,,7,"impressions_views_only"
"fwc",2025-07-14,12718,2385,0.18752948576820255,7,"impressions_views_only"
"fwwc",2025-07-14,0,0,,7,"impressions_views_only"
"infantino",2025-07-14,0,0,,7,"impressions_views_only"
"montreal_canadiens",2025-07-14,83215,20842,0.2504596527068437,7,"impressions_views_only"
"motogp",2025-07-14,191536501,115387946,0.602433193660565,7,"impressions_views_only"
"ny_yankees",2025-07-14,0,0,,7,"impressions_views_only"
"carolina_hurricanes",2025-07-21,1089844,268216,0.24610494713004796,7,"impressions_views_only"
"ducati",2025-07-21,1208940,30578,0.025293232087613943,7,"impressions_views_only"
"f1",2025-07-21,29656233,22224011,0.7493875233580745,7,"impressions_views_only"
"fcwc",2025-07-21,4256914,3843696,0.9029301508087784,7,"impressions_views_only"
"fifa",2025-07-21,0,0,,7,"impressions_views_only"
"fifae",2025-07-21,0,0,,7,"impressions_views_only"
"fifaewc",2025-07-21,0,0,,7,"impressions_views_only"
"fwc",2025-07-21,0,0,,7,"impressions_views_only"
"fwwc",2025-07-21,0,0,,7,"impressions_views_only"
"infantino",2025-07-21,0,0,,7,"impressions_views_only"
"montreal_canadiens",2025-07-21,0,0,,7,"impressions_views_only"
"motogp",2025-07-21,48211651,37431417,0.7763977425290829,7,"impressions_views_only"
"ny_yankees",2025-07-21,0,0,,7,"impressions_views_only"
"carolina_hurricanes",2025-07-28,369471,62621,0.1694882683620636,7,"impressions_views_only"
"ducati",2025-07-28,514029,498608,0.9699997470959809,7,"impressions_views_only"
"f1",2025-07-28,170394647,146649266,0.8606447947863057,7,"impressions_views_only"
"fcwc",2025-07-28,0,0,,7,"impressions_views_only"
"fifa",2025-07-28,0,0,,7,"impressions_views_only"
"fifae",2025-07-28,8333,2236,0.26833073322932915,7,"impressions_views_only"
"fifaewc",2025-07-28,0,0,,7,"impressions_views_only"
"fwc",2025-07-28,589111,526570,0.8938383428589858,7,"impressions_views_only"
"fwwc",2025-07-28,0,0,,7,"impressions_views_only"
"infantino",2025-07-28,193814,187999,0.969997007440123,7,"impressions_views_only"
"montreal_canadiens",2025-07-28,0,0,,7,"impressions_views_only"
"motogp",2025-07-28,14305906,12426603,0.8686344646749391,7,"impressions_views_only"
"ny_yankees",2025-07-28,0,0,,7,"impressions_views_only"
"carolina_hurricanes",2025-08-04,188385,25003,0.13272288133343949,7,"impressions_views_only"
"ducati",2025-08-04,3139697,1140270,0.36317835765680573,7,"impressions_views_only"
"f1",2025-08-04,58405095,41155627,0.704658163812592,7,"impressions_views_only"
"fcwc",2025-08-04,7579266,7231362,0.9540979297995347,7,"impressions_views_only"
"fifa",2025-08-04,0,0,,7,"impressions_views_only"
"fifae",2025-08-04,0,0,,7,"impressions_views_only"
"fifaewc",2025-08-04,0,0,,7,"impressions_views_only"
"fwc",2025-08-04,0,0,,7,"impressions_views_only"
"fwwc",2025-08-04,0,0,,7,"impressions_views_only"
"infantino",2025-08-04,0,0,,7,"impressions_views_only"
"montreal_canadiens",2025-08-04,0,0,,7,"impressions_views_only"
"motogp",2025-08-04,32798080,25175989,0.7676055732530684,7,"impressions_views_only"
"ny_yankees",2025-08-04,0,0,,7,"impressions_views_only"
"carolina_hurricanes",2025-08-11,2158029,0,0,7,"impressions_views_only"
"ducati",2025-08-11,7012693,1484120,0.21163339105248155,7,"impressions_views_only"
"f1",2025-08-11,17439624,14678230,0.8416597743162353,7,"impressions_views_only"
"fcwc",2025-08-11,573410,518724,0.9046301947995327,7,"impressions_views_only"
"fifa",2025-08-11,0,0,,7,"impressions_views_only"
"fifae",2025-08-11,0,0,,7,"impressions_views_only"
"fifaewc",2025-08-11,0,0,,7,"impressions_views_only"
"fwc",2025-08-11,31882,16484,0.5170315538548397,7,"impressions_views_only"
"fwwc",2025-08-11,0,0,,7,"impressions_views_only"
"infantino",2025-08-11,0,0,,7,"impressions_views_only"
"montreal_canadiens",2025-08-11,0,0,,7,"impressions_views_only"
"motogp",2025-08-11,107503374,72752286,0.6767442108375129,7,"impressions_views_only"
"ny_yankees",2025-08-11,0,0,,7,"impressions_views_only"
"carolina_hurricanes",2025-08-18,1195977,359827,0.30086448150758754,7,"impressions_views_only"
"ducati",2025-08-18,4058777,0,0,7,"impressions_views_only"
"f1",2025-08-18,5253284,2511812,0.4781412921897997,7,"impressions_views_only"
"fcwc",2025-08-18,0,0,,7,"impressions_views_only"
"fifa",2025-08-18,0,0,,7,"impressions_views_only"
"fifae",2025-08-18,0,0,,7,"impressions_views_only"
"fifaewc",2025-08-18,0,0,,7,"impressions_views_only"
"fwc",2025-08-18,0,0,,7,"impressions_views_only"
"fwwc",2025-08-18,0,0,,7,"impressions_views_only"
"infantino",2025-08-18,0,0,,7,"impressions_views_only"
"montreal_canadiens",2025-08-18,0,0,,7,"impressions_views_only"
"motogp",2025-08-18,156237899,112138713,0.7177433498385689,7,"impressions_views_only"
"ny_yankees",2025-08-18,0,0,,7,"impressions_views_only"
"carolina_hurricanes",2025-08-25,328512,20370,0.06200686732904734,7,"impressions_views_only"
"ducati",2025-08-25,1066440,0,0,7,"impressions_views_only"
"f1",2025-08-25,47059757,39372663,0.8366524927019916,7,"impressions_views_only"
"fcwc",2025-08-25,3481953,3430092,0.9851057725362748,7,"impressions_views_only"
"fifa",2025-08-25,279019,95570,0.34252147703203006,7,"impressions_views_only"
"fifae",2025-08-25,0,0,,7,"impressions_views_only"
"fifaewc",2025-08-25,0,0,,7,"impressions_views_only"
"fwc",2025-08-25,9051,2288,0.25278974698928297,7,"impressions_views_only"
"fwwc",2025-08-25,341441,339776,0.9951236084711561,7,"impressions_views_only"
"infantino",2025-08-25,0,0,,7,"impressions_views_only"
"montreal_canadiens",2025-08-25,0,0,,7,"impressions_views_only"
"motogp",2025-08-25,58520035,49755229,0.8502255509587443,7,"impressions_views_only"
"ny_yankees",2025-08-25,0,0,,7,"impressions_views_only"
"carolina_hurricanes",2025-09-01,1403038,475267,0.3387413598206178,7,"impressions_views_only"
"ducati",2025-09-01,6090596,1043994,0.17141081102736086,7,"impressions_views_only"
"f1",2025-09-01,56262746,44111966,0.7840350700266212,7,"impressions_views_only"
"fcwc",2025-09-01,0,0,,7,"impressions_views_only"
"fifa",2025-09-01,300187,98872,0.32936802726300607,7,"impressions_views_only"
"fifae",2025-09-01,0,0,,7,"impressions_views_only"
"fifaewc",2025-09-01,0,0,,7,"impressions_views_only"
"fwc",2025-09-01,816506,682965,0.8364482318562264,7,"impressions_views_only"
"fwwc",2025-09-01,96871,95036,0.9810572823652073,7,"impressions_views_only"
"infantino",2025-09-01,0,0,,7,"impressions_views_only"
"montreal_canadiens",2025-09-01,0,0,,7,"impressions_views_only"
"motogp",2025-09-01,232686912,197659195,0.8494641718396263,7,"impressions_views_only"
"ny_yankees",2025-09-01,0,0,,7,"impressions_views_only"
"carolina_hurricanes",2025-09-08,1611609,286315,0.17765785621698563,7,"impressions_views_only"
"ducati",2025-09-08,3548646,1072083,0.3021104387419878,7,"impressions_views_only"
"f1",2025-09-08,436561,285675,0.6543759062307444,7,"impressions_views_only"
"fcwc",2025-09-08,1032900,1027128,0.9944118501307,7,"impressions_views_only"
"fifa",2025-09-08,0,0,,7,"impressions_views_only"
"fifae",2025-09-08,0,0,,7,"impressions_views_only"
"fifaewc",2025-09-08,0,0,,7,"impressions_views_only"
"fwc",2025-09-08,0,0,,7,"impressions_views_only"
"fwwc",2025-09-08,0,0,,7,"impressions_views_only"
"infantino",2025-09-08,0,0,,7,"impressions_views_only"
"montreal_canadiens",2025-09-08,0,0,,7,"impressions_views_only"
"motogp",2025-09-08,246408582,174685164,0.708924837690921,7,"impressions_views_only"
"ny_yankees",2025-09-08,0,0,,7,"impressions_views_only"
"carolina_hurricanes",2025-09-15,843259,516063,0.6119863529473151,7,"impressions_views_only"
"ducati",2025-09-15,718903,0,0,7,"impressions_views_only"
"f1",2025-09-15,60316978,37384081,0.6197936673816782,7,"impressions_views_only"
"fcwc",2025-09-15,898249,880006,0.979690486713595,7,"impressions_views_only"
"fifa",2025-09-15,0,0,,7,"impressions_views_only"
"fifae",2025-09-15,0,0,,7,"impressions_views_only"
"fifaewc",2025-09-15,0,0,,7,"impressions_views_only"
"fwc",2025-09-15,0,0,,7,"impressions_views_only"
"fwwc",2025-09-15,4633,4536,0.9790632419598533,7,"impressions_views_only"
"infantino",2025-09-15,0,0,,7,"impressions_views_only"
"montreal_canadiens",2025-09-15,0,0,,7,"impressions_views_only"
"motogp",2025-09-15,93500659,74311535,0.7947701737588823,7,"impressions_views_only"
"ny_yankees",2025-09-15,0,0,,7,"impressions_views_only"
"carolina_hurricanes",2025-09-22,826358,354859,0.42942526120640206,7,"impressions_views_only"
"ducati",2025-09-22,9162608,0,0,7,"impressions_views_only"
"f1",2025-09-22,13252972,5407425,0.40801602840479856,7,"impressions_views_only"
"fcwc",2025-09-22,0,0,,7,"impressions_views_only"
"fifa",2025-09-22,5017370,1687735,0.33637842136418084,7,"impressions_views_only"
"fifae",2025-09-22,0,0,,7,"impressions_views_only"
"fifaewc",2025-09-22,0,0,,7,"impressions_views_only"
"fwc",2025-09-22,1849128,1844634,0.9975696652692513,7,"impressions_views_only"
"fwwc",2025-09-22,0,0,,7,"impressions_views_only"
"infantino",2025-09-22,0,0,,7,"impressions_views_only"
"montreal_canadiens",2025-09-22,0,0,,7,"impressions_views_only"
"motogp",2025-09-22,355545664,213189993,0.5996135365610872,7,"impressions_views_only"
"ny_yankees",2025-09-22,0,0,,7,"impressions_views_only"
"carolina_hurricanes",2025-09-29,791985,457643,0.5778430147035613,7,"impressions_views_only"
"ducati",2025-09-29,7637640,0,0,7,"impressions_views_only"
"f1",2025-09-29,62082236,36992254,0.5958589184835418,7,"impressions_views_only"
"fcwc",2025-09-29,17830321,18017691,1.01050850402525,7,"impressions_views_only"
"fifa",2025-09-29,31106412,10496181,0.3374282125498756,7,"impressions_views_only"
"fifae",2025-09-29,0,0,,7,"impressions_views_only"
"fifaewc",2025-09-29,0,0,,7,"impressions_views_only"
"fwc",2025-09-29,56447969,49524989,0.877356437748894,7,"impressions_views_only"
"fwwc",2025-09-29,0,0,,7,"impressions_views_only"
"infantino",2025-09-29,0,0,,7,"impressions_views_only"
"montreal_canadiens",2025-09-29,0,0,,7,"impressions_views_only"
"motogp",2025-09-29,240511253,191150767,0.7947684967571975,7,"impressions_views_only"
"ny_yankees",2025-09-29,0,0,,7,"impressions_views_only"
"carolina_hurricanes",2025-10-06,3933408,2531381,0.6435592239604944,7,"impressions_views_only"
"ducati",2025-10-06,1181125,0,0,7,"impressions_views_only"
"f1",2025-10-06,25379576,22672704,0.8933444751007661,7,"impressions_views_only"
"fcwc",2025-10-06,0,0,,7,"impressions_views_only"
"fifa",2025-10-06,25542314,8611311,0.33713903133443585,7,"impressions_views_only"
"fifae",2025-10-06,0,0,,7,"impressions_views_only"
"fifaewc",2025-10-06,0,0,,7,"impressions_views_only"
"fwc",2025-10-06,46759260,40843358,0.8734817018062304,7,"impressions_views_only"
"fwwc",2025-10-06,0,0,,7,"impressions_views_only"
"infantino",2025-10-06,51603,51283,0.9937988101466969,7,"impressions_views_only"
"montreal_canadiens",2025-10-06,0,0,,7,"impressions_views_only"
"motogp",2025-10-06,119194801,62109276,0.521073700185967,7,"impressions_views_only"
"ny_yankees",2025-10-06,0,0,,7,"impressions_views_only"
"carolina_hurricanes",2025-10-13,4285567,2009346,0.4688635132760729,7,"impressions_views_only"
"ducati",2025-10-13,3965173,0,0,7,"impressions_views_only"
"f1",2025-10-13,82602487,68723553,0.8319792235795516,7,"impressions_views_only"
"fcwc",2025-10-13,2895732,2850908,0.9845206669677995,7,"impressions_views_only"
"fifa",2025-10-13,21740362,7467436,0.3434825970239134,7,"impressions_views_only"
"fifae",2025-10-13,0,0,,7,"impressions_views_only"
"fifaewc",2025-10-13,0,0,,7,"impressions_views_only"
"fwc",2025-10-13,11403735,10590414,0.9286794195059777,7,"impressions_views_only"
"fwwc",2025-10-13,6125313,3625554,0.5918969365320597,7,"impressions_views_only"
"infantino",2025-10-13,0,0,,7,"impressions_views_only"
"montreal_canadiens",2025-10-13,0,0,,7,"impressions_views_only"
"motogp",2025-10-13,25071637,9048589,0.36090938138582657,7,"impressions_views_only"
"ny_yankees",2025-10-13,0,0,,7,"impressions_views_only"
"carolina_hurricanes",2025-10-20,2543679,874503,0.34379455898326794,7,"impressions_views_only"
"ducati",2025-10-20,2841220,0,0,7,"impressions_views_only"
"f1",2025-10-20,55064062,43733781,0.7942345590123736,7,"impressions_views_only"
"fcwc",2025-10-20,814417,810248,0.9948810007649644,7,"impressions_views_only"
"fifa",2025-10-20,44515366,18802583,0.4223841044011634,7,"impressions_views_only"
"fifae",2025-10-20,0,0,,7,"impressions_views_only"
"fifaewc",2025-10-20,0,0,,7,"impressions_views_only"
"fwc",2025-10-20,9140049,8095604,0.8857287307759509,7,"impressions_views_only"
"fwwc",2025-10-20,27579455,22854878,0.8286921550842828,7,"impressions_views_only"
"infantino",2025-10-20,0,0,,7,"impressions_views_only"
"montreal_canadiens",2025-10-20,0,0,,7,"impressions_views_only"
"motogp",2025-10-20,64044516,34948338,0.5456882209867899,7,"impressions_views_only"
"ny_yankees",2025-10-20,0,0,,7,"impressions_views_only"
"carolina_hurricanes",2025-10-27,7014960,6425056,0.9159077172214809,7,"impressions_views_only"
"ducati",2025-10-27,846757,0,0,7,"impressions_views_only"
"f1",2025-10-27,22065948,4597356,0.20834618118378598,7,"impressions_views_only"
"fcwc",2025-10-27,0,0,,7,"impressions_views_only"
"fifa",2025-10-27,7637524,4125152,0.540116404216864,7,"impressions_views_only"
"fifae",2025-10-27,0,0,,7,"impressions_views_only"
"fifaewc",2025-10-27,0,0,,7,"impressions_views_only"
"fwc",2025-10-27,84557,13950,0.16497747081850114,7,"impressions_views_only"
"fwwc",2025-10-27,8026944,7718879,0.9616211350172619,7,"impressions_views_only"
"infantino",2025-10-27,79830,78582,0.9843667794062383,7,"impressions_views_only"
"montreal_canadiens",2025-10-27,0,0,,7,"impressions_views_only"
"motogp",2025-10-27,47590441,35917453,0.7547199026796159,7,"impressions_views_only"
"ny_yankees",2025-10-27,0,0,,7,"impressions_views_only"
"carolina_hurricanes",2025-11-03,1757886,781541,0.444591401262653,7,"impressions_views_only"
"ducati",2025-11-03,3545308,0,0,7,"impressions_views_only"
"f1",2025-11-03,101533548,86056374,0.8475659099394419,7,"impressions_views_only"
"fcwc",2025-11-03,1573933,1555180,0.9880852615708546,7,"impressions_views_only"
"fifa",2025-11-03,62474994,24372940,0.39012312670250116,7,"impressions_views_only"
"fifae",2025-11-03,0,0,,7,"impressions_views_only"
"fifaewc",2025-11-03,0,0,,7,"impressions_views_only"
"fwc",2025-11-03,66360188,57758077,0.8703724136525954,7,"impressions_views_only"
"fwwc",2025-11-03,4396643,4336541,0.9863300249758736,7,"impressions_views_only"
"infantino",2025-11-03,98899,98714,0.9981294047462563,7,"impressions_views_only"
"montreal_canadiens",2025-11-03,0,0,,7,"impressions_views_only"
"motogp",2025-11-03,25292484,17828772,0.704903954866592,7,"impressions_views_only"
"ny_yankees",2025-11-03,0,0,,7,"impressions_views_only"
"carolina_hurricanes",2025-11-10,1738083,1007466,0.5796420539180235,7,"impressions_views_only"
"ducati",2025-11-10,3522710,1742838,0.49474353551669026,7,"impressions_views_only"
"f1",2025-11-10,18919268,9530879,0.5037657376596177,7,"impressions_views_only"
"fcwc",2025-11-10,0,0,,7,"impressions_views_only"
"fifa",2025-11-10,46069015,24008074,0.5211327830647128,7,"impressions_views_only"
"fifae",2025-11-10,0,0,,7,"impressions_views_only"
"fifaewc",2025-11-10,0,0,,7,"impressions_views_only"
"fwc",2025-11-10,29646285,29976155,1.0111268578845545,7,"impressions_views_only"
"fwwc",2025-11-10,4582264,775464,0.16923162873199799,7,"impressions_views_only"
"infantino",2025-11-10,0,0,,7,"impressions_views_only"
"montreal_canadiens",2025-11-10,0,0,,7,"impressions_views_only"
"motogp",2025-11-10,75637336,52226555,0.690486441775263,7,"impressions_views_only"
"ny_yankees",2025-11-10,0,0,,7,"impressions_views_only"
"carolina_hurricanes",2025-11-17,2106993,856967,0.4067251291295225,7,"impressions_views_only"
"ducati",2025-11-17,5082451,0,0,7,"impressions_views_only"
"f1",2025-11-17,34658061,32762057,0.9452939966837729,7,"impressions_views_only"
"fcwc",2025-11-17,0,0,,7,"impressions_views_only"
"fifa",2025-11-17,21784401,9231775,0.42377915279837164,7,"impressions_views_only"
"fifae",2025-11-17,0,0,,7,"impressions_views_only"
"fifaewc",2025-11-17,0,0,,7,"impressions_views_only"
"fwc",2025-11-17,39404298,37124334,0.9421392052207097,7,"impressions_views_only"
"fwwc",2025-11-17,5648034,5604241,0.9922463285454727,7,"impressions_views_only"
"infantino",2025-11-17,266916,263164,0.9859431431611443,7,"impressions_views_only"
"montreal_canadiens",2025-11-17,0,0,,7,"impressions_views_only"
"motogp",2025-11-17,44571343,33340178,0.7480182502017048,7,"impressions_views_only"
"ny_yankees",2025-11-17,0,0,,7,"impressions_views_only"
"carolina_hurricanes",2025-11-24,1123302,900049,0.8012529132860086,7,"impressions_views_only"
"ducati",2025-11-24,276074,0,0,7,"impressions_views_only"
"f1",2025-11-24,7281108,6998087,0.9611294050301136,7,"impressions_views_only"
"fcwc",2025-11-24,0,0,,7,"impressions_views_only"
"fifa",2025-11-24,19559005,7075792,0.3617664600014162,7,"impressions_views_only"
"fifae",2025-11-24,0,0,,7,"impressions_views_only"
"fifaewc",2025-11-24,0,0,,7,"impressions_views_only"
"fwc",2025-11-24,32886310,31752721,0.9655300640296829,7,"impressions_views_only"
"fwwc",2025-11-24,3045939,2989208,0.981374873232852,7,"impressions_views_only"
"infantino",2025-11-24,153142,120075,0.7840762168444972,7,"impressions_views_only"
"montreal_canadiens",2025-11-24,0,0,,7,"impressions_views_only"
"motogp",2025-11-24,31825303,26285030,0.825916095755632,7,"impressions_views_only"
"ny_yankees",2025-11-24,0,0,,7,"impressions_views_only"
"carolina_hurricanes",2025-12-01,1615758,1289466,0.7980563921082241,7,"impressions_views_only"
"ducati",2025-12-01,0,0,,7,"impressions_views_only"
"f1",2025-12-01,117998317,99136168,0.8401489997522592,7,"impressions_views_only"
"fcwc",2025-12-01,0,0,,7,"impressions_views_only"
"fifa",2025-12-01,11719807,3930260,0.3353519388160573,7,"impressions_views_only"
"fifae",2025-12-01,0,0,,7,"impressions_views_only"
"fifaewc",2025-12-01,0,0,,7,"impressions_views_only"
"fwc",2025-12-01,14926829,414,0.000027735294616157257,7,"impressions_views_only"
"fwwc",2025-12-01,2849158,2786387,0.9779685787871364,7,"impressions_views_only"
"infantino",2025-12-01,0,0,,7,"impressions_views_only"
"montreal_canadiens",2025-12-01,0,0,,7,"impressions_views_only"
"motogp",2025-12-01,33320657,28414786,0.8527678790967417,7,"impressions_views_only"
"ny_yankees",2025-12-01,0,0,,7,"impressions_views_only"
"carolina_hurricanes",2025-12-08,1155681,718542,0.6217476968125287,7,"impressions_views_only"
"ducati",2025-12-08,0,0,,7,"impressions_views_only"
"f1",2025-12-08,25160735,20796770,0.8265565373984504,7,"impressions_views_only"
"fcwc",2025-12-08,0,0,,7,"impressions_views_only"
"fifa",2025-12-08,1102183,329204,0.2986836124309665,7,"impressions_views_only"
"fifae",2025-12-08,39426256,38818933,0.9845959758390449,7,"impressions_views_only"
"fifaewc",2025-12-08,298685,295897,0.9906657515442691,7,"impressions_views_only"
"fwc",2025-12-08,1309,410,0.31321619556913677,7,"impressions_views_only"
"fwwc",2025-12-08,159767,154568,0.9674588619677406,7,"impressions_views_only"
"infantino",2025-12-08,0,0,,7,"impressions_views_only"
"montreal_canadiens",2025-12-08,220313,209153,0.9493447958132294,7,"impressions_views_only"
"motogp",2025-12-08,69274330,52575535,0.7589468566494977,7,"impressions_views_only"
"ny_yankees",2025-12-08,0,0,,7,"impressions_views_only"
"carolina_hurricanes",2025-12-15,1838960,701980,0.38172662809414015,7,"impressions_views_only"
"ducati",2025-12-15,2634609,0,0,7,"impressions_views_only"
"f1",2025-12-15,35194372,17195707,0.48859252269084386,7,"impressions_views_only"
"fcwc",2025-12-15,0,0,,7,"impressions_views_only"
"fifa",2025-12-15,4834993,1390295,0.2875485031726002,7,"impressions_views_only"
"fifae",2025-12-15,918269,469099,0.5108513953972094,7,"impressions_views_only"
"fifaewc",2025-12-15,2981545,2946608,0.9882822496390294,7,"impressions_views_only"
"fwc",2025-12-15,0,0,,7,"impressions_views_only"
"fwwc",2025-12-15,0,0,,7,"impressions_views_only"
"infantino",2025-12-15,0,0,,7,"impressions_views_only"
"montreal_canadiens",2025-12-15,0,0,,7,"impressions_views_only"
"motogp",2025-12-15,51375909,40736867,0.7929176883274222,7,"impressions_views_only"
"ny_yankees",2025-12-15,0,0,,7,"impressions_views_only"
"carolina_hurricanes",2025-12-22,600256,369258,0.6151675285211643,7,"impressions_views_only"
"ducati",2025-12-22,320066,196650,0.6144045290658802,7,"impressions_views_only"
"f1",2025-12-22,6393826,11881,0.0018581988311849587,7,"impressions_views_only"
"fcwc",2025-12-22,3999037,3981905,0.9957159686194451,7,"impressions_views_only"
"fifa",2025-12-22,0,0,,7,"impressions_views_only"
"fifae",2025-12-22,0,0,,7,"impressions_views_only"
"fifaewc",2025-12-22,0,0,,7,"impressions_views_only"
"fwc",2025-12-22,0,0,,7,"impressions_views_only"
"fwwc",2025-12-22,0,0,,7,"impressions_views_only"
"infantino",2025-12-22,258614,257280,0.9948417332394998,7,"impressions_views_only"
"montreal_canadiens",2025-12-22,0,0,,7,"impressions_views_only"
"motogp",2025-12-22,14633230,10360013,0.7079785529237222,7,"impressions_views_only"
"ny_yankees",2025-12-22,0,0,,7,"impressions_views_only"
"carolina_hurricanes",2025-12-29,1657534,964275,0.581752772492148,7,"impressions_views_only"
"ducati",2025-12-29,1005708,0,0,7,"impressions_views_only"
"f1",2025-12-29,5795249,5698579,0.9833190946584004,7,"impressions_views_only"
"fcwc",2025-12-29,279802,276569,0.9884454006761925,7,"impressions_views_only"
"fifa",2025-12-29,0,0,,7,"impressions_views_only"
"fifae",2025-12-29,0,0,,7,"impressions_views_only"
"fifaewc",2025-12-29,0,0,,7,"impressions_views_only"
"fwc",2025-12-29,0,0,,7,"impressions_views_only"
"fwwc",2025-12-29,1378265,1368410,0.9928497059709127,7,"impressions_views_only"
"infantino",2025-12-29,113177,111113,0.9817630790708359,7,"impressions_views_only"
"montreal_canadiens",2025-12-29,3144955,2932977,0.9325974457504161,7,"impressions_views_only"
"motogp",2025-12-29,17237868,9989417,0.579504205508477,7,"impressions_views_only"
"ny_yankees",2025-12-29,0,0,,7,"impressions_views_only"
"carolina_hurricanes",2026-01-05,2150377,1077708,0.5011716550167715,7,"impressions_views_only"
"ducati",2026-01-05,1957408,0,0,7,"impressions_views_only"
"f1",2026-01-05,10391293,8778623,0.8448056464195552,7,"impressions_views_only"
"fcwc",2026-01-05,26561,26313,0.9906630021460036,7,"impressions_views_only"
"fifa",2026-01-05,37642,0,0,7,"impressions_views_only"
"fifae",2026-01-05,0,0,,7,"impressions_views_only"
"fifaewc",2026-01-05,0,0,,7,"impressions_views_only"
"fwc",2026-01-05,0,0,,7,"impressions_views_only"
"fwwc",2026-01-05,0,0,,7,"impressions_views_only"
"infantino",2026-01-05,201577,200220,0.9932680811798965,7,"impressions_views_only"
"montreal_canadiens",2026-01-05,0,0,,7,"impressions_views_only"
"motogp",2026-01-05,11009560,4851735,0.4406838238767035,7,"impressions_views_only"
"ny_yankees",2026-01-05,0,0,,7,"impressions_views_only"
"carolina_hurricanes",2026-01-12,1625854,585210,0.35994006841942755,7,"impressions_views_only"
"ducati",2026-01-12,978573,0,0,7,"impressions_views_only"
"f1",2026-01-12,0,0,,7,"impressions_views_only"
"fcwc",2026-01-12,0,0,,7,"impressions_views_only"
"fifa",2026-01-12,122346,40398,0.33019469373743315,7,"impressions_views_only"
"fifae",2026-01-12,125377,123910,0.9882992893433404,7,"impressions_views_only"
"fifaewc",2026-01-12,0,0,,7,"impressions_views_only"
"fwc",2026-01-12,0,0,,7,"impressions_views_only"
"fwwc",2026-01-12,0,0,,7,"impressions_views_only"
"infantino",2026-01-12,0,0,,7,"impressions_views_only"
"montreal_canadiens",2026-01-12,42630,13724,0.3219329110954727,7,"impressions_views_only"
"motogp",2026-01-12,12196060,6522407,0.5347962374734135,7,"impressions_views_only"
"ny_yankees",2026-01-12,0,0,,7,"impressions_views_only"
"carolina_hurricanes",2026-01-19,2565834,1541659,0.6008412859132742,7,"impressions_views_only"
"ducati",2026-01-19,5942335,2745850,0.46208266615732707,7,"impressions_views_only"
"f1",2026-01-19,132882,42778,0.3219247151608194,7,"impressions_views_only"
"fcwc",2026-01-19,0,0,,7,"impressions_views_only"
"fifa",2026-01-19,786576,260620,0.3313347979089115,7,"impressions_views_only"
"fifae",2026-01-19,0,0,,7,"impressions_views_only"
"fifaewc",2026-01-19,0,0,,7,"impressions_views_only"
"fwc",2026-01-19,449717,407154,0.9053560350175778,7,"impressions_views_only"
"fwwc",2026-01-19,0,0,,7,"impressions_views_only"
"infantino",2026-01-19,0,0,,7,"impressions_views_only"
"montreal_canadiens",2026-01-19,0,0,,7,"impressions_views_only"
"motogp",2026-01-19,14759324,4042925,0.27392345340477653,7,"impressions_views_only"
"ny_yankees",2026-01-19,0,0,,7,"impressions_views_only"
"carolina_hurricanes",2026-01-26,1589171,1273069,0.8010900022716246,7,"impressions_views_only"
"ducati",2026-01-26,779138,0,0,7,"impressions_views_only"
"f1",2026-01-26,8688119,57120,0.006574495584141976,7,"impressions_views_only"
"fcwc",2026-01-26,2120458,2018408,0.9518736046646527,7,"impressions_views_only"
"fifa",2026-01-26,2335347,773768,0.3313289202846515,7,"impressions_views_only"
"fifae",2026-01-26,0,0,,7,"impressions_views_only"
"fifaewc",2026-01-26,0,0,,7,"impressions_views_only"
"fwc",2026-01-26,16103,5458,0.33894305408930014,7,"impressions_views_only"
"fwwc",2026-01-26,0,0,,7,"impressions_views_only"
"infantino",2026-01-26,118952,118449,0.9957714035913646,7,"impressions_views_only"
"montreal_canadiens",2026-01-26,0,0,,7,"impressions_views_only"
"motogp",2026-01-26,21966931,4694091,0.2136889763982051,7,"impressions_views_only"
"ny_yankees",2026-01-26,0,0,,7,"impressions_views_only"
"carolina_hurricanes",2026-02-02,2726661,2295814,0.8419873244235349,7,"impressions_views_only"
"ducati",2026-02-02,12446625,3169163,0.2546202685466944,7,"impressions_views_only"
"f1",2026-02-02,7715105,4832600,0.6263816240997369,7,"impressions_views_only"
"fcwc",2026-02-02,3824001,3752111,0.981200318723766,7,"impressions_views_only"
"fifa",2026-02-02,1286366,512170,0.3981526253025966,7,"impressions_views_only"
"fifae",2026-02-02,0,0,,7,"impressions_views_only"
"fifaewc",2026-02-02,0,0,,7,"impressions_views_only"
"fwc",2026-02-02,6724,2455,0.3651100535395598,7,"impressions_views_only"
"fwwc",2026-02-02,0,0,,7,"impressions_views_only"
"infantino",2026-02-02,70972,70653,0.9955052696838189,7,"impressions_views_only"
"montreal_canadiens",2026-02-02,44683,12615,0.2823221359353669,7,"impressions_views_only"
"motogp",2026-02-02,87371735,55585121,0.6361911091727777,7,"impressions_views_only"
"ny_yankees",2026-02-02,0,0,,7,"impressions_views_only"
"carolina_hurricanes",2026-02-09,0,0,,7,"impressions_views_only"
"ducati",2026-02-09,537481,504970,0.9395122804340991,7,"impressions_views_only"
"f1",2026-02-09,68201945,63684131,0.9337582821135086,7,"impressions_views_only"
"fcwc",2026-02-09,42728,41952,0.981838607002434,7,"impressions_views_only"
"fifa",2026-02-09,0,0,,7,"impressions_views_only"
"fifae",2026-02-09,0,0,,7,"impressions_views_only"
"fifaewc",2026-02-09,0,0,,7,"impressions_views_only"
"fwc",2026-02-09,0,0,,7,"impressions_views_only"
"fwwc",2026-02-09,0,0,,7,"impressions_views_only"
"infantino",2026-02-09,0,0,,7,"impressions_views_only"
"montreal_canadiens",2026-02-09,0,0,,7,"impressions_views_only"
"motogp",2026-02-09,13831347,9156217,0.6619902602400186,7,"impressions_views_only"
"ny_yankees",2026-02-09,0,0,,7,"impressions_views_only"
"carolina_hurricanes",2026-02-16,696377,59720,0.08575814537240604,7,"impressions_views_only"
"ducati",2026-02-16,2374718,756998,0.3187738502003185,7,"impressions_views_only"
"f1",2026-02-16,61699978,54716958,0.8868229742318546,7,"impressions_views_only"
"fcwc",2026-02-16,3045121,3038435,0.9978043565428106,7,"impressions_views_only"
"fifa",2026-02-16,0,0,,7,"impressions_views_only"
"fifae",2026-02-16,2828,923,0.32637906647807635,7,"impressions_views_only"
"fifaewc",2026-02-16,0,0,,7,"impressions_views_only"
"fwc",2026-02-16,0,0,,7,"impressions_views_only"
"fwwc",2026-02-16,0,0,,7,"impressions_views_only"
"infantino",2026-02-16,0,0,,7,"impressions_views_only"
"montreal_canadiens",2026-02-16,0,0,,7,"impressions_views_only"
"motogp",2026-02-16,54681143,33139377,0.6060476277900775,7,"impressions_views_only"
"ny_yankees",2026-02-16,0,0,,7,"impressions_views_only"
"carolina_hurricanes",2026-02-23,1117572,791731,0.7084384719731704,7,"impressions_views_only"
"ducati",2026-02-23,3182594,2937819,0.9230894672710374,7,"impressions_views_only"
"f1",2026-02-23,7495382,0,0,7,"impressions_views_only"
"fcwc",2026-02-23,3599222,3403220,0.945543231287206,7,"impressions_views_only"
"fifa",2026-02-23,67443,21601,0.3202852779384072,7,"impressions_views_only"
"fifae",2026-02-23,437772,418400,0.9557486545507707,7,"impressions_views_only"
"fifaewc",2026-02-23,0,0,,7,"impressions_views_only"
"fwc",2026-02-23,251338,210803,0.8387231536814966,7,"impressions_views_only"
"fwwc",2026-02-23,0,0,,7,"impressions_views_only"
"infantino",2026-02-23,191358,191183,0.9990854837529657,7,"impressions_views_only"
"montreal_canadiens",2026-02-23,1534057,1503879,0.9803279799903133,7,"impressions_views_only"
"motogp",2026-02-23,158968688,126453157,0.795459524708413,7,"impressions_views_only"
"ny_yankees",2026-02-23,0,0,,7,"impressions_views_only"
"carolina_hurricanes",2026-03-02,1291509,399170,0.3090725655028343,7,"impressions_views_only"
"ducati",2026-03-02,1001874,147733,0.1474566662075271,7,"impressions_views_only"
"f1",2026-03-02,144350896,79019323,0.5474113787281237,7,"impressions_views_only"
"fcwc",2026-03-02,0,0,,7,"impressions_views_only"
"fifa",2026-03-02,0,0,,7,"impressions_views_only"
"fifae",2026-03-02,842276,794163,0.9428773941083445,7,"impressions_views_only"
"fifaewc",2026-03-02,99885,98962,0.9907593732792712,7,"impressions_views_only"
"fwc",2026-03-02,0,0,,7,"impressions_views_only"
"fwwc",2026-03-02,0,0,,7,"impressions_views_only"
"infantino",2026-03-02,0,0,,7,"impressions_views_only"
"montreal_canadiens",2026-03-02,0,0,,7,"impressions_views_only"
"motogp",2026-03-02,58555913,46322084,0.7910744043902108,7,"impressions_views_only"
"ny_yankees",2026-03-02,0,0,,7,"impressions_views_only"
"carolina_hurricanes",2026-03-09,1407230,359620,0.2555516866468168,7,"impressions_views_only"
"ducati",2026-03-09,242984,0,0,7,"impressions_views_only"
"f1",2026-03-09,141714348,74461450,0.5254333880151641,7,"impressions_views_only"
"fcwc",2026-03-09,0,0,,7,"impressions_views_only"
"fifa",2026-03-09,0,0,,7,"impressions_views_only"
"fifae",2026-03-09,2114978,2080420,0.9836603501313016,7,"impressions_views_only"
"fifaewc",2026-03-09,0,0,,7,"impressions_views_only"
"fwc",2026-03-09,0,0,,7,"impressions_views_only"
"fwwc",2026-03-09,0,0,,7,"impressions_views_only"
"infantino",2026-03-09,0,0,,7,"impressions_views_only"
"montreal_canadiens",2026-03-09,0,0,,7,"impressions_views_only"
"motogp",2026-03-09,3951664,2755911,0.697405194368752,7,"impressions_views_only"
"ny_yankees",2026-03-09,0,0,,7,"impressions_views_only"
"carolina_hurricanes",2026-03-16,1202128,694775,0.5779542611102977,7,"impressions_views_only"
"ducati",2026-03-16,3741171,2498257,0.667774073946366,7,"impressions_views_only"
"f1",2026-03-16,7681286,6993135,0.910412006531198,7,"impressions_views_only"
"fcwc",2026-03-16,0,0,,7,"impressions_views_only"
"fifa",2026-03-16,0,0,,7,"impressions_views_only"
"fifae",2026-03-16,0,0,,7,"impressions_views_only"
"fifaewc",2026-03-16,0,0,,7,"impressions_views_only"
"fwc",2026-03-16,0,0,,7,"impressions_views_only"
"fwwc",2026-03-16,0,0,,7,"impressions_views_only"
"infantino",2026-03-16,429765,416853,0.9699556734494433,7,"impressions_views_only"
"montreal_canadiens",2026-03-16,0,0,,7,"impressions_views_only"
"motogp",2026-03-16,120256694,99221091,0.8250774879941403,7,"impressions_views_only"
"ny_yankees",2026-03-16,0,0,,7,"impressions_views_only"
"carolina_hurricanes",2026-03-23,1062115,674268,0.6348352108764117,7,"impressions_views_only"
"ducati",2026-03-23,3907297,3246206,0.8308060533918973,7,"impressions_views_only"
"f1",2026-03-23,81549186,47279535,0.5797670990854525,7,"impressions_views_only"
"fcwc",2026-03-23,0,0,,7,"impressions_views_only"
"fifa",2026-03-23,7698315,2228359,0.289460615732144,7,"impressions_views_only"
"fifae",2026-03-23,0,0,,7,"impressions_views_only"
"fifaewc",2026-03-23,0,0,,7,"impressions_views_only"
"fwc",2026-03-23,6245072,6107959,0.9780446086129991,7,"impressions_views_only"
"fwwc",2026-03-23,0,0,,7,"impressions_views_only"
"infantino",2026-03-23,0,0,,7,"impressions_views_only"
"montreal_canadiens",2026-03-23,65537,41296,0.6301173382974503,7,"impressions_views_only"
"motogp",2026-03-23,169212483,136175698,0.8047615375988544,7,"impressions_views_only"
"ny_yankees",2026-03-23,0,0,,7,"impressions_views_only"
"carolina_hurricanes",2026-03-30,2295987,1105558,0.48151753472471753,7,"impressions_views_only"
"ducati",2026-03-30,1153220,678149,0.5880482475156519,7,"impressions_views_only"
"f1",2026-03-30,9289677,8864914,0.9542758052836497,7,"impressions_views_only"
"fcwc",2026-03-30,0,0,,7,"impressions_views_only"
"fifa",2026-03-30,6622440,2184094,0.3298020065111953,7,"impressions_views_only"
"fifae",2026-03-30,403048,399182,0.9904080903515214,7,"impressions_views_only"
"fifaewc",2026-03-30,0,0,,7,"impressions_views_only"
"fwc",2026-03-30,4611844,3748652,0.8128314834586773,7,"impressions_views_only"
"fwwc",2026-03-30,0,0,,7,"impressions_views_only"
"infantino",2026-03-30,0,0,,7,"impressions_views_only"
"montreal_canadiens",2026-03-30,1490567,1430943,0.9599991144309514,7,"impressions_views_only"
"motogp",2026-03-30,69753231,58818919,0.8432429316428367,7,"impressions_views_only"
"ny_yankees",2026-03-30,12016633,11153385,0.9281622397887994,7,"impressions_views_only"
"carolina_hurricanes",2026-04-06,2376354,727743,0.3062435142238909,7,"impressions_views_only"
"ducati",2026-04-06,1148056,1044272,0.9096002285602793,7,"impressions_views_only"
"f1",2026-04-06,11351288,11024175,0.9711827415532053,7,"impressions_views_only"
"fcwc",2026-04-06,2252919,2222262,0.986392320363049,7,"impressions_views_only"
"fifa",2026-04-06,1582365,524209,0.3312819735016889,7,"impressions_views_only"
"fifae",2026-04-06,0,0,,7,"impressions_views_only"
"fifaewc",2026-04-06,0,0,,7,"impressions_views_only"
"fwc",2026-04-06,2296264,2258241,0.9834413638849888,7,"impressions_views_only"
"fwwc",2026-04-06,0,0,,7,"impressions_views_only"
"infantino",2026-04-06,71918,70998,0.9872076531605439,7,"impressions_views_only"
"montreal_canadiens",2026-04-06,0,0,,7,"impressions_views_only"
"motogp",2026-04-06,8072744,7139666,0.8844162530113676,7,"impressions_views_only"
"ny_yankees",2026-04-06,0,0,,7,"impressions_views_only"
"carolina_hurricanes",2026-04-13,2343433,1007725,0.43002082841711287,7,"impressions_views_only"
"ducati",2026-04-13,2573884,2123042,0.824839814070875,7,"impressions_views_only"
"f1",2026-04-13,9035172,7309648,0.8090214552639396,7,"impressions_views_only"
"fcwc",2026-04-13,0,0,,7,"impressions_views_only"
"fifa",2026-04-13,80517,26388,0.32773203174484894,7,"impressions_views_only"
"fifae",2026-04-13,0,0,,7,"impressions_views_only"
"fifaewc",2026-04-13,0,0,,7,"impressions_views_only"
"fwc",2026-04-13,0,0,,7,"impressions_views_only"
"fwwc",2026-04-13,0,0,,7,"impressions_views_only"
"infantino",2026-04-13,0,0,,7,"impressions_views_only"
"montreal_canadiens",2026-04-13,328690,117016,0.3560071800176458,7,"impressions_views_only"
"motogp",2026-04-13,7874415,4966745,0.630744633093379,7,"impressions_views_only"
"ny_yankees",2026-04-13,0,0,,7,"impressions_views_only"
"carolina_hurricanes",2026-04-20,2886802,1201019,0.41603788552176424,7,"impressions_views_only"
"ducati",2026-04-20,15503204,13261205,0.8553847965878537,7,"impressions_views_only"
"f1",2026-04-20,14436611,12777342,0.8850651998588865,7,"impressions_views_only"
"fcwc",2026-04-20,0,0,,7,"impressions_views_only"
"fifa",2026-04-20,112668,36786,0.32649909468527,7,"impressions_views_only"
"fifae",2026-04-20,25404,8188,0.32231144701621794,7,"impressions_views_only"
"fifaewc",2026-04-20,0,0,,7,"impressions_views_only"
"fwc",2026-04-20,458220,0,0,7,"impressions_views_only"
"fwwc",2026-04-20,0,0,,7,"impressions_views_only"
"infantino",2026-04-20,0,0,,7,"impressions_views_only"
"montreal_canadiens",2026-04-20,0,0,,7,"impressions_views_only"
"motogp",2026-04-20,83045292,61484148,0.7403688579961883,7,"impressions_views_only"
"ny_yankees",2026-04-20,0,0,,7,"impressions_views_only"
"carolina_hurricanes",2026-04-27,3517990,1462870,0.41582551400089257,7,"impressions_views_only"
"ducati",2026-04-27,4318368,1153585,0.2671344822859006,7,"impressions_views_only"
"f1",2026-04-27,4014400,3202182,0.7976738740534077,7,"impressions_views_only"
"fcwc",2026-04-27,0,0,,7,"impressions_views_only"
"fifa",2026-04-27,119631,39357,0.32898663389924016,7,"impressions_views_only"
"fifae",2026-04-27,12129,3962,0.3266551240827768,7,"impressions_views_only"
"fifaewc",2026-04-27,0,0,,7,"impressions_views_only"
"fwc",2026-04-27,3573920,3550375,0.9934119957917357,7,"impressions_views_only"
"fwwc",2026-04-27,0,0,,7,"impressions_views_only"
"infantino",2026-04-27,351531,340968,0.9699514409824453,7,"impressions_views_only"
"montreal_canadiens",2026-04-27,0,0,,7,"impressions_views_only"
"motogp",2026-04-27,74176628,65999020,0.889754923882493,7,"impressions_views_only"
"ny_yankees",2026-04-27,0,0,,7,"impressions_views_only"
"carolina_hurricanes",2026-05-04,4951544,2203962,0.44510601137746125,7,"impressions_views_only"
"ducati",2026-05-04,11443826,9015364,0.7877928238335675,7,"impressions_views_only"
"f1",2026-05-04,36662890,34488832,0.9407014013352466,7,"impressions_views_only"
"fcwc",2026-05-04,497851,495957,0.9961956488989677,7,"impressions_views_only"
"fifa",2026-05-04,0,0,,7,"impressions_views_only"
"fifae",2026-05-04,0,0,,7,"impressions_views_only"
"fifaewc",2026-05-04,264709,260637,0.9846170700656193,7,"impressions_views_only"
"fwc",2026-05-04,5476137,5373111,0.9811863728025796,7,"impressions_views_only"
"fwwc",2026-05-04,0,0,,7,"impressions_views_only"
"infantino",2026-05-04,0,0,,7,"impressions_views_only"
"montreal_canadiens",2026-05-04,0,0,,7,"impressions_views_only"
"motogp",2026-05-04,357992600,336684308,0.9404784009501872,7,"impressions_views_only"
"ny_yankees",2026-05-04,0,0,,7,"impressions_views_only"
"carolina_hurricanes",2026-05-11,985922,326751,0.33141668407845654,7,"impressions_views_only"
"ducati",2026-05-11,16789531,12767424,0.7604395858347681,7,"impressions_views_only"
"f1",2026-05-11,52527468,16375462,0.3117504540671939,7,"impressions_views_only"
"fcwc",2026-05-11,0,0,,7,"impressions_views_only"
"fifa",2026-05-11,2373,0,0,7,"impressions_views_only"
"fifae",2026-05-11,89613,66140,0.7380625578878065,7,"impressions_views_only"
"fifaewc",2026-05-11,0,0,,7,"impressions_views_only"
"fwc",2026-05-11,0,0,,7,"impressions_views_only"
"fwwc",2026-05-11,0,0,,7,"impressions_views_only"
"infantino",2026-05-11,0,0,,7,"impressions_views_only"
"montreal_canadiens",2026-05-11,140675,51224,0.36413008708014927,7,"impressions_views_only"
"motogp",2026-05-11,48952431,36220932,0.7399210061702554,7,"impressions_views_only"
"ny_yankees",2026-05-11,0,0,,7,"impressions_views_only"
"carolina_hurricanes",2026-05-18,4463697,3148098,0.7052669569641488,7,"impressions_views_only"
"ducati",2026-05-18,3926368,3494250,0.8899446002004906,7,"impressions_views_only"
"f1",2026-05-18,262926341,215484001,0.8195603383838974,7,"impressions_views_only"
"fcwc",2026-05-18,0,0,,7,"impressions_views_only"
"fifa",2026-05-18,1224596,484619,0.395737859669638,7,"impressions_views_only"
"fifae",2026-05-18,0,0,,7,"impressions_views_only"
"fifaewc",2026-05-18,0,0,,7,"impressions_views_only"
"fwc",2026-05-18,3372035,1792476,0.5315709949629823,7,"impressions_views_only"
"fwwc",2026-05-18,191551,189485,0.9892143606663499,7,"impressions_views_only"
"infantino",2026-05-18,0,0,,7,"impressions_views_only"
"montreal_canadiens",2026-05-18,6784730,5796610,0.8543611904968952,7,"impressions_views_only"
"motogp",2026-05-18,13986613,7727520,0.5524940169575007,7,"impressions_views_only"
"ny_yankees",2026-05-18,0,0,,7,"impressions_views_only"
"carolina_hurricanes",2026-05-25,9976440,4778140,0.4789423882667565,7,"impressions_views_only"
"ducati",2026-05-25,20395233,17144716,0.8406236888786708,7,"impressions_views_only"
"f1",2026-05-25,296637558,195439307,0.6588488265535142,7,"impressions_views_only"
"fcwc",2026-05-25,276841,276449,0.9985840247651179,7,"impressions_views_only"
"fifa",2026-05-25,0,0,,7,"impressions_views_only"
"fifae",2026-05-25,0,0,,7,"impressions_views_only"
"fifaewc",2026-05-25,0,0,,7,"impressions_views_only"
"fwc",2026-05-25,0,0,,7,"impressions_views_only"
"fwwc",2026-05-25,0,0,,7,"impressions_views_only"
"infantino",2026-05-25,34583,33929,0.9810889743515601,7,"impressions_views_only"
"montreal_canadiens",2026-05-25,1593981,1179390,0.7399021694737892,7,"impressions_views_only"
"motogp",2026-05-25,168938256,139263865,0.8243477131668744,7,"impressions_views_only"
"ny_yankees",2026-05-25,0,0,,7,"impressions_views_only"
"carolina_hurricanes",2026-06-01,13048509,6338144,0.4857370294184569,7,"impressions_views_only"
"ducati",2026-06-01,21935523,15681286,0.7148808806610173,7,"impressions_views_only"
"f1",2026-06-01,74076800,40651278,0.5487720581882587,7,"impressions_views_only"
"fcwc",2026-06-01,0,0,,7,"impressions_views_only"
"fifa",2026-06-01,445284,147102,0.33035545853882015,7,"impressions_views_only"
"fifae",2026-06-01,0,0,,7,"impressions_views_only"
"fifaewc",2026-06-01,0,0,,7,"impressions_views_only"
"fwc",2026-06-01,0,0,,7,"impressions_views_only"
"fwwc",2026-06-01,0,0,,7,"impressions_views_only"
"infantino",2026-06-01,0,0,,7,"impressions_views_only"
"montreal_canadiens",2026-06-01,0,0,,7,"impressions_views_only"
"motogp",2026-06-01,216991411,178657488,0.8233389846015611,7,"impressions_views_only"
"ny_yankees",2026-06-01,0,0,,7,"impressions_views_only"
"carolina_hurricanes",2026-06-08,2423673,988026,0.4076564784110728,4,"impressions_views_only"
"ducati",2026-06-08,2762790,2350840,0.8508934808653571,4,"impressions_views_only"
"f1",2026-06-08,89737240,72580549,0.8088119157665201,4,"impressions_views_only"
"fcwc",2026-06-08,0,0,,4,"impressions_views_only"
"fifa",2026-06-08,4546968,1502855,0.33051805070983564,4,"impressions_views_only"
"fifae",2026-06-08,374565,312691,0.8348110474817455,4,"impressions_views_only"
"fifaewc",2026-06-08,0,0,,4,"impressions_views_only"
"fwc",2026-06-08,4769933,4699579,0.9852505265797235,4,"impressions_views_only"
"fwwc",2026-06-08,0,0,,4,"impressions_views_only"
"infantino",2026-06-08,141564,0,0,4,"impressions_views_only"
"montreal_canadiens",2026-06-08,0,0,,4,"impressions_views_only"
"motogp",2026-06-08,61076170,45485836,0.7447394949617829,4,"impressions_views_only"
"ny_yankees",2026-06-08,0,0,,4,"impressions_views_only"
