"specification","donor_count","post_mean_gap"
"leave_out_donor_dell",25,0.913961592700671
"leave_out_donor_asus",25,1.191623343435176
"leave_out_donor_acer",25,0.9085407542826245
"leave_out_donor_hp",25,0.8906224285746899
"leave_out_donor_microsoft_surface",25,0.9085406891970588
"leave_out_donor_razer",25,0.9085406865786247
"leave_out_donor_logitech",25,0.9085406719654671
"leave_out_donor_macbook",25,1.1460436429232932
"leave_out_donor_corsair",25,0.9076791473281023
"leave_out_donor_steelseries",25,0.908540682563199
"leave_out_donor_benq",25,0.9085406841427076
"leave_out_donor_intel",25,0.9438035010942305
"leave_out_donor_amd",25,0.9085406866922536
"leave_out_donor_kingston",25,0.9085406920492104
"leave_out_donor_sony",25,0.9085407716740739
"leave_out_donor_xiaomi",25,0.9085406869844409
"leave_out_donor_tp_link",25,0.9133577822850791
"leave_out_donor_seagate",25,0.9085406866897618
"leave_out_donor_alienware",25,0.9085407022341762
"leave_out_donor_chromebook",25,0.9085406260469189
"leave_out_donor_ipad",25,0.9010353124783759
"leave_out_donor_synology",25,0.9085406809391382
"leave_out_donor_epson",25,0.8775733586845057
"leave_out_donor_canon",25,0.9085406865352106
"leave_out_donor_philips",25,0.9161001222664132
"leave_out_donor_nintendo",25,0.9085406865661576
