brand_id,screen_window,official_fifa_search_result,world_cup_marketing_search_result,decision,evidence_urls,review_notes,reviewed_at
dell,2022-01-01_to_2026-07-15,no_match_found,no_match_found,base,"https://inside.fifa.com/tournament-organisation/partners; https://publications.fifa.com/en/annual-report-2022/finances/2019-2022-cycle-in-review/2019-2022-revenue/; https://inside.fifa.com/en/official-documents/annual-report/2023/financials/2023-financials-in-review/2023-revenue; https://inside.fifa.com/en/official-documents/annual-report/2024/financials/2024-financials-in-review/2024-revenue; https://inside.fifa.com/official-documents/annual-report/2025","Structured source and targeted name search completed; negative finding is not proof of absence",2026-07-15
asus,2022-01-01_to_2026-07-15,no_match_found,no_match_found,base,"https://inside.fifa.com/tournament-organisation/partners; https://inside.fifa.com/en/tournament-organisation/commercial/fifa-marketing/marketing-news","Structured source and targeted name search completed",2026-07-15
acer,2022-01-01_to_2026-07-15,no_match_found,no_match_found,base,"https://inside.fifa.com/tournament-organisation/partners; https://inside.fifa.com/en/tournament-organisation/commercial/fifa-marketing/marketing-news","Structured source and targeted name search completed",2026-07-15
hp,2022-01-01_to_2026-07-15,no_match_found,no_match_found,base,"https://inside.fifa.com/tournament-organisation/partners; https://inside.fifa.com/en/tournament-organisation/commercial/fifa-marketing/marketing-news","HP laptop query screened separately from generic HP",2026-07-15
microsoft_surface,2022-01-01_to_2026-07-15,no_match_found,no_match_found,base,"https://inside.fifa.com/tournament-organisation/partners; https://inside.fifa.com/en/tournament-organisation/commercial/fifa-marketing/marketing-news","Surface product brand screened; Microsoft platform relationships are not treated as Surface marketing absent evidence",2026-07-15
razer,2022-01-01_to_2026-07-15,no_match_found,no_match_found,base,"https://inside.fifa.com/tournament-organisation/partners; https://inside.fifa.com/organisation/media-releases/digital-football-strategy-connect-partners-platforms-global-gaming-esports-ecosystem","FIFAe and gaming-partner search included",2026-07-15
logitech,2022-01-01_to_2026-07-15,no_match_found,no_match_found,base,"https://inside.fifa.com/tournament-organisation/partners; https://inside.fifa.com/organisation/media-releases/digital-football-strategy-connect-partners-platforms-global-gaming-esports-ecosystem","FIFAe and gaming-partner search included",2026-07-15
gigabyte,2022-01-01_to_2026-07-15,no_match_found,no_match_found,base,"https://inside.fifa.com/tournament-organisation/partners; https://inside.fifa.com/en/tournament-organisation/commercial/fifa-marketing/marketing-news","Category-disambiguated query required",2026-07-15
toshiba,2022-01-01_to_2026-07-15,no_match_found,no_match_found,base,"https://inside.fifa.com/tournament-organisation/partners; https://inside.fifa.com/en/tournament-organisation/commercial/fifa-marketing/marketing-news","Structural decline remains a separate donor-quality issue",2026-07-15
fujitsu,2022-01-01_to_2026-07-15,no_match_found,no_match_found,base,"https://inside.fifa.com/tournament-organisation/partners; https://inside.fifa.com/en/tournament-organisation/commercial/fifa-marketing/marketing-news","Regional concentration remains a separate donor-quality issue",2026-07-15
macbook,2022-01-01_to_2026-07-15,no_match_found,no_match_found,base,"https://inside.fifa.com/tournament-organisation/partners; https://inside.fifa.com/en/tournament-organisation/commercial/fifa-marketing/marketing-news","MacBook exact product query avoids Apple brand ambiguity",2026-07-15
vaio,2022-01-01_to_2026-07-15,no_match_found,no_match_found,base,"https://inside.fifa.com/tournament-organisation/partners; https://inside.fifa.com/en/tournament-organisation/commercial/fifa-marketing/marketing-news","Historical Sony-FIFA relationship predates the 2022-2026 screen and VAIO separation",2026-07-15
framework,2022-01-01_to_2026-07-15,no_match_found,no_match_found,base,"https://inside.fifa.com/tournament-organisation/partners; https://inside.fifa.com/en/tournament-organisation/commercial/fifa-marketing/marketing-news","Coverage quality must be checked before base inclusion",2026-07-15
lg_gram,2022-01-01_to_2026-07-15,no_official_sponsorship_match,parent_brand_world_cup_marketing_found,excluded,https://www.koreatimes.co.kr/business/companies/20221120/korean-firms-seek-to-capitalize-on-qatar-world-cup,"Laptop query is narrower but parent-brand World Cup halo makes it unsuitable as an untreated outcome",2026-07-15
corsair,2022-01-01_to_2026-07-15,no_match_found,no_match_found,base,"https://inside.fifa.com/tournament-organisation/partners; https://inside.fifa.com/organisation/media-releases/digital-football-strategy-connect-partners-platforms-global-gaming-esports-ecosystem","Gaming and FIFAe targeted search completed",2026-07-15
steelseries,2022-01-01_to_2026-07-15,no_match_found,no_match_found,base,"https://inside.fifa.com/tournament-organisation/partners; https://inside.fifa.com/organisation/media-releases/digital-football-strategy-connect-partners-platforms-global-gaming-esports-ecosystem","Gaming and FIFAe targeted search completed",2026-07-15
benq,2022-01-01_to_2026-07-15,no_match_found,viewing_support_content_only,base,https://www.benq.com/en-us/support/downloads-faq/faq/product/explanation/projector-faq-kn-00061.html,"Support FAQ is not a campaign or rights relationship; monitor-heavy construct remains a quality consideration",2026-07-15
aoc_monitor,2022-01-01_to_2026-07-15,no_match_found,no_match_found,base,"https://inside.fifa.com/tournament-organisation/partners; https://inside.fifa.com/organisation/media-releases/digital-football-strategy-connect-partners-platforms-global-gaming-esports-ecosystem","Acronym-disambiguated query required",2026-07-15
huawei,2022-01-01_to_2026-07-15,no_match_found,no_match_found,sensitivity,"https://inside.fifa.com/tournament-organisation/partners; https://inside.fifa.com/en/tournament-organisation/commercial/fifa-marketing/marketing-news","Kept sensitivity-only for construct and geography rather than FIFA contamination",2026-07-15
msi,2022-01-01_to_2026-07-15,no_official_sponsorship_match,positive_2022_vendor_visibility,sensitivity,https://www.msi.com/about/brandStory,"MSI reports World Cup stadium-solutions visibility; this can move brand search with the event",2026-07-15
samsung,2022-01-01_to_2026-07-15,no_current_official_sponsorship_match,positive_fifa_distribution_and_world_cup_campaigns,excluded,"https://news.samsung.com/us/fifa-channel-added-to-samsung-tv-plus/; https://www.koreatimes.co.kr/business/companies/20221120/korean-firms-seek-to-capitalize-on-qatar-world-cup","Outcome is exposed to FIFA content and World Cup marketing even without official sponsor rights",2026-07-15
