event_date,fiscal_year,fiscal_quarter,source_url
2022-08-10,FY22/23,Q1,https://investor.lenovo.com/en/financial/results/press_2223_q1.pdf
2022-11-03,FY22/23,Q2,https://investor.lenovo.com/en/financial/results/press_2223_q2.pdf
2023-02-17,FY22/23,Q3,https://investor.lenovo.com/en/financial/results/press_2223_q3.pdf
2023-05-24,FY22/23,Q4,https://investor.lenovo.com/en/financial/results/press_2223_q4.pdf
2023-08-17,FY23/24,Q1,https://investor.lenovo.com/en/financial/results/press_2324_q1.pdf
2023-11-16,FY23/24,Q2,https://investor.lenovo.com/en/financial/results/press_2324_q2.pdf
2024-02-22,FY23/24,Q3,https://investor.lenovo.com/en/financial/results/press_2324_q3.pdf
2024-05-23,FY23/24,Q4,https://investor.lenovo.com/en/financial/results/press_2324_q4.pdf
2024-08-15,FY24/25,Q1,https://investor.lenovo.com/en/financial/results/press_2425_q1.pdf
2024-11-15,FY24/25,Q2,https://investor.lenovo.com/en/financial/results/press_2425_q2.pdf
2025-02-20,FY24/25,Q3,https://investor.lenovo.com/en/financial/results/press_2425_q3.pdf
2025-05-22,FY24/25,Q4,https://investor.lenovo.com/en/financial/results/press_2425_q4.pdf
2025-08-14,FY25/26,Q1,https://investor.lenovo.com/en/financial/results/press_2526_q1.pdf
2025-11-20,FY25/26,Q2,https://investor.lenovo.com/en/financial/results/press_2526_q2.pdf
2026-02-12,FY25/26,Q3,https://investor.lenovo.com/en/financial/results/press_2526_q3.pdf
2026-05-22,FY25/26,Q4,https://investor.lenovo.com/en/financial/results/press_2526_q4.pdf
2026-08-13,FY26/27,Q1,https://investor.lenovo.com/en/financial/results/press_2627_q1.pdf
