event_id,event_timestamp_utc,event_end_utc,product_family,event_type,event_scope,evidence_status,source,notes
lenovo_ces_2022,2022-01-05T00:00:00Z,2022-01-08T23:59:59Z,portfolio,ces_launch,nonsponsorship,confirmed,https://news.lenovo.com/press-kits/ces-2022/,Major portfolio launch
lenovo_mwc_2022,2022-02-28T00:00:00Z,2022-03-03T23:59:59Z,portfolio,mwc_launch,nonsponsorship,confirmed,https://news.lenovo.com/press-kits/mwc-2022/,ThinkPad ThinkBook and consumer-device launches
lenovo_tech_life_2022,2022-09-01T00:00:00Z,2022-09-02T23:59:59Z,portfolio,innovation_event,nonsponsorship,confirmed,https://news.lenovo.com/press-kits/tech-life-2022/,Foldable PC and device launches
lenovo_tech_world_2022,2022-10-18T00:00:00Z,2022-10-19T23:59:59Z,portfolio,tech_world,nonsponsorship,confirmed,https://news.lenovo.com/press-kits/tech-world-2022/,Flagship innovation event
black_friday_2022,2022-11-25T00:00:00Z,2022-11-28T23:59:59Z,portfolio,promotion_calendar_proxy,nonsponsorship,calendar_proxy,calendar_rule_fourth_friday_november,Promotion-pressure proxy; not confirmed Lenovo campaign spend
lenovo_ces_2023,2023-01-05T00:00:00Z,2023-01-08T23:59:59Z,portfolio,ces_launch,nonsponsorship,confirmed,https://news.lenovo.com/press-kits/ces-2023/,Major portfolio launch
lenovo_mwc_2023,2023-02-26T00:00:00Z,2023-03-02T23:59:59Z,portfolio,mwc_launch,nonsponsorship,confirmed,https://news.lenovo.com/press-kits/mwc-2023/,ThinkPad and PC launches
lenovo_tech_world_2023,2023-10-24T00:00:00Z,2023-10-25T23:59:59Z,portfolio,tech_world,nonsponsorship,confirmed,https://news.lenovo.com/press-kits/tech-world-2023/,AI for All flagship event
black_friday_2023,2023-11-24T00:00:00Z,2023-11-27T23:59:59Z,portfolio,promotion_calendar_proxy,nonsponsorship,calendar_proxy,calendar_rule_fourth_friday_november,Promotion-pressure proxy; not confirmed Lenovo campaign spend
lenovo_ces_2024,2024-01-08T00:00:00Z,2024-01-12T23:59:59Z,portfolio,ces_launch,nonsponsorship,confirmed,https://news.lenovo.com/press-kits/ces-2024/,AI PC portfolio launches
lenovo_mwc_2024,2024-02-25T00:00:00Z,2024-02-29T23:59:59Z,portfolio,mwc_launch,nonsponsorship,confirmed,https://news.lenovo.com/press-kits/mwc-2024/,AI PC and transparent-display concept launches
lenovo_copilot_pc_launch_2024,2024-05-20T00:00:00Z,2024-05-21T23:59:59Z,yoga_thinkpad,product_launch,nonsponsorship,confirmed,https://news.lenovo.com/pressroom/press-releases/lenovo-supercharges-next-gen-ai-pcs-with-latest-yoga-slim-7x-and-thinkpad-t14s-gen-6/,First Lenovo Copilot+ PCs
lenovo_innovation_world_2024,2024-09-05T00:00:00Z,2024-09-06T23:59:59Z,portfolio,innovation_world,nonsponsorship,confirmed,https://news.lenovo.com/press-kits/innovation-world-2024/,ThinkPad Yoga and IdeaPad AI PC launches
lenovo_tech_world_2024,2024-10-15T00:00:00Z,2024-10-16T23:59:59Z,portfolio,tech_world,mixed_sponsorship_and_nonsponsorship,confirmed,https://news.lenovo.com/press-kits/tech-world-2024/,FIFA partnership announcement was simultaneous with major AI and product news; treatment cannot be separated at this date
black_friday_2024,2024-11-29T00:00:00Z,2024-12-02T23:59:59Z,portfolio,promotion_calendar_proxy,nonsponsorship,calendar_proxy,calendar_rule_fourth_friday_november,Promotion-pressure proxy; not confirmed Lenovo campaign spend
lenovo_ces_2025,2025-01-07T00:00:00Z,2025-01-10T23:59:59Z,portfolio,ces_launch,nonsponsorship,confirmed,https://news.lenovo.com/press-kits/ces-2025/,AI product lineup across commercial gaming and consumer
lenovo_mwc_2025,2025-03-02T00:00:00Z,2025-03-06T23:59:59Z,portfolio,mwc_launch,nonsponsorship,confirmed,https://news.lenovo.com/press-kits/mwc-2025/,AI PCs concepts and edge launches
lenovo_innovation_world_2025,2025-09-05T00:00:00Z,2025-09-06T23:59:59Z,portfolio,innovation_world,nonsponsorship,confirmed,https://news.lenovo.com/press-kits/innovation-world-2025/,AI devices solutions and gaming launches
black_friday_2025,2025-11-28T00:00:00Z,2025-12-01T23:59:59Z,portfolio,promotion_calendar_proxy,nonsponsorship,calendar_proxy,calendar_rule_fourth_friday_november,Promotion-pressure proxy; not confirmed Lenovo campaign spend
lenovo_tech_world_ces_2026,2026-01-06T00:00:00Z,2026-01-09T23:59:59Z,portfolio,ces_launch,mixed_sponsorship_and_nonsponsorship,confirmed,https://news.lenovo.com/press-kits/tech-world-ces-2026/,Major product launch also featured FIFA technology activation
lenovo_mwc_2026,2026-03-01T00:00:00Z,2026-03-05T23:59:59Z,portfolio,mwc_launch,mixed_sponsorship_and_nonsponsorship,confirmed,https://news.lenovo.com/press-kits/mwc-2026/,Device launches alongside football-related technology demonstrations
