property_id,property_name,property_group,source_label,active_from,active_to
motogp,MotoGP,motorsport,MotoGP,,
ducati,Ducati,motorsport,Ducati,,
f1,Formula 1,motorsport,F1,,
fwc,FIFA World Cup,fifa,FWC,,
fcwc,FIFA Club World Cup,fifa,FCWC,,
fifa,FIFA corporate,fifa,FIFA,,
fwwc,FIFA Women's World Cup,fifa,FWWC,,
fifaewc,FIFAe World Cup,fifa,FIFAeWC,,
fifae,FIFAe,fifa,FIFAe,,
infantino,Gianni Infantino,fifa,Infantino,,
carolina_hurricanes,Carolina Hurricanes,ice_hockey,Caroline Hurricanes,,
montreal_canadiens,Montreal Canadiens,ice_hockey,Montreal Canadiens,,
ny_yankees,New York Yankees,baseball,NY Yankees,,
