"reported_period","wave_label","property_id","segment","metric","positive_definition","positive_share","scale_version","source_table_id","source_sha256","canonical_anchor_eligible"
"2024-06","Filter: Wave 11 FWC Survey June 2024 AND Nat Rep; Weight: Nat Rep Weight_Final","fwc","FWC Lenovo Sponsorship Aware","appeal","T4B",0.6807545708864,"2024_0_10","table_r59","3c7a066bc263806231cd89e8a04669035bb12bd7903cdd9d0c463cf03104e333",false
"2024-06","Filter: Wave 11 FWC Survey June 2024 AND Nat Rep; Weight: Nat Rep Weight_Final","fwc","FWC Lenovo Sponsorship Unaware","appeal","T4B",0.3550550336761,"2024_0_10","table_r59","3c7a066bc263806231cd89e8a04669035bb12bd7903cdd9d0c463cf03104e333",false
"2024-06","Filter: Wave 11 FWC Survey June 2024 AND Nat Rep; Weight: Nat Rep Weight_Final","fwc","FWC Lenovo Sponsorship Aware","brand_awareness","Brand Aware - Lenovo FWC",1,"awareness_binary","table_r50","3c7a066bc263806231cd89e8a04669035bb12bd7903cdd9d0c463cf03104e333",false
"2024-06","Filter: Wave 11 FWC Survey June 2024 AND Nat Rep; Weight: Nat Rep Weight_Final","fwc","FWC Lenovo Sponsorship Unaware","brand_awareness","Brand Aware - Lenovo FWC",0.5254189634959,"awareness_binary","table_r50","3c7a066bc263806231cd89e8a04669035bb12bd7903cdd9d0c463cf03104e333",false
"2024-06","Filter: Wave 11 FWC Survey June 2024 AND Nat Rep; Weight: Nat Rep Weight_Final","fwc","FWC Lenovo Sponsorship Aware","purchase_intent","T4B",0.6654138435925,"2024_0_10","table_r80","3c7a066bc263806231cd89e8a04669035bb12bd7903cdd9d0c463cf03104e333",false
"2024-06","Filter: Wave 11 FWC Survey June 2024 AND Nat Rep; Weight: Nat Rep Weight_Final","fwc","FWC Lenovo Sponsorship Unaware","purchase_intent","T4B",0.3847446256248,"2024_0_10","table_r80","3c7a066bc263806231cd89e8a04669035bb12bd7903cdd9d0c463cf03104e333",false
"2024-06","Filter: Wave 12 FWWC Survey June 2024 AND Nat Rep; Weight: Nat Rep Weight_Final","fwwc","FWWC Lenovo Sponsorship Aware","appeal","T4B",0.6620838981194,"2024_0_10","table_r201","3c7a066bc263806231cd89e8a04669035bb12bd7903cdd9d0c463cf03104e333",false
"2024-06","Filter: Wave 12 FWWC Survey June 2024 AND Nat Rep; Weight: Nat Rep Weight_Final","fwwc","FWWC Lenovo Sponsorship Unaware","appeal","T4B",0.3167872434612,"2024_0_10","table_r201","3c7a066bc263806231cd89e8a04669035bb12bd7903cdd9d0c463cf03104e333",false
"2024-06","Filter: Wave 12 FWWC Survey June 2024 AND Nat Rep; Weight: Nat Rep Weight_Final","fwwc","FWWC Lenovo Sponsorship Aware","brand_awareness","Q17b Brand Aware Lenovo",1,"awareness_binary","table_r192","3c7a066bc263806231cd89e8a04669035bb12bd7903cdd9d0c463cf03104e333",false
"2024-06","Filter: Wave 12 FWWC Survey June 2024 AND Nat Rep; Weight: Nat Rep Weight_Final","fwwc","FWWC Lenovo Sponsorship Unaware","brand_awareness","Q17b Brand Aware Lenovo",0.4510455150178,"awareness_binary","table_r192","3c7a066bc263806231cd89e8a04669035bb12bd7903cdd9d0c463cf03104e333",false
"2024-06","Filter: Wave 12 FWWC Survey June 2024 AND Nat Rep; Weight: Nat Rep Weight_Final","fwwc","FWWC Lenovo Sponsorship Aware","purchase_intent","T4B",0.6426370708598,"2024_0_10","table_r222","3c7a066bc263806231cd89e8a04669035bb12bd7903cdd9d0c463cf03104e333",false
"2024-06","Filter: Wave 12 FWWC Survey June 2024 AND Nat Rep; Weight: Nat Rep Weight_Final","fwwc","FWWC Lenovo Sponsorship Unaware","purchase_intent","T4B",0.3525568330797,"2024_0_10","table_r222","3c7a066bc263806231cd89e8a04669035bb12bd7903cdd9d0c463cf03104e333",false
"2025-07","Filter: Wave 16 - July 2025 FWC  AND Nat Rep; Weight: Nat Rep Weight_Final","fwc","FWC Lenovo Sponsorship Aware","appeal","Like + Love",0.6493530556844,"2025plus_categorical","table_r110","3c7a066bc263806231cd89e8a04669035bb12bd7903cdd9d0c463cf03104e333",false
"2025-07","Filter: Wave 16 - July 2025 FWC  AND Nat Rep; Weight: Nat Rep Weight_Final","fwc","FWC Lenovo Sponsorship Unaware","appeal","Like + Love",0.2141013861701,"2025plus_categorical","table_r110","3c7a066bc263806231cd89e8a04669035bb12bd7903cdd9d0c463cf03104e333",false
"2025-07","Filter: Wave 16 - July 2025 FWC  AND Nat Rep; Weight: Nat Rep Weight_Final","fwc","FWC Lenovo Sponsorship Aware","brand_awareness","Brand Aware - Lenovo FWC",1,"awareness_binary","table_r101","3c7a066bc263806231cd89e8a04669035bb12bd7903cdd9d0c463cf03104e333",false
"2025-07","Filter: Wave 16 - July 2025 FWC  AND Nat Rep; Weight: Nat Rep Weight_Final","fwc","FWC Lenovo Sponsorship Unaware","brand_awareness","Brand Aware - Lenovo FWC",0.5203574518086,"awareness_binary","table_r101","3c7a066bc263806231cd89e8a04669035bb12bd7903cdd9d0c463cf03104e333",false
"2025-07","Filter: Wave 16 - July 2025 FWC  AND Nat Rep; Weight: Nat Rep Weight_Final","fwc","FWC Lenovo Sponsorship Aware","purchase_intent","Next Year NET",0.5571070747875,"2025plus_categorical","table_r126","3c7a066bc263806231cd89e8a04669035bb12bd7903cdd9d0c463cf03104e333",false
"2025-07","Filter: Wave 16 - July 2025 FWC  AND Nat Rep; Weight: Nat Rep Weight_Final","fwc","FWC Lenovo Sponsorship Unaware","purchase_intent","Next Year NET",0.2016237698179,"2025plus_categorical","table_r126","3c7a066bc263806231cd89e8a04669035bb12bd7903cdd9d0c463cf03104e333",false
"2025-07","Filter: Wave 17 - July 2025 FWWC  AND Nat Rep; Weight: Nat Rep Weight_Final","fwwc","FWWC Lenovo Sponsorship Aware","appeal","Like + Love",0.6548137739282,"2025plus_categorical","table_r252","3c7a066bc263806231cd89e8a04669035bb12bd7903cdd9d0c463cf03104e333",false
"2025-07","Filter: Wave 17 - July 2025 FWWC  AND Nat Rep; Weight: Nat Rep Weight_Final","fwwc","FWWC Lenovo Sponsorship Unaware","appeal","Like + Love",0.1714719263609,"2025plus_categorical","table_r252","3c7a066bc263806231cd89e8a04669035bb12bd7903cdd9d0c463cf03104e333",false
"2025-07","Filter: Wave 17 - July 2025 FWWC  AND Nat Rep; Weight: Nat Rep Weight_Final","fwwc","FWWC Lenovo Sponsorship Aware","brand_awareness","Q17b Brand Aware Lenovo",1,"awareness_binary","table_r243","3c7a066bc263806231cd89e8a04669035bb12bd7903cdd9d0c463cf03104e333",false
"2025-07","Filter: Wave 17 - July 2025 FWWC  AND Nat Rep; Weight: Nat Rep Weight_Final","fwwc","FWWC Lenovo Sponsorship Unaware","brand_awareness","Q17b Brand Aware Lenovo",0.3751079332446,"awareness_binary","table_r243","3c7a066bc263806231cd89e8a04669035bb12bd7903cdd9d0c463cf03104e333",false
"2025-07","Filter: Wave 17 - July 2025 FWWC  AND Nat Rep; Weight: Nat Rep Weight_Final","fwwc","FWWC Lenovo Sponsorship Aware","purchase_intent","Next Year NET",0.5755039719045,"2025plus_categorical","table_r268","3c7a066bc263806231cd89e8a04669035bb12bd7903cdd9d0c463cf03104e333",false
"2025-07","Filter: Wave 17 - July 2025 FWWC  AND Nat Rep; Weight: Nat Rep Weight_Final","fwwc","FWWC Lenovo Sponsorship Unaware","purchase_intent","Next Year NET",0.1612198036093,"2025plus_categorical","table_r268","3c7a066bc263806231cd89e8a04669035bb12bd7903cdd9d0c463cf03104e333",false
"2025-08","Filter: Wave 18 - August 2025 Post CWC AND Nat Rep; Weight: Nat Rep Weight_Final","fcwc","CWC Lenovo Sponsorship Aware","appeal","Like + Love",0.6329845743861,"2025plus_categorical","table_r343","3c7a066bc263806231cd89e8a04669035bb12bd7903cdd9d0c463cf03104e333",false
"2025-08","Filter: Wave 18 - August 2025 Post CWC AND Nat Rep; Weight: Nat Rep Weight_Final","fcwc","CWC Lenovo Sponsorship Unaware","appeal","Like + Love",0.1786967409028,"2025plus_categorical","table_r343","3c7a066bc263806231cd89e8a04669035bb12bd7903cdd9d0c463cf03104e333",false
"2025-08","Filter: Wave 18 - August 2025 Post CWC AND Nat Rep; Weight: Nat Rep Weight_Final","fcwc","CWC Lenovo Sponsorship Aware","brand_awareness","Q17c CWC Brand Aware Lenovo",1,"awareness_binary","table_r334","3c7a066bc263806231cd89e8a04669035bb12bd7903cdd9d0c463cf03104e333",false
"2025-08","Filter: Wave 18 - August 2025 Post CWC AND Nat Rep; Weight: Nat Rep Weight_Final","fcwc","CWC Lenovo Sponsorship Unaware","brand_awareness","Q17c CWC Brand Aware Lenovo",0.4220695825496,"awareness_binary","table_r334","3c7a066bc263806231cd89e8a04669035bb12bd7903cdd9d0c463cf03104e333",false
"2025-08","Filter: Wave 18 - August 2025 Post CWC AND Nat Rep; Weight: Nat Rep Weight_Final","fcwc","CWC Lenovo Sponsorship Aware","purchase_intent","Next Year NET",0.5629509746029,"2025plus_categorical","table_r359","3c7a066bc263806231cd89e8a04669035bb12bd7903cdd9d0c463cf03104e333",false
"2025-08","Filter: Wave 18 - August 2025 Post CWC AND Nat Rep; Weight: Nat Rep Weight_Final","fcwc","CWC Lenovo Sponsorship Unaware","purchase_intent","Next Year NET",0.1722673513177,"2025plus_categorical","table_r359","3c7a066bc263806231cd89e8a04669035bb12bd7903cdd9d0c463cf03104e333",false
"2026-02","Filter: Wave 20 - February 2026 Pre FWC AND Nat Rep; Weight: Nat Rep Weight_Final","fwc","FWC Lenovo Sponsorship Aware","appeal","Like + Love",0.6622687521423,"2025plus_categorical","table_r153","3c7a066bc263806231cd89e8a04669035bb12bd7903cdd9d0c463cf03104e333",false
"2026-02","Filter: Wave 20 - February 2026 Pre FWC AND Nat Rep; Weight: Nat Rep Weight_Final","fwc","FWC Lenovo Sponsorship Unaware","appeal","Like + Love",0.2152739812901,"2025plus_categorical","table_r153","3c7a066bc263806231cd89e8a04669035bb12bd7903cdd9d0c463cf03104e333",false
"2026-02","Filter: Wave 20 - February 2026 Pre FWC AND Nat Rep; Weight: Nat Rep Weight_Final","fwc","FWC Lenovo Sponsorship Aware","brand_awareness","Brand Aware - Lenovo FWC",1,"awareness_binary","table_r144","3c7a066bc263806231cd89e8a04669035bb12bd7903cdd9d0c463cf03104e333",false
"2026-02","Filter: Wave 20 - February 2026 Pre FWC AND Nat Rep; Weight: Nat Rep Weight_Final","fwc","FWC Lenovo Sponsorship Unaware","brand_awareness","Brand Aware - Lenovo FWC",0.5347346507495,"awareness_binary","table_r144","3c7a066bc263806231cd89e8a04669035bb12bd7903cdd9d0c463cf03104e333",false
"2026-02","Filter: Wave 20 - February 2026 Pre FWC AND Nat Rep; Weight: Nat Rep Weight_Final","fwc","FWC Lenovo Sponsorship Aware","purchase_intent","Next Year NET",0.5735072605103,"2025plus_categorical","table_r169","3c7a066bc263806231cd89e8a04669035bb12bd7903cdd9d0c463cf03104e333",false
"2026-02","Filter: Wave 20 - February 2026 Pre FWC AND Nat Rep; Weight: Nat Rep Weight_Final","fwc","FWC Lenovo Sponsorship Unaware","purchase_intent","Next Year NET",0.2022217215845,"2025plus_categorical","table_r169","3c7a066bc263806231cd89e8a04669035bb12bd7903cdd9d0c463cf03104e333",false
"2026-04","Filter: Wave 21 - April 2026 FWWC AND Nat Rep; Weight: Nat Rep Weight_Final","fwwc","FWWC Lenovo Sponsorship Aware","appeal","Like + Love",0.640221888763,"2025plus_categorical","table_r295","3c7a066bc263806231cd89e8a04669035bb12bd7903cdd9d0c463cf03104e333",false
"2026-04","Filter: Wave 21 - April 2026 FWWC AND Nat Rep; Weight: Nat Rep Weight_Final","fwwc","FWWC Lenovo Sponsorship Unaware","appeal","Like + Love",0.1664739004567,"2025plus_categorical","table_r295","3c7a066bc263806231cd89e8a04669035bb12bd7903cdd9d0c463cf03104e333",false
"2026-04","Filter: Wave 21 - April 2026 FWWC AND Nat Rep; Weight: Nat Rep Weight_Final","fwwc","FWWC Lenovo Sponsorship Aware","brand_awareness","Q17b Brand Aware Lenovo",1,"awareness_binary","table_r286","3c7a066bc263806231cd89e8a04669035bb12bd7903cdd9d0c463cf03104e333",false
"2026-04","Filter: Wave 21 - April 2026 FWWC AND Nat Rep; Weight: Nat Rep Weight_Final","fwwc","FWWC Lenovo Sponsorship Unaware","brand_awareness","Q17b Brand Aware Lenovo",0.3970158452407,"awareness_binary","table_r286","3c7a066bc263806231cd89e8a04669035bb12bd7903cdd9d0c463cf03104e333",false
"2026-04","Filter: Wave 21 - April 2026 FWWC AND Nat Rep; Weight: Nat Rep Weight_Final","fwwc","FWWC Lenovo Sponsorship Aware","purchase_intent","Next Year NET",0.5571308965879,"2025plus_categorical","table_r311","3c7a066bc263806231cd89e8a04669035bb12bd7903cdd9d0c463cf03104e333",false
"2026-04","Filter: Wave 21 - April 2026 FWWC AND Nat Rep; Weight: Nat Rep Weight_Final","fwwc","FWWC Lenovo Sponsorship Unaware","purchase_intent","Next Year NET",0.1576186336502,"2025plus_categorical","table_r311","3c7a066bc263806231cd89e8a04669035bb12bd7903cdd9d0c463cf03104e333",false
