scenario,lag_weeks,cumulative_response,incremental_lag_response
low,0,0.0030517081832346455,0.0030517081832346455
low,1,0.0030517081832346455,0.0
low,2,0.0030517081832346455,0.0
low,3,0.0030517081832346455,0.0
low,4,0.0030517081832346455,0.0
low,5,0.0030517081832346455,0.0
low,6,0.0030517081832346455,0.0
low,7,0.0030517081832346455,0.0
low,8,0.0030517081832346455,0.0
low,9,0.0030517081832346455,0.0
low,10,0.0030517081832346455,0.0
low,11,0.0030517081832346455,0.0
low,12,0.0030517081832346455,0.0
low,13,0.0030517081832346455,0.0
base,0,0.0028386040096724614,0.0028386040096724614
base,1,0.0028386040096724614,0.0
base,2,0.008031075667552838,0.005192471657880377
base,3,0.013223547325433214,0.005192471657880376
base,4,0.018416018983313593,0.005192471657880379
base,5,0.019451383562094172,0.0010353645787805794
base,6,0.020486748140874752,0.0010353645787805794
base,7,0.02152211271965533,0.0010353645787805794
base,8,0.022557477298435914,0.001035364578780583
base,9,0.02359284187721649,0.001035364578780576
base,10,0.024628206455997073,0.001035364578780583
base,11,0.025663571034777653,0.0010353645787805794
base,12,0.026698935613558232,0.0010353645787805794
base,13,0.02773430019233881,0.0010353645787805794
high,0,0.00016499121021218085,0.00016499121021218085
high,1,0.00016499121021218085,0.0
high,2,0.0018782784592177573,0.0017132872490055765
high,3,0.0035915657082233334,0.0017132872490055761
high,4,0.0053048529572289095,0.0017132872490055761
high,5,0.01516278577935741,0.0098579328221285
high,6,0.02502071860148591,0.0098579328221285
high,7,0.03487865142361441,0.0098579328221285
high,8,0.04473658424574291,0.009857932822128497
high,9,0.05459451706787141,0.009857932822128504
high,10,0.06445244988999992,0.009857932822128504
high,11,0.0743103827121284,0.00985793282212849
high,12,0.08416831553425691,0.009857932822128504
high,13,0.09402624835638541,0.009857932822128504
