week,index_level,delta_brand_index,abnormal_return,lenovo_log_return,realized_volatility,trading_days,category_demand_change,product_campaign_control,promotion_calendar_control,mixed_event_control,earnings_control,lag_abnormal_return,lag_realized_volatility,lag_delta_brand_index,season_sin,season_cos,brand_index_expected_change,innovation_training_observations,innovation_beta_lag_delta_brand_index,brand_index_innovation,forward_abnormal_return_h0,forward_abnormal_return_h1,forward_abnormal_return_h4,forward_abnormal_return_h13,future_brand_index_innovation,index_gap,period,exposure_weight,gap_change,lag_gap_change,sponsorship_bi_innovation,low_attributed_log_return,base_attributed_log_return,high_attributed_log_return
2024-10-21,88.2611,-0.039199999999993906,0.06753148842107792,0.044137800490988255,0.0388552147025587,4,0.015902567365905895,0.0,0.0,1.0,0.0,-0.002532766028098916,0.023103814541353306,-0.2627000000000095,0.95835964279612,0.2855639946836668,0.2583634319529895,104,-0.19102682697832604,-0.2975634319529834,0.06753148842107792,0.007013533154987012,-0.10042916927937916,-0.06405866848042036,0.6281101731511028,0.3038013118389955,post,2.9705022917017135e-05,0.1831341964594344,0.10146214139126641,0.2025161873878343,0.0006180203062889349,0.0005748632615426861,3.341339084467558e-05
2024-10-28,88.3003,0.039199999999993906,-0.06051795526609091,-0.06073295136219059,0.04433956898255001,5,0.004598031029614313,0.0,0.0,0.0,0.0,0.06753148842107792,0.0388552147025587,-0.039199999999993906,0.9857229619180107,0.16837530207124807,0.04321149830121139,104,-0.1810565258536157,-0.004011498301217484,-0.06051795526609091,-0.09177780351607573,-0.12554070135927142,-0.12723353428487283,0.7630834472590463,-0.13579742583270615,post,2.3764018333613712e-05,-0.43959873767170166,0.1831341964594344,-0.4064410962957629,-0.0012403396195686403,-0.0011537253256408235,-6.705920835780346e-05
2024-11-04,88.2611,-0.039199999999993906,-0.031259848249984824,-0.04713418380873291,0.019972944472636138,5,-0.007123549120745014,0.0,0.0,0.0,0.0,-0.06051795526609091,0.04433956898255001,0.039199999999993906,0.9988110993521941,0.04874820828360177,-0.011002789737680818,104,-0.18880128724227815,-0.028197210262313088,-0.031259848249984824,-0.06133361758975304,-0.06564934209839508,-0.08092641455093476,-0.9124157228505978,-0.0037319887748026304,post,1.901121466689097e-05,0.13206543705790352,-0.43959873767170166,0.04906862951540569,0.0001497431382322726,0.0011908459717648841,0.0003550642941360004
2024-11-11,88.957,0.6958999999999946,-0.030073769339768214,-0.033368947913553715,0.07304033125743813,5,0.12155009154030545,0.0,0.0,0.0,0.0,-0.031259848249984824,0.019972944472636138,-0.039199999999993906,0.9974345134657321,-0.0715848541758535,0.4993533531389406,104,-0.17415591250299822,0.19654664686105405,-0.030073769339768214,-0.07618285418438134,-0.0451712936756658,0.11102324701032856,-0.6172106702603755,0.21918260394038214,post,1.5208971733512779e-05,0.22291459271518477,0.13206543705790352,0.24591456941611123,0.0007504595038637709,-0.00036082022705880706,-0.0003088082037698064
2024-11-18,89.5215,0.5645000000000095,-0.04610908484461313,-0.10958342229854523,0.04671790710008968,5,0.019023972043974064,0.0,0.0,0.0,1.0,-0.030073769339768214,0.07304033125743813,0.6958999999999946,0.9816131398940894,-0.19088122900711532,-0.06361017315109328,104,-0.18799880557277907,0.6281101731511028,-0.04610908484461313,-0.003689128503427473,0.0007816895568642998,0.12550940912477565,-0.22834928912584979,0.4338385079578444,post,1.2167177386810223e-05,0.21465590401746226,0.22291459271518477,0.25656358119265954,0.0007829571802456255,-7.580443148107001e-05,-0.00022298255315430645
2024-11-25,90.533,1.011499999999998,0.04241995634118566,0.014372967466164788,0.030336735357680757,5,0.06889041875913009,0.0,1.0,0.0,1.0,-0.04610908484461313,0.04671790710008968,0.5645000000000095,0.9515761028344387,-0.3074132731591492,0.24841655274095173,104,-0.14338610527271872,0.7630834472590463,0.04241995634118566,0.04179336033597109,0.09184574490493433,0.17872440813502738,0.6575809772328958,0.6659538450267348,post,9.733741909448178e-06,0.23211533706889043,0.21465590401746226,0.26289401111974886,0.0008022758050575175,0.0003771881080236613,0.0018488067773599047
2024-12-02,89.5215,-1.011499999999998,-0.0006265960052145659,0.009394818936249383,0.013734688220099397,5,-0.08155949677996717,0.0,1.0,0.0,1.0,0.04241995634118566,0.030336735357680757,1.011499999999998,0.9077583968825766,-0.4194933764544734,-0.09908427714940027,104,-0.16681785185514178,-0.9124157228505978,-0.0006265960052145659,-0.011408395832470122,0.02957266880202492,0.04694125364859683,-0.24011250232936382,0.7452130280210412,post,1.951056555440606e-05,0.07925918299430634,0.23211533706889043,0.1179801649067708,0.0003600410347053654,0.002987653365541818,-0.0010458542969672
2024-12-09,89.0491,-0.4724000000000075,-0.010781799827255556,0.03558331865399644,0.03475272283573753,5,-0.0075202302806933,0.0,0.0,0.0,0.0,-0.0006265960052145659,0.013734688220099397,-1.011499999999998,0.850794587466891,-0.525498401460026,0.144810670260368,104,-0.18719009732769287,-0.6172106702603755,-0.010781799827255556,0.00509741406550634,0.028821009780342043,0.11718536898375533,0.15800970179120444,0.19123890497094465,post,0.0003554163800794687,-0.5539741230500965,0.07925918299430634,-0.5391375888712789,-0.001645290591847878,0.0022834424294860523,-0.00030421339716169644
2024-12-16,88.3924,-0.6567000000000007,0.015879213892761895,-0.02575243404412131,0.02770653935320797,5,-0.10152951709995224,0.0,0.0,0.0,0.0,-0.010781799827255556,0.03475272283573753,-0.4724000000000075,0.7815096211093242,-0.6238931896675588,-0.42835071087415094,104,-0.13503806915616925,-0.22834928912584979,0.015879213892761895,0.0608341843962188,0.03756981300748732,0.06909258372770026,-0.6148495284609498,-0.027798891745277388,post,0.000284333104063575,-0.21903779671622203,-0.5539741230500965,-0.29384539265538917,-0.0008967303893722487,0.0025700453063028073,0.0019412785804792723
2024-12-23,89.351,0.9586000000000041,0.044954970503456905,0.031035149673507956,0.03300722977469891,5,0.05940749187454034,0.0,0.0,0.0,0.0,0.015879213892761895,0.02770653935320797,-0.6567000000000007,0.7009068785985895,-0.7132527935684388,0.3010190227671084,104,-0.13291811744913468,0.6575809772328958,0.044954970503456905,0.025101850741733146,-0.010520273602518622,0.059927589641286166,0.5497695353707756,0.09909308723999288,post,0.00022746648325086002,0.12689197898527027,-0.21903779671622203,0.09777788739554379,0.0002983895791043767,-0.00018431021019081482,0.003171814858714729
2024-12-30,88.6413,-0.709699999999998,-0.01985311976172376,-0.016930682429656674,0.027258136578974124,2,-0.05817712602323547,0.0,0.0,0.0,0.0,0.044954970503456905,0.03300722977469891,0.9586000000000041,0.6101536440888747,-0.7922831126592733,-0.4695874976706342,104,-0.16020773119691903,-0.24011250232936382,-0.01985311976172376,-0.0212313747886212,-0.0511186214893501,-0.005067996820108382,-0.21331011723099938,-0.06250353401631514,post,0.00018197318660068804,-0.16159662125630803,0.12689197898527027,-0.14126754519599075,-0.0004311073237000751,-0.003481527961479716,0.004770111442947231
2025-01-06,89.3517,0.7103999999999928,-0.0013782550268974401,-0.03390145454407012,0.0074886929221454485,4,0.07860028746326815,1.0,0.0,0.0,0.0,-0.01985311976172376,0.027258136578974124,-0.709699999999998,0.5105642005597019,-0.8598396345289234,0.5523902982087884,104,-0.1770140130233262,0.15800970179120444,-0.0013782550268974401,-0.003411251627007723,-0.04547633725977915,-0.02407616335801158,-0.1278377275236678,0.39297503652028354,post,0.0001455785492805504,0.4554785705365987,-0.16159662125630803,0.4268737041170091,0.0013026939760615614,-0.0018515472027780362,0.005992277990776571
2025-01-13,88.6413,-0.7103999999999928,-0.002032996600110283,-0.06170278589336231,0.05188101754550889,5,0.0007864060228979971,1.0,0.0,0.0,0.0,-0.0013782550268974401,0.0074886929221454485,0.7103999999999928,0.40358079644748235,-0.9149440096196138,-0.09555047153904303,104,-0.18288193732857247,-0.6148495284609498,-0.002032996600110283,-0.03424386931735433,0.11659173107839675,-0.019887165977652714,0.531718998254421,-0.13634634976899918,post,0.00011715742463543641,-0.5293213862892827,0.4554785705365987,-0.4460225828979007,-0.0013611307661369767,-0.0028216291404296896,0.0012151413156050311
2025-01-20,89.1272,0.4859000000000009,-0.03221087271724404,0.013926232156096674,0.019264918016950603,5,-0.030342076781492366,0.0,0.0,0.0,0.0,-0.002032996600110283,0.05188101754550889,-0.7103999999999928,0.2907527590888698,-0.9567982196274247,-0.0638695353707747,104,-0.2239650507043493,0.5497695353707756,-0.03221087271724404,-0.027854250100618615,0.10303712045318593,-0.028581696575716204,-0.36061218795556216,0.7918106178269397,post,0.0005923517709227299,0.9281569675959389,-0.5293213862892827,0.8096074764767632,0.002470685761172089,0.004180683752867066,-0.00023960006359378749
2025-01-27,88.7862,-0.3410000000000082,0.004356622616625427,0.009529031520564057,0.021279812880958104,5,0.014377641144386999,0.0,0.0,0.0,0.0,-0.03221087271724404,0.019264918016950603,0.4859000000000009,0.17371405745383664,-0.9847961343562053,-0.1276898827690088,104,-0.2445908614765988,-0.21331011723099938,0.004356622616625427,-0.009854212915527386,0.14235390733606856,0.03830049241103155,0.25518199231779015,0.2437292146579324,post,0.0005037885486552654,-0.5480814031690073,0.9281569675959389,-0.321062690879209,-0.0009797896410874175,-0.0019609519732010734,-0.0023903402398415966
2025-02-03,88.7862,0.0,-0.014210835532152813,-0.022377143560159407,0.014210835532152813,1,0.02378388233115129,0.0,0.0,0.0,0.0,0.004356622616625427,0.021279812880958104,-0.3410000000000082,0.05415963910359632,-0.998532289659262,0.1278377275236678,104,-0.2336057205898682,-0.1278377275236678,-0.014210835532152813,0.14647897777912566,0.04863408657419829,0.05368736919274819,-0.38790879229683417,0.13446340257779354,post,0.0004030308389242124,-0.10926581208013886,-0.5480814031690073,-0.23730076320934088,-0.0007241726809737724,0.0034887578728008397,0.0018666648449510085
2025-02-10,89.1272,0.3410000000000082,0.16068981331127846,0.21333951501059767,0.09286341868593821,5,-0.02460446398883276,0.0,0.0,0.0,0.0,-0.014210835532152813,0.014210835532152813,0.0,-0.06617911593982967,-0.9978077593471714,-0.1907189982544129,104,-0.23406015351709808,0.531718998254421,0.16068981331127846,0.14510220608595736,0.132462441436295,0.06549946136407704,0.006104810931342963,0.7893599322845404,post,0.0003224246711393699,0.6548965297067468,-0.10926581208013886,0.6293217569570991,0.001920506355593584,0.0024562834924287185,0.004452597100018031
2025-02-17,88.7136,-0.4136000000000024,-0.015587607225321112,0.035487560670364626,0.05468899918661749,5,0.01783769233981114,0.0,0.0,0.0,0.0,0.16068981331127846,0.09286341868593821,0.3410000000000082,-0.1855594689367654,-0.9826330360251001,-0.05298781204444026,104,-0.2230149769580712,-0.36061218795556216,-0.015587607225321112,-0.008481693059682514,-0.08710195695829412,-0.11789577475777999,0.41948915199977205,-0.007725809954365559,post,0.0002579397369114959,-0.7970857422389059,0.6548965297067468,-0.6510340077564349,-0.00198676580903436,-0.0008107646002285325,-0.0022221198794889737
2025-02-24,88.7332,0.019599999999996953,0.007105914165638598,0.028126786301985618,0.11941707738489145,5,-0.06548340938883945,1.0,0.0,0.0,1.0,-0.015587607225321112,0.05468899918661749,-0.4136000000000024,-0.3022525606693469,-0.9532278791395176,-0.2355819923177932,104,-0.23008313545403772,0.25518199231779015,0.007105914165638598,-0.08225728397960627,-0.06480012992662518,-0.15037228790347346,0.1438545473190061,0.4529980008937571,post,0.00020635178952919679,0.46072381084812264,-0.7970857422389059,0.27732782404808626,0.0008463235900862027,0.0014609605887202183,0.003074040005623386
2025-03-03,88.6353,-0.09789999999999566,-0.08936319814524488,-0.12804352910444328,0.05559314717041632,5,0.06358472124369374,1.0,0.0,0.0,1.0,0.007105914165638598,0.11941707738489145,0.019599999999996953,-0.41456844867854736,-0.9100181324348777,0.2900087922968385,104,-0.23633249627035594,-0.38790879229683417,-0.08936319814524488,-0.019745678815300968,-0.09194666005020143,-0.16565098970375083,-0.2163582905166273,-0.07840786843267722,post,0.00016508143162335744,-0.5314058693264343,0.46072381084812264,-0.42252186101750616,-0.0012894134208626552,-0.002843610329064686,-0.0033633706299629747
2025-03-10,88.2413,-0.39400000000000546,0.06961751932994391,0.0839419484151338,0.03625772012863515,5,-0.07347784335148717,0.0,0.0,0.0,1.0,-0.08936319814524488,0.05559314717041632,-0.09789999999999566,-0.5208805809110081,-0.8536295569096766,-0.4001048109313484,104,-0.24073545983833988,0.006104810931342963,0.06961751932994391,0.010742934246633279,-0.04144474820458351,-0.08099548382595133,-0.3391191644857639,-0.5962548780976249,post,0.00013206514529868596,-0.5178470096649477,-0.5314058693264343,-0.6457752459780396,-0.0019707176026815495,-0.0011729892176051112,-0.0060208344019617695
2025-03-17,88.7136,0.47230000000000416,-0.05887458508331063,-0.059719254337294636,0.0653519356018385,5,0.005791156024952171,0.0,0.0,0.0,0.0,0.06961751932994391,0.03625772012863515,-0.39400000000000546,-0.619649351349777,-0.7848787685826396,0.052810848000232107,104,-0.24101069256878463,0.41948915199977205,-0.05887458508331063,-0.052160365276962814,-0.108251525181066,-0.13260458378675655,0.18644363198803904,0.10222387448479253,post,0.00010565211623894878,0.6984787525824174,-0.5178470096649477,0.5736720861383943,0.0017506797997618282,-0.0019633478875146727,0.003896847167094716
2025-03-24,88.5431,-0.1705000000000041,0.006714219806347812,-0.018982476581484775,0.021581507886455912,5,-0.030680743178377323,0.0,0.0,0.0,0.0,-0.05887458508331063,0.0653519356018385,0.47230000000000416,-0.7094443964976391,-0.7047614123078112,-0.3143545473190102,104,-0.25116591278539957,0.1438545473190061,0.006714219806347812,-0.013326396151589835,-0.06010446729592914,-0.03971030481269354,0.09365012190063277,0.34107083613815803,post,0.00030273872114906943,0.2388469616533655,0.6984787525824174,0.4142810151069356,0.0012642647639605912,-0.0027583104893800186,0.000358417438393478
2025-03-31,88.3392,-0.2038999999999902,-0.020040615957937647,-0.05552004650588627,0.03798614115046623,4,0.0020114407882823038,0.0,0.0,0.0,0.0,0.006714219806347812,0.021581507886455912,-0.1705000000000041,-0.7889653098167917,-0.6144377429045956,0.012458290516637112,104,-0.24585826646439143,-0.2163582905166273,-0.020040615957937647,-0.0589019022575646,-0.03214737083277326,-0.03817112900701115,-0.45696277842327376,0.0010381059015429628,post,0.00035925810854428505,-0.34003273023661507,0.2388469616533655,-0.28131023029423163,-0.0008584767318165294,-0.0030081597612570876,0.002521365056295236
2025-04-07,88.1687,-0.1705000000000041,-0.03886128629962696,-0.06402967876023968,0.06327037735642178,3,0.03184304680681834,0.0,0.0,0.0,0.0,-0.020040615957937647,0.03798614115046623,-0.2038999999999902,-0.8570604741394758,-0.5152158224160209,0.1686191644857598,104,-0.2473311274890635,-0.3391191644857639,-0.03886128629962696,-0.03605054394616554,0.007636744523506479,0.025445264297081154,-0.09662091204905615,-0.06234435516518033,post,0.0002874064868354281,-0.0633824610667233,-0.34003273023661507,-0.14748313961932988,-0.00045007550406544675,0.00142559681621367,0.0012045428962378286
2025-04-14,87.9982,-0.1705000000000041,0.002810742353461416,0.05767128411216871,0.023800611619468497,4,-0.07766449712941559,0.0,0.0,0.0,0.0,-0.03886128629962696,0.06327037735642178,-0.1705000000000041,-0.9127437393197403,-0.4085325768315397,-0.35694363198804313,104,-0.24424735992789193,0.18644363198803904,0.002810742353461416,-0.00791678484471235,0.044099287462309456,0.08099153662709342,0.4664182443257124,0.11431256287596625,post,0.00022992518946834248,0.17665691804114658,-0.0633824610667233,0.16117591925986702,0.0004918618717457027,0.003083649194202391,-0.00869419909977869
2025-04-21,88.1687,0.1705000000000041,-0.010727527198173766,-0.0232427104135855,0.023982578829020683,3,0.013421224686307465,0.0,0.0,0.0,0.0,0.002810742353461416,0.023800611619468497,-0.1705000000000041,-0.9552087036015924,-0.29593298660974793,0.07684987809937133,104,-0.24784196033932604,0.09365012190063277,-0.010727527198173766,0.023943789071329925,0.01858312229826951,0.080327398577897,0.3250584645220556,0.3087729076705443,post,0.00018394015157467399,0.19446034479457808,0.17665691804114658,0.2382433416693995,0.0007270491553736741,0.000613590759281481,0.00013505184111049098
2025-04-28,87.6042,-0.5644999999999953,0.03467131626950369,0.07028653626451664,0.026044776645889074,3,-0.011873496681820436,0.0,0.0,0.0,0.0,-0.010727527198173766,0.023982578829020683,0.1705000000000041,-0.983840391881575,-0.17904771236267994,-0.10753722157672159,104,-0.2487306526523152,-0.45696277842327376,0.03467131626950369,0.054414815667845784,-0.01875347087457133,0.10427805880898541,-0.15200247480706763,-0.21106199172825768,post,0.00015564816650577316,-0.519834899398802,0.19446034479457808,-0.47146665092305234,-0.001438778636744111,-0.0031245429232040663,-0.004312787501833683
2025-05-05,87.9256,0.321399999999997,0.019743499398342097,0.027059083376474558,0.015621348194249058,2,0.06502337425356537,0.0,0.0,0.0,0.0,0.03467131626950369,0.026044776645889074,-0.5644999999999953,-0.9982241617418761,-0.059569479725181104,0.4180209120490532,104,-0.24804051801864452,-0.09662091204905615,0.019743499398342097,0.017344756037518123,-0.0615975747787138,0.13316063847246845,-0.13060423121267736,0.2096012575471633,post,0.0001245185332046185,0.420663249275421,-0.519834899398802,0.2917231315443722,0.0008902538677727976,0.001780776140229748,-0.0029048463000211837
2025-05-12,88.1491,0.22350000000000136,-0.002398743360823973,0.0032344695019150826,0.019065788851143253,3,-0.03101793331340012,0.0,0.0,0.0,0.0,0.019743499398342097,0.015621348194249058,0.321399999999997,-0.9981517082773219,0.06077143459771188,-0.24291824432571102,104,-0.24348551641961727,0.4664182443257124,-0.002398743360823973,-0.025104166171402514,-0.08604876644450125,0.15843203024086966,-0.036721664166993184,0.1201410255253279,post,9.961482656369482e-05,-0.0894602320218354,0.420663249275421,0.01296517646674468,3.956593512064599e-05,-0.0005997885228314994,-0.0026204996315969025
2025-05-19,88.3922,0.24309999999999832,-0.02270542281057854,-0.041108435193948356,0.03548610180670612,4,-0.00625520817266545,0.0,0.0,0.0,0.0,-0.002398743360823973,0.019065788851143253,0.22350000000000136,-0.9836240807547049,0.18023226059577074,-0.0819584645220573,104,-0.23401631507051135,0.3250584645220556,-0.02270542281057854,-0.07076954318159313,-0.06564160371453862,0.12350793037509836,-0.022943915149211222,0.4174602277260391,post,9.167349725981919e-05,0.2973192022007112,-0.0894602320218354,0.27638404835760827,0.0008434434620884332,0.0003411144248886076,-0.006968323177909009
2025-05-26,88.2413,-0.15090000000000714,-0.048064120371014596,-0.047285343772281774,0.036984465102447565,4,0.010249469239757744,0.0,0.0,0.0,1.0,-0.02270542281057854,0.03548610180670612,0.24309999999999832,-0.9548516674173637,0.29708297364588265,0.0011024748070604974,104,-0.2259795830511719,-0.15200247480706763,-0.048064120371014596,-0.056236908005653376,-0.008916487013207672,0.11526644877415808,0.3418850796245283,0.2581284288403509,post,8.419557749230429e-05,-0.15933179888568816,0.2973192022007112,-0.09214372953926438,-0.00028119577346873305,-0.0009540142227718268,0.0013513431409782767
2025-06-02,88.233,-0.008299999999991314,-0.008172787634638778,-0.02727937476454967,0.02881163769744178,4,0.015344203067375828,0.0,0.0,0.0,1.0,-0.048064120371014596,0.036984465102447565,-0.15090000000000714,-0.9122511486550757,0.4096313486264142,0.12230423121268605,104,-0.2240751693084096,-0.13060423121267736,-0.008172787634638778,-0.012880479902084145,0.04740102896983713,0.1992952217987408,-0.2883087433920871,0.1632387907789905,post,0.0001887541013196343,-0.09488963806136042,-0.15933179888568816,-0.13059193787288445,-0.00039852848547115193,0.0020447648230567743,-0.004755283040054205
2025-06-09,88.3309,0.09789999999999566,-0.004707692267445367,0.02214931879670301,0.028440521438099275,4,0.023420738019248894,0.0,0.0,0.0,1.0,-0.008172787634638778,0.02881163769744178,-0.008299999999991314,-0.8564394626632735,0.5162474666214287,0.13462166416698884,104,-0.22442122008579493,-0.036721664166993184,-0.004707692267445367,0.013300727101693294,0.09914959395063055,0.22310565045782815,0.04645115467613525,0.018373025728450898,post,0.0011106129646061011,-0.1448657650505396,-0.09488963806136042,-0.1661610133977696,-0.0005070749243205351,0.0006900844719451708,0.0016221533319350973
2025-06-16,88.233,-0.09789999999999566,0.018008419369138662,-0.009788010233229727,0.02382341339354132,4,-0.018617331596666897,0.0,0.0,0.0,0.0,-0.004707692267445367,0.028440521438099275,0.09789999999999566,-0.7882248709805543,0.6153873193101144,-0.07495608485078444,104,-0.2239325625804684,-0.022943915149211222,0.018008419369138662,0.05202811325989107,0.12054227224846124,0.2978298190828418,0.18340845494617428,0.016323293097812552,post,0.006519532151644003,-0.0020497326306383457,-0.1448657650505396,-0.03448989462858574,-0.00010525309367695575,0.0010004668901561033,0.007891742167349941
2025-06-23,88.7255,0.4924999999999926,0.034019693890752406,-0.021858813340347005,0.026601700246274465,4,0.020997856612269123,0.0,0.0,0.0,0.0,0.018008419369138662,0.02382341339354132,-0.09789999999999566,-0.7085952532928401,0.7056151692040469,0.15061492037546434,104,-0.22451261023069788,0.3418850796245283,0.034019693890752406,0.042273089502782614,0.10468045718358754,0.31797238610062956,0.8683766162222804,0.8684870024577265,post,0.033444601281076534,0.8521637093599139,-0.0020497326306383457,0.8517035185367343,0.0025991505972082925,0.0009103148715993738,0.004349103974388888
2025-06-30,88.1668,-0.5587000000000018,0.00825339561203021,0.0389238454918992,0.03229658558360955,4,-0.043110347242466616,0.0,0.0,0.0,0.0,0.034019693890752406,0.026601700246274465,0.4924999999999926,-0.618703801018132,0.7856243419126699,-0.27039125660791463,104,-0.22820773795145655,-0.2883087433920871,0.00825339561203021,0.05182917295818485,0.08388389632574983,0.24186779214191623,0.047832436056732985,0.17864135053072516,post,0.050583199052293186,-0.6898456519270013,0.8521637093599139,-0.49537529944965286,-0.0015117408551028185,-0.0031384768011644814,-0.0007666757220189724
2025-07-07,88.9559,0.7891000000000048,0.04357577734615464,0.023037699356913688,0.04110126218492731,2,0.12045089929949393,0.0,0.0,0.0,0.0,0.00825339561203021,0.03229658558360955,-0.5587000000000018,-0.5198523168565502,0.8542561493245904,0.7426488453238695,104,-0.23311695351853123,0.04645115467613525,0.04357577734615464,0.060260763376539975,0.13918439664670634,0.22914852496635607,0.9040634391194955,0.46715971836219694,post,0.0426676188529322,0.2885183678314718,-0.6898456519270013,0.12770365105624415,0.00038971427695728197,0.0038867873045030314,0.002504851910061006
2025-07-14,89.1201,0.1641999999999939,0.016684986030385332,0.024871892677492458,0.021640363580493212,4,0.02923944039996858,0.0,0.0,0.0,0.0,0.04357577734615464,0.04110126218492731,0.7891000000000048,-0.4134723621605465,0.9105166696603516,-0.019208454946180363,104,-0.24206910771036752,0.18340845494617428,0.016684986030385332,0.018831590334650296,0.140623510467295,0.25466122164820515,0.1460053031293823,0.0259856888511365,post,0.03495777001568032,-0.44117402951106044,0.2885183678314718,-0.3713326456520445,-0.001133198873438515,0.0007414466130839334,0.0016743514440760896
2025-07-21,89.9093,0.7892000000000081,0.002146604304264964,0.031048996911605453,0.02998611966531473,4,-0.01800634300426888,0.0,0.0,0.0,0.0,0.016684986030385332,0.021640363580493212,0.1641999999999939,-0.30110452514799163,0.9535911413889091,-0.0791766162222722,104,-0.2309957430037122,0.8683766162222804,0.002146604304264964,0.015369737337179631,0.0866156812103144,0.22785507807235109,0.5961178797728439,1.1712563828981644,post,0.028666379287202573,1.1452706940470279,-0.44117402951106044,1.043361371306179,0.0031840344348859875,0.005396802658162415,0.00025678720680730627
2025-07-28,90.0735,0.1641999999999939,0.013223133032914667,0.023256903473114487,0.031332881128788355,4,0.0488313848734648,0.0,0.0,0.0,0.0,0.002146604304264964,0.02998611966531473,0.7892000000000081,-0.18437611019463812,0.9828557625559788,0.11636756394326092,104,-0.2340835436766085,0.047832436056732985,0.013223133032914667,0.07677702896590141,0.053522172494530604,0.2290084250407324,0.7294722901234272,0.866806756235448,post,0.023063246954479637,-0.30444962666271635,1.1452706940470279,-0.036360604131219165,-0.00011096195317459699,-0.0033835261521377117,0.004030679518819137
2025-08-04,91.3235,1.25,0.06355389593298674,-0.011321772719212309,0.03474228091231002,4,0.06298883560151676,0.0,0.0,0.0,0.0,0.013223133032914667,0.031332881128788355,0.1641999999999939,-0.06497757130830864,0.9978867246470782,0.34593656088050456,104,-0.23439998108816334,0.9040634391194955,0.06355389593298674,0.10856878709973003,0.07626369211518405,0.20776853529122363,0.39184732063998035,1.1388806874127226,post,0.019697210415538544,0.27207393117727463,-0.30444962666271635,0.20071094444523552,0.0006125112316282795,0.005254518480260581,0.0064704023070657896
2025-08-11,91.7181,0.39460000000001116,0.04501489116674329,0.03976475126471435,0.04868756806873174,4,0.08567440346958999,0.0,0.0,0.0,0.0,0.06355389593298674,0.03474228091231002,1.25,0.05536196892615541,0.9984663501573898,0.24859469687062885,104,-0.2275463498039793,0.1460053031293823,0.04501489116674329,0.007692047940148029,0.028347437206645926,0.08999222604043938,-0.8627263152890525,0.8685013516429763,post,0.015857324778448884,-0.2703793357697464,0.27207393117727463,-0.20846990585353845,-0.0006361893176513994,0.003071297122461735,0.004504908846776686
2025-08-18,92.4411,0.722999999999999,-0.03732284322659526,-0.020128780316284622,0.05948732192531056,4,0.020835360286728537,0.0,0.0,0.0,1.0,0.04501489116674329,0.04868756806873174,0.39460000000001116,0.17489976039799318,0.9845862449845237,0.126882120227155,104,-0.2184385696323613,0.5961178797728439,-0.03732284322659526,-0.06826974763811408,0.053349022397470906,-0.024430738729976184,-0.268750401917351,1.6180958964473717,post,0.01268585982275911,0.7495945448043955,-0.2703793357697464,0.6905332694407041,0.002107306029147971,0.008195642916488204,0.0018449293433048046
2025-08-25,93.4607,1.019599999999997,-0.03094690441151883,-0.03839593322254453,0.03450770286991982,4,0.06439354403952706,0.0,0.0,0.0,1.0,-0.03732284322659526,0.05948732192531056,0.722999999999999,0.2919046638746485,0.956447419991412,0.2901277098765698,104,-0.20852349403402198,0.7294722901234272,-0.03094690441151883,0.005017748242049279,0.12882285201099258,0.022940752308731657,-0.1745270893726224,1.9121215774558777,post,0.010824927993168856,0.294025681008506,0.7495945448043955,0.45033375459996083,0.0013742872040994833,0.0018078143363487577,0.007221362895317716
2025-09-01,94.0194,0.5587000000000018,0.03596465265356811,-0.00808999184750725,0.048569750924572094,4,0.042535631424422814,1.0,0.0,0.0,1.0,-0.03094690441151883,0.03450770286991982,1.019599999999997,0.404682221257842,0.9144573799788698,0.1668526793600214,104,-0.18062654464170466,0.39184732063998035,0.03596465265356811,0.05160229367801673,0.11768485635455046,0.031106958549771344,-0.6727788551087986,1.9042397557325046,post,0.008859545427212618,-0.00788182172337315,0.294025681008506,0.04522702107311737,0.00013801967031215804,0.004490008447164416,0.00894980815293994
2025-09-08,93.0661,-0.9532999999999987,0.015637641024448617,-0.0054397345243737405,0.013297299245818586,4,-0.032421677497219546,1.0,0.0,0.0,0.0,0.03596465265356811,0.048569750924572094,0.5587000000000018,0.5115991946256241,0.8592242222251494,-0.09057368471094622,104,-0.15071967733838934,-0.8627263152890525,0.015637641024448617,0.08565411738201688,0.0772543321374524,0.029006443369703146,-0.06396262848414502,1.3828263431105228,post,0.00725752435134571,-0.5214134126219818,-0.00788182172337315,-0.5226013582489674,-0.0015948268415379144,0.0045173471689038775,0.012549758596811358
2025-09-15,92.5073,-0.5588000000000051,0.07001647635756826,0.10320260063483655,0.04623178407953065,4,-0.10572209511265873,0.0,0.0,0.0,0.0,0.015637641024448617,0.013297299245818586,-0.9532999999999987,0.6111072186874492,0.7915478300570914,-0.29004959808265407,104,-0.17397158881593738,-0.268750401917351,0.07001647635756826,0.10816746274449468,0.1307051651410075,-0.0061560242185527865,-0.051603227232600246,1.687923514232594,post,0.005954522555780463,0.30509717112207113,-0.5214134126219818,0.21438605129828503,0.000654243667118339,0.00788287155886471,0.012688932531831424
2025-09-22,92.9019,0.39459999999999695,0.03815098638692642,0.03815642622410653,0.023930673922708538,4,0.06301469593358489,0.0,0.0,0.0,0.0,0.07001647635756826,0.04623178407953065,-0.5588000000000051,0.7017652241188315,0.7124082889870431,0.5691270893726194,104,-0.16166758029017322,-0.1745270893726224,0.03815098638692642,-0.003933913681034518,0.0505675312379705,-0.11136233499715018,0.159065089692171,1.2972467775433785,post,0.00589299715003143,-0.39067673668921543,0.30509717112207113,-0.3413524152805333,-0.0010417079590785145,0.0007568462507057211,0.01766602212660339
2025-09-29,92.1127,-0.7891999999999939,-0.04208490006796094,-0.05821964610941821,0.03886302628879611,4,-0.029764572682402884,0.0,0.0,0.0,0.0,0.03815098638692642,0.023930673922708538,0.39459999999999695,0.7822603070421305,0.6229516931723934,-0.11642114489119529,104,-0.1561794239545371,-0.6727788551087986,-0.04208490006796094,-0.04655077163149089,0.015716496123690398,-0.1452066278547186,-0.7792683006153577,1.0761615914373124,post,0.022047728403053024,-0.2210851861060661,-0.39067673668921543,-0.2821008537946261,-0.0008608894840225409,-0.0007156778279905975,0.013314875752218713
2025-10-06,91.9485,-0.16420000000000812,-0.004465871563529955,-0.0016793830461772075,0.010065898602369287,2,-0.055982989527934755,0.0,0.0,0.0,0.0,-0.04208490006796094,0.03886302628879611,-0.7891999999999939,0.8514267424229399,0.5244735477477017,-0.1002373715158631,104,-0.16828408411596835,-0.06396262848414502,-0.004465871563529955,0.06462260246447377,0.04978463947505724,-0.09270308603705946,0.6190519587496182,1.22936727336986,post,0.029538596341381604,0.15320568193254758,-0.2210851861060661,0.11600056387707983,0.0003539998700435177,-0.0010332078204412498,0.018047458727075315
2025-10-13,92.0465,0.09799999999999898,0.06908847402800372,0.04426601752233372,0.07230093573157459,2,0.008885513568670808,0.0,0.0,0.0,0.0,-0.004465871563529955,0.010065898602369287,-0.16420000000000812,0.9082628660311504,0.4184000073958898,0.14960322723259922,104,-0.1643612090042893,-0.051603227232600246,0.06908847402800372,0.058967316482534976,2.809772078966183e-05,-0.15962656674631265,0.13722550757367907,1.1215253899556927,post,0.030566061551615533,-0.10784188341416723,0.15320568193254758,-0.0826608123054071,-0.00025225667734523396,-0.0010216395183929895,0.01201606469823317
2025-10-20,92.284,0.23750000000001137,-0.010121157545468749,-0.05321800342867311,0.01605269947296366,4,0.007165539336528859,0.0,0.0,0.0,0.0,0.06908847402800372,0.07230093573157459,0.09799999999999898,0.9519455804831352,0.30626722286040814,0.07843491030784036,104,-0.16488057242849463,0.159065089692171,-0.010121157545468749,-0.006821206272822431,-0.13846844991088636,-0.23032563989247046,-0.10945458947377518,1.3954314136429815,post,0.03794804728130454,0.2739060236872888,-0.10784188341416723,0.2561249922181939,0.0007816187346831722,3.560776171834118e-05,0.017677374344239268
2025-10-27,91.147,-1.1370000000000005,0.0032999512726463176,0.03125252392701139,0.022199456125799166,5,-0.06384592295701823,0.0,0.0,0.0,0.0,-0.010121157545468749,0.01605269947296366,0.23750000000001137,0.9818422752894327,0.1896990945009226,-0.3577316993846428,104,-0.16541361528455525,-0.7792683006153577,0.0032999512726463176,-0.004716805443947777,-0.118298644553305,-0.2474295188676276,0.9678482993035614,0.7599726707890113,post,0.032961916060895165,-0.6354587428539702,0.2739060236872888,-0.5901509572276388,-0.0018009685055153444,-0.002457069331468993,0.004330543789921848
2025-11-03,92.1092,0.9621999999999957,-0.008016756716594095,-0.016381717112083027,0.016968479733991886,3,0.02270176971025702,0.0,0.0,0.0,0.0,0.0032999512726463176,0.022199456125799166,-1.1370000000000005,0.9975199882824662,0.07038375506427845,0.3431480412503776,104,-0.17492661082023153,0.6190519587496182,-0.008016756716594095,-0.06223917003439163,-0.14437929399643046,-0.20837373516801364,-1.7477817078190896,1.7054548636415205,post,0.048558209061525956,0.9454821928525092,-0.6354587428539702,0.8343235486489792,0.002546112000877459,0.004126741413466641,0.00306521416874687
2025-11-10,92.5029,0.3936999999999955,-0.054222413317797535,-0.04362064169106494,0.03567382964955792,5,0.07104616855917507,0.0,0.0,0.0,0.0,-0.008016756716594095,0.016968479733991886,0.9621999999999957,0.9987516757490745,-0.049950877754204,0.2564744924263164,104,-0.20555416890901018,0.13722550757367907,-0.054222413317797535,-0.12363048692146983,-0.10249839980633645,-0.1845575592727605,-1.0834786517741528,1.49118929266632,post,0.05205364762653773,-0.2142655709752006,0.9454821928525092,-0.019917764605134586,-6.0783205237230596e-05,-0.0020524892905650124,0.000879362222707405
2025-11-17,92.5029,0.0,-0.0694080736036723,-0.08544092945199733,0.04193139559985763,5,0.028934467719202644,0.0,0.0,0.0,0.0,-0.054222413317797535,0.03567382964955792,0.3936999999999955,0.9855195004641464,-0.1695621249126687,0.10945458947377518,104,-0.2012673833936432,-0.10945458947377518,-0.0694080736036723,-0.05935942579155967,-0.06780081305234624,-0.1073898714550294,0.8023086953137938,1.397542394922553,post,0.05267990654529138,-0.093646897743767,-0.2142655709752006,-0.13677156856529057,-0.00041738691502453564,0.002507482617091632,0.0036713575779451675
2025-11-24,93.6841,1.181200000000004,0.010048647812112618,-0.03530367628297748,0.0411230906563356,5,0.044610647231047316,0.0,1.0,0.0,1.0,-0.0694080736036723,0.04193139559985763,0.0,0.9580150900082631,-0.28671778339764625,0.21335170069644258,104,-0.18127971390199266,0.9678482993035614,0.010048647812112618,-0.012732050358366543,-0.033582573869703064,-0.04278417465974753,-0.3499517148097703,1.8950438203355446,post,0.05129613327232315,0.4975014254129917,-0.093646897743767,0.4805251425821925,0.0014664225098680716,0.0023766284023789214,-0.0009821020403044446
2025-12-01,91.6713,-2.0127999999999986,-0.02278069817047916,0.0,0.017101046725990308,5,-0.0782626502960891,0.0,1.0,0.0,1.0,0.010048647812112618,0.0411230906563356,1.181200000000004,0.9166367616283996,-0.39972121188573495,-0.26501829218090905,104,-0.19113098159209713,-1.7477817078190896,-0.02278069817047916,0.011083439303020776,-0.03932452815245771,-0.002651656533822197,-0.47807248917699396,0.8526483320113982,post,0.04588827822548019,-1.0423954883241464,0.4975014254129917,-0.9473075525414938,-0.0028909062101308606,-0.0003995446006332475,-0.0106979411507445
2025-12-08,90.3596,-1.3117000000000019,0.033864137473499936,0.021331428254950158,0.02223073463071413,5,-0.10591135472820594,0.0,0.0,0.0,1.0,-0.02278069817047916,0.017101046725990308,-2.0127999999999986,0.8619837538310917,-0.5069359014029879,-0.22822134822584908,104,-0.23255675481639376,-1.0834786517741528,0.033864137473499936,0.014339310909692593,-0.006125188232280329,0.008438676301117614,-0.17058336124615692,0.518702704448458,post,0.04345222749285126,-0.3339456275629402,-1.0423954883241464,-0.5763617395628537,-0.0017588878371273162,-0.0003666619307551159,-0.0034640360909530096
2025-12-15,90.8839,0.5242999999999967,-0.019524826563807343,-0.03127347531501412,0.02835654259419904,5,-0.06470897908152362,0.0,0.0,0.0,0.0,0.033864137473499936,0.02223073463071413,-1.3117000000000019,0.7948475482457874,-0.6068091751511843,-0.2780086953137971,104,-0.1569045252717569,0.8023086953137938,-0.019524826563807343,-0.054714660984836454,-0.11137867797856343,0.008568844585313547,0.1265788811520442,1.1015887344509565,post,0.03619845444588056,0.5828860300024985,-0.3339456275629402,0.5304884498431565,0.0016188959434978224,-0.0015197369474747727,8.512045971836346e-05
2025-12-22,89.7469,-1.1370000000000005,-0.03518983442102911,-0.03080434199731208,0.04347349699715623,5,-0.09602479439399662,0.0,0.0,0.0,0.0,-0.019524826563807343,0.02835654259419904,0.5242999999999967,0.7162004074346676,-0.6978946742814536,-0.7870482851902302,104,-0.19174860337563457,-0.3499517148097703,-0.03518983442102911,-0.030883140891671143,-0.09346445053291016,0.009777675051872683,0.3274702294474359,0.17968960481391605,post,0.029659048050709323,-0.9218991296370405,0.5828860300024985,-0.8101315474568931,-0.002472285072870747,-0.007971361912421055,-0.004350902517422798
2025-12-29,89.1343,-0.6126000000000005,0.0043066935293579675,0.0053791669943596965,0.010818512105192956,2,-0.0431789192939814,0.0,0.0,0.0,0.0,-0.03518983442102911,0.04347349699715623,-1.1370000000000005,0.627181294643663,-0.7788733039776744,-0.13452751082300654,104,-0.20594796999931864,-0.47807248917699396,0.0043066935293579675,0.014725335279056189,-0.08549965263250692,0.08594526101542405,0.24364929229123097,0.06150997623731769,post,0.024018566853417446,-0.11817962857659836,-0.9218991296370405,-0.30804288286948556,-0.0009400569864400005,-0.005435755047519868,0.003919552949655434
2026-01-05,89.9217,0.7874000000000052,0.010418641749698221,0.032999313582044554,0.007642768867424796,4,0.12733592516348277,0.0,0.0,1.0,0.0,0.0043066935293579675,0.010818512105192956,-0.6126000000000005,0.529079379404041,-0.848572336509643,0.9579833612461621,104,-0.17588137991390573,-0.17058336124615692,0.010418641749698221,-0.06097071052308494,-0.04745061118960462,0.12081513919994544,0.04305495060215382,0.4606769805723019,post,0.0192585681067876,0.3991670043349842,-0.11817962857659836,0.37838140818321925,0.0011547096397365789,-0.0034637172375081206,-0.0022897341245402625
2026-01-12,89.9659,0.04420000000000357,-0.07138935227278316,-0.060428351440950934,0.06082638095579523,5,0.019118646221841857,0.0,0.0,1.0,0.0,0.010418641749698221,0.007642768867424796,0.7874000000000052,0.42331536785541546,-0.9059823946067794,-0.08237888115204063,104,-0.17671996324067846,0.1265788811520442,-0.07138935227278316,-0.07299995139093723,-0.04206983376064376,0.1102656383073752,0.4174570758046603,0.47197863821392616,post,0.01544759915325475,0.011301657641624274,0.3991670043349842,0.08184243597459442,0.0002497592315995273,-0.0036290832990531203,-0.008704214248484542
2026-01-19,90.3154,0.34949999999999193,-0.001610599118154081,-0.007816867878874145,0.02425210675970086,5,0.016627301379876187,0.0,0.0,0.0,0.0,-0.07138935227278316,0.06082638095579523,0.04420000000000357,0.311420928163393,-0.9502720692001059,0.022029770552556005,104,-0.175630264351137,0.3274702294474359,-0.001610599118154081,-0.028835635638779944,0.05226479301207289,0.2810587469480593,-0.7234501885625073,0.8590882275939862,post,0.01256142074677097,0.38710958938006,0.011301657641624274,0.3890945024992645,0.0011874028773286188,-0.0029118948262852294,-0.0028697391769501967
2026-01-26,90.3154,0.0,-0.027225036520625863,-0.022676686601593055,0.035684747689857126,5,-0.014882084735326892,0.0,0.0,0.0,0.0,-0.001610599118154081,0.02425210675970086,0.34949999999999193,0.19501650899170694,-0.9807999598392566,-0.24364929229123097,104,-0.1727960705996725,0.24364929229123097,-0.027225036520625863,0.015130698451634408,0.049073015321836555,0.3642495943012506,-0.09085386352352455,0.84095322269755,post,0.010804226216586409,-0.018135004896436158,0.38710958938006,0.048756011039890926,0.00014878911787231385,-0.0003503956573257662,-0.01190876972355217
2026-02-02,90.3596,0.04420000000000357,0.04235573497226027,0.03603990164082971,0.04285463757366015,5,0.011448482254841222,0.0,0.0,0.0,0.0,-0.027225036520625863,0.035684747689857126,0.0,0.07578787226040815,-0.9971239634159035,0.0011450493978497484,104,-0.16882755349750062,0.04305495060215382,0.04235573497226027,0.05815515415091933,0.12647921778050036,0.35935675137172207,0.44108146428576733,1.1116763319749055,post,0.009496696586225756,0.27072310927735543,-0.018135004896436158,0.2676614207680249,0.0008168245480939933,0.004182940939222014,-0.007897253216319058
2026-02-09,90.5344,0.17480000000000473,0.015799419178659062,0.016456720523165824,0.05073721676276741,5,-0.023070847428577013,0.0,0.0,0.0,0.0,0.04235573497226027,0.04285463757366015,0.04420000000000357,-0.04453831995862828,-0.9990076766748406,-0.2426570758046556,104,-0.1717558356943563,0.4174570758046603,0.015799419178659062,0.03874469367859256,0.0724331174727008,0.38294706213782254,0.4706672834982263,1.4895288591923475,post,0.007604385030499772,0.377852527217442,0.27072310927735543,0.4243508010931487,0.0012949948122581393,0.0024440831678900566,-0.01293079082719484
2026-02-16,89.9659,-0.5685000000000002,0.0229452744999335,0.0065076608168808114,0.060942636296172484,5,0.035702041213222735,0.0,0.0,0.0,1.0,0.015799419178659062,0.05073721676276741,0.17480000000000473,-0.16421951085981212,-0.9864238197919615,0.15495018856250706,104,-0.16777936706209645,-0.7234501885625073,0.0229452744999335,0.01814289769154308,0.09062800405173757,0.30403790373262773,-0.056653618275556594,0.5755844248132576,post,0.006584824694840316,-0.9139444343790899,0.377852527217442,-0.8505485765197339,-0.0025956260512038512,-0.00010463259808495299,-0.011819631499854882
2026-02-23,89.9659,0.0,-0.004802376808390418,0.016138017506373448,0.004802376808390418,1,0.003966785167978252,0.0,0.0,1.0,1.0,0.0229452744999335,0.060942636296172484,-0.5685000000000002,-0.28152248450852496,-0.9595546314390585,0.09085386352352455,104,-0.17621667401052515,-0.09085386352352455,-0.004802376808390418,0.04537878912964753,0.04936673345455586,0.5018475905528228,2.5056779566035177,0.5456069676624367,post,0.006015757301274133,-0.029977457150820896,-0.9139444343790899,-0.19102970560753477,-0.0005829669158434191,0.002495010747714342,-0.0064664601143662485
2026-03-02,91.1187,1.1527999999999992,0.05018116593803795,0.01061585135854104,0.039312236438690466,5,0.11604576862493965,0.0,0.0,1.0,1.0,-0.004802376808390418,0.004802376808390418,0.0,-0.3947484661718655,-0.918789229614148,0.7117185357142318,104,-0.1763735977813643,0.44108146428576733,0.05018116593803795,0.03849080060249865,0.09514686180546855,0.7925722862032905,1.9270140420420778,-1.5540416583027934,post,0.004967569397016764,-2.09964862596523,-0.029977457150820896,-2.104935857935257,-0.006423649982845062,-0.008054462978134832,-0.012579355982922258
2026-03-09,91.7064,0.5876999999999981,-0.011690365335539304,-0.03765914385743274,0.021993824637286427,5,0.05586111017917439,0.0,0.0,0.0,0.0,0.05018116593803795,0.039312236438690466,1.1527999999999992,-0.5022577238739664,-0.8647179764576093,0.11703271650177181,104,-0.17287348218333637,0.4706672834982263,-0.011690365335539304,0.022303940422156547,0.08414226758130997,0.7244605234575298,0.11046075914003611,-0.8171898821045716,post,0.004321920173162078,0.7368517761982218,-2.09964862596523,0.37387820686615497,0.0011409671834265408,-0.0021418962687012886,-0.0009791605886752504
2026-03-16,90.7269,-0.9795000000000016,0.03399430575769585,0.04502368992366712,0.03330793015841319,5,-0.11836665998180147,0.0,0.0,0.0,0.0,-0.011690365335539304,0.021993824637286427,0.5876999999999981,-0.602493314897544,-0.7981239286625661,-0.922846381724445,104,-0.1550389820853536,-0.056653618275556594,0.03399430575769585,0.015678309660447646,0.09570177377397725,0.6065685177034827,0.7578655020187328,-0.0035920056493807806,post,0.0035282224783837286,0.8135978764551908,0.7368517761982218,0.9278386257847479,0.002831492727028503,-0.012666568975882331,0.004643800429306894
2026-03-23,95.0368,4.309899999999999,-0.018315996097248207,-0.07394675559431851,0.015749784992105192,5,0.24636063843523082,0.0,0.0,0.0,0.0,0.03399430575769585,0.03330793015841319,-0.9795000000000016,-0.6940036333363617,-0.7199714972941142,1.8042220433964813,104,-0.15511086686857356,2.5056779566035177,-0.018315996097248207,0.022661755445274042,0.16111122438418235,0.5663902008591023,-1.3623467231020026,1.6105052230079622,post,0.005115940616236394,1.614097228657343,0.8135978764551908,1.7402951005567382,0.005310872799612158,-0.0054324022181099435,-0.006738526829117283
2026-03-30,97.1918,2.155000000000001,0.04097775154252225,0.059162922826829334,0.025512042472640536,4,0.13939455328681472,0.0,0.0,0.0,0.0,-0.018315996097248207,0.015749784992105192,4.309899999999999,-0.7754634321661723,-0.6313924812452713,0.2279859579579233,104,-0.23215874444072526,1.9270140420420778,0.04097775154252225,0.08015432325640162,0.26100746871646774,0.6185213309947492,0.5954127138641442,2.4681011019236223,post,0.006006822751727259,0.8575958789156601,1.614097228657343,1.232322664926003,0.0037606891609402097,-0.00042364659333145836,0.0011976693964711198
2026-04-06,97.5836,0.3918000000000035,0.03917657171387937,0.048635383679014765,0.036035769764422014,3,0.03760605994282399,0.0,0.0,0.0,0.0,0.04097775154252225,0.025512042472640536,2.155000000000001,-0.8456930153938167,-0.5336696765922847,0.28133924085996737,104,-0.06627317779825764,0.11046075914003611,0.03917657171387937,0.03904571257100736,0.18791183772379114,0.5979972589633423,2.329143213629587,2.525044904711905,post,0.005825783974651255,0.05694380278828248,0.8575958789156601,0.11377940695071306,0.00034722154727507594,0.014507065461318915,-0.01011254547542407
2026-04-13,98.5631,0.9795000000000016,-0.00013085914287201336,-0.0009886534772780564,0.027470523460007588,2,0.01621493831502589,0.0,0.0,0.0,0.0,0.03917657171387937,0.036035769764422014,0.3918000000000035,-0.903675322344888,-0.428218299217657,0.22163449798126872,104,-0.06386906156236166,0.7578655020187328,-0.00013085914287201336,0.09927289722502895,0.2146813117482725,,-0.938498266971777,3.6394043180825264,post,0.004673870352213017,1.1143594133706216,0.05694380278828248,1.1179963606165013,0.003411798642519929,0.021810425795781116,-0.00852048881701786
2026-04-20,96.604,-1.9591000000000065,0.09940375636790097,0.1152420661724558,0.0520371297474473,4,-0.07349650836305088,0.0,0.0,0.0,0.0,-0.00013085914287201336,0.027470523460007588,0.9795000000000016,-0.9485706566763189,-0.3165654897373641,-0.596753276898004,104,-0.059127005377894476,-1.3623467231020026,0.09940375636790097,0.18098400460293818,0.15170243166460876,,-3.7952243973052395,2.6963799718262464,post,0.003837172437260648,-0.94302434625628,1.1143594133706216,-0.8771356112290078,-0.002676761922594086,0.01279597124775554,-0.0019046117282242982
2026-04-27,96.604,0.0,0.08158024823503719,0.06810040930099026,0.07756293621007866,4,-0.09186293903829186,0.0,0.0,0.0,0.0,0.09940375636790097,0.0520371297474473,-1.9591000000000065,-0.9797288468092087,-0.200328197540681,-0.5954127138641442,104,-0.08428521931729493,0.5954127138641442,0.08158024823503719,0.04946236878488279,0.27305363661683635,,-0.8884624633221104,3.145501418815485,post,0.0037370547289916896,0.4491214469892384,-0.94302434625628,0.36963843314347916,0.0011280286312619879,0.014502785717448312,0.01055496325887644
2026-05-04,100.3262,3.722200000000001,-0.0321178794501544,-0.03697896767070441,0.020437390532785524,3,0.13732739861438448,0.0,0.0,0.0,0.0,0.08158024823503719,0.07756293621007866,0.0,-0.996698661675202,-0.08118976422469222,1.393056786370414,104,-0.10506570536222616,2.329143213629587,-0.0321178794501544,0.03382816628820637,0.47739570722387636,,0.030920303549106132,5.438923656951417,post,0.0040157642359722944,2.293422238135932,0.4491214469892384,2.34060949975716,0.007142857164165675,0.010369712767729768,0.01893356875812527
2026-05-11,99.3467,-0.9795000000000016,0.06594604573836077,0.07533555579203055,0.03968357115494387,4,0.022968054290177602,0.0,0.0,0.0,0.0,-0.0321178794501544,0.020437390532785524,3.722200000000001,-0.9992343454181633,0.039124454459260834,-0.041001733028224574,104,-0.12448157333728471,-0.938498266971777,0.06594604573836077,0.002836306511824982,0.4915829898663081,,-0.5823984802639846,4.516962883978863,post,0.0032277409448324616,-0.9219607729725539,2.293422238135932,-0.6364719644426762,-0.0019423267022891453,0.0030881741418314857,0.01736377793682082
2026-05-18,94.8409,-4.505799999999994,-0.06310973922653579,-0.07669260326676008,0.04990867275971985,4,-0.10356128108346237,0.0,0.0,0.0,0.0,0.06594604573836077,0.03968357115494387,-0.9795000000000016,-0.9872991764159614,0.15887207510561555,-0.7105756026947541,104,-0.17020756434946852,-3.7952243973052395,-0.06310973922653579,0.1576452220935928,0.2960545730383609,,-0.08310618244052725,2.03870515198966,post,0.003369737251427781,-2.4782577319892027,-0.9219607729725539,-2.6351824295826143,-0.00804180778467342,0.004481186717409893,0.025966607108218964
2026-05-25,93.2736,-1.567300000000003,0.2207549613201286,0.22076541984820386,0.17687754244721662,4,-0.10911938291114094,0.0,0.0,0.0,1.0,-0.06310973922653579,0.04990867275971985,-4.505799999999994,-0.9610659990808311,0.2763189197481127,-0.6788375366778926,104,-0.11210439962858962,-0.8884624633221104,0.2207549613201286,0.5066772801622058,0.35298030117821216,,-0.2748331362342764,1.3916739407423933,post,0.002747011800846046,-0.6470312112472669,-2.4782577319892027,-0.9248548064168267,-0.002822386981046124,0.010558241457409238,0.026399028887858975
2026-06-01,94.2532,0.9796000000000049,0.2859223188420772,0.2771818084579585,0.20106682409090118,3,0.07726409797412759,0.0,0.0,0.0,1.0,0.2207549613201286,0.17687754244721662,-1.567300000000003,-0.9209147207368117,0.3897641301226167,0.9486796964508988,104,-0.06887764034011959,0.030920303549106132,0.2859223188420772,0.2679917220343545,0.16604047389648213,,0.5166111070903527,1.8258720330809695,post,0.0022708482948310326,0.4341980923385762,-0.6470312112472669,0.38963210928145503,0.001189043496345192,-0.0007324019484268942,0.026994815252548873
2026-06-08,92.2941,-1.9591000000000065,-0.01793059680772271,-0.01436579446506192,0.040978260541600975,4,-0.11416599401136147,0.0,0.0,0.0,1.0,0.2859223188420772,0.20106682409090118,0.9796000000000049,-0.8674268098243264,0.4975647993960102,-1.376701519736022,104,-0.0691522512134442,-0.5823984802639846,-0.01793059680772271,-0.1475129678973091,-0.09942816543447974,,0.0630564394370313,1.0334494989066911,post,0.0034339832101675906,-0.7924225341742783,0.4341980923385762,-0.7623967586164828,-0.0023266124271414893,-0.016355626375011673,0.06503394975144136
2026-06-15,91.3146,-0.9795000000000016,-0.1295823710895864,-0.09474028106261478,0.11349137290067922,4,-0.08933266238574962,0.0,0.0,0.0,0.0,-0.01793059680772271,0.040978260541600975,-1.9591000000000065,-0.8013768751085831,0.5981597646458698,-0.8963938175594743,104,-0.08055155464065275,-0.08310618244052725,-0.1295823710895864,-0.135766382176271,,,,0.6350247418226758,post,0.0,-0.39842475708401537,-0.7924225341742783,-0.46225562414403926,-0.0014106692709466033,-0.01122170900592048,0.056881517310528186
2026-06-22,91.9023,0.5876999999999981,-0.006184011086684586,-0.026557551669247115,0.06814269387621555,3,0.07111812107260966,0.0,0.0,0.0,0.0,-0.1295823710895864,0.11349137290067922,-0.9795000000000016,-0.7237214478412181,0.690092215529643,0.8625331362342745,104,-0.07922291478701704,-0.2748331362342764,-0.006184011086684586,0.027631122951714035,,,,0.22531587128747788,post,0.0,-0.4097088705351979,-0.39842475708401537,-0.4412732411147028,-0.0013466371609522133,-0.0051267876057215465,0.024969576821843108
2026-06-29,89.3555,-2.5467999999999904,0.03381513403839862,0.005990659665367826,0.06372747271461218,4,-0.2592710388356984,0.0,0.0,0.0,0.0,-0.006184011086684586,0.06814269387621555,0.5876999999999981,-0.6355851293312247,0.7720307917259586,-3.063411107090343,104,-0.07561699975385262,0.5166111070903527,0.03381513403839862,0.05426881354951397,,,,-0.11300678589040558,post,0.0,-0.33832265717788346,-0.4097088705351979,-0.3693036127402948,-0.001127006857097676,-0.005279862997954011,-0.000498852285531952
2026-07-06,89.3555,0.0,0.020453679511115347,0.04535161125214415,0.09652833424093324,2,-0.016903927273071478,0.0,0.0,0.0,0.0,0.03381513403839862,0.06372747271461218,-2.5467999999999904,-0.5382443045352525,0.8427888636161268,-0.0630564394370313,104,-0.06858754219835796,0.0630564394370313,0.020453679511115347,,,,,0.670747843178404,post,0.0,0.7837546290688095,-0.33832265717788346,0.7605499095429609,0.002320976382710623,-0.007259600693758727,-0.010043202814878239
